x,y
770.0,990.0
769.0909090909117,989.0909090909081
768.1818181818235,988.181818181818
767.2727272727279,987.2727272727279
766.3636363636397,986.363636363636
765.4545454545514,985.4545454545441
764.5454545454486,984.5454545454559
763.6363636363603,983.636363636364
762.7272727272721,982.7272727272721
761.8181818181765,981.818181818182
760.9090909090883,980.9090909090919
760.0,980.0
760.0,979.0909090909081
760.0,978.181818181818
760.0,977.2727272727279
760.0,976.363636363636
760.0,975.4545454545441
760.0,974.5454545454559
760.0,973.636363636364
760.0,972.7272727272721
760.0,971.818181818182
760.0,970.9090909090919
760.0,970.0
759.0909090909117,969.0909090909081
758.1818181818235,968.181818181818
757.2727272727279,967.2727272727279
756.3636363636397,966.363636363636
755.4545454545514,965.4545454545441
754.5454545454486,964.5454545454559
753.6363636363603,963.636363636364
752.7272727272721,962.7272727272721
751.8181818181765,961.818181818182
750.9090909090883,960.9090909090919
750.0,960.0
749.0909090909117,959.0909090909081
748.1818181818235,958.181818181818
747.2727272727279,957.2727272727279
746.3636363636397,956.363636363636
745.4545454545514,955.4545454545441
744.5454545454486,954.5454545454559
743.6363636363603,953.636363636364
742.7272727272721,952.7272727272721
741.8181818181765,951.818181818182
740.9090909090883,950.9090909090919
740.0,950.0
740.0,949.0909090909081
740.0,948.181818181818
740.0,947.2727272727279
740.0,946.363636363636
740.0,945.4545454545441
740.0,944.5454545454559
740.0,943.636363636364
740.0,942.7272727272721
740.0,941.818181818182
740.0,940.9090909090919
740.0,940.0
740.0,939.0909090909081
740.0,938.181818181818
740.0,937.2727272727279
740.0,936.363636363636
740.0,935.4545454545441
740.0,934.5454545454559
740.0,933.636363636364
740.0,932.7272727272721
740.0,931.818181818182
740.0,930.9090909090919
740.0,930.0
740.0,929.0909090909081
740.0,928.181818181818
740.0,927.2727272727279
740.0,926.363636363636
740.0,925.4545454545441
740.0,924.5454545454559
740.0,923.636363636364
740.0,922.7272727272721
740.0,921.818181818182
740.0,920.9090909090919
740.0,920.0
740.0,919.0909090909081
740.0,918.181818181818
740.0,917.2727272727279
740.0,916.363636363636
740.0,915.4545454545441
740.0,914.5454545454559
740.0,913.636363636364
740.0,912.7272727272721
740.0,911.818181818182
740.0,910.9090909090919
740.0,910.0
740.0,909.0909090909081
740.0,908.181818181818
740.0,907.2727272727279
740.0,906.363636363636
740.0,905.4545454545441
740.0,904.5454545454559
740.0,903.636363636364
740.0,902.7272727272721
740.0,901.818181818182
740.0,900.9090909090919
740.0,900.0
740.0,899.0909090909081
740.0,898.181818181818
740.0,897.2727272727279
740.0,896.363636363636
740.0,895.4545454545441
740.0,894.5454545454559
740.0,893.636363636364
740.0,892.7272727272721
740.0,891.818181818182
740.0,890.9090909090919
740.0,890.0
740.0,889.0909090909081
740.0,888.181818181818
740.0,887.2727272727279
740.0,886.363636363636
740.0,885.4545454545441
740.0,884.5454545454559
740.0,883.636363636364
740.0,882.7272727272721
740.0,881.818181818182
740.0,880.9090909090919
740.0,880.0
740.9090909090883,879.0909090909081
741.8181818181765,878.181818181818
742.7272727272721,877.2727272727279
743.6363636363603,876.363636363636
744.5454545454486,875.4545454545441
745.4545454545514,874.5454545454559
746.3636363636397,873.636363636364
747.2727272727279,872.7272727272721
748.1818181818235,871.818181818182
749.0909090909117,870.9090909090919
750.0,870.0
750.9090909090883,869.0909090909081
751.8181818181765,868.181818181818
752.7272727272721,867.2727272727279
753.6363636363603,866.363636363636
754.5454545454486,865.4545454545441
755.4545454545514,864.5454545454559
756.3636363636397,863.636363636364
757.2727272727279,862.7272727272721
758.1818181818235,861.818181818182
759.0909090909117,860.9090909090919
760.0,860.0
760.9090909090883,859.0909090909081
761.8181818181765,858.181818181818
762.7272727272721,857.2727272727279
763.6363636363603,856.363636363636
764.5454545454486,855.4545454545441
765.4545454545514,854.5454545454559
766.3636363636397,853.636363636364
767.2727272727279,852.7272727272721
768.1818181818235,851.818181818182
769.0909090909117,850.9090909090919
770.0,850.0
770.9090909090883,849.0909090909081
771.8181818181765,848.181818181818
772.7272727272721,847.2727272727279
773.6363636363603,846.363636363636
774.5454545454486,845.4545454545441
775.4545454545514,844.5454545454559
776.3636363636397,843.636363636364
777.2727272727279,842.7272727272721
778.1818181818235,841.818181818182
779.0909090909117,840.9090909090919
780.0,840.0
780.9090909090883,839.0909090909081
781.8181818181765,838.181818181818
782.7272727272721,837.2727272727279
783.6363636363603,836.363636363636
784.5454545454486,835.4545454545441
785.4545454545514,834.5454545454559
786.3636363636397,833.636363636364
787.2727272727279,832.7272727272721
788.1818181818235,831.818181818182
789.0909090909117,830.9090909090919
790.0,830.0
790.9090909090883,829.0909090909081
791.8181818181765,828.181818181818
792.7272727272721,827.2727272727279
793.6363636363603,826.363636363636
794.5454545454486,825.4545454545441
795.4545454545514,824.5454545454559
796.3636363636397,823.636363636364
797.2727272727279,822.7272727272721
798.1818181818235,821.818181818182
799.0909090909117,820.9090909090919
800.0,820.0
800.9090909090883,819.0909090909081
801.8181818181765,818.181818181818
802.7272727272721,817.2727272727279
803.6363636363603,816.363636363636
804.5454545454486,815.4545454545441
805.4545454545514,814.5454545454559
806.3636363636397,813.636363636364
807.2727272727279,812.7272727272721
808.1818181818235,811.818181818182
809.0909090909117,810.9090909090919
810.0,810.0
810.9090909090883,809.0909090909081
811.8181818181765,808.181818181818
812.7272727272721,807.2727272727279
813.6363636363603,806.363636363636
814.5454545454486,805.4545454545441
815.4545454545514,804.5454545454559
816.3636363636397,803.636363636364
817.2727272727279,802.7272727272721
818.1818181818235,801.818181818182
819.0909090909117,800.9090909090919
820.0,800.0
820.9090909090883,800.0
821.8181818181765,800.0
822.7272727272721,800.0
823.6363636363603,800.0
824.5454545454486,800.0
825.4545454545514,800.0
826.3636363636397,800.0
827.2727272727279,800.0
828.1818181818235,800.0
829.0909090909117,800.0
830.0,800.0
830.9090909090883,800.0
831.8181818181765,800.0
832.7272727272721,800.0
833.6363636363603,800.0
834.5454545454486,800.0
835.4545454545514,800.0
836.3636363636397,800.0
837.2727272727279,800.0
838.1818181818235,800.0
839.0909090909117,800.0
840.0,800.0
840.9090909090883,800.0
841.8181818181765,800.0
842.7272727272721,800.0
843.6363636363603,800.0
844.5454545454486,800.0
845.4545454545514,800.0
846.3636363636397,800.0
847.2727272727279,800.0
848.1818181818235,800.0
849.0909090909117,800.0
850.0,800.0
850.9090909090883,800.0
851.8181818181765,800.0
852.7272727272721,800.0
853.6363636363603,800.0
854.5454545454486,800.0
855.4545454545514,800.0
856.3636363636397,800.0
857.2727272727279,800.0
858.1818181818235,800.0
859.0909090909117,800.0
860.0,800.0
860.9090909090883,800.0
861.8181818181765,800.0
862.7272727272721,800.0
863.6363636363603,800.0
864.5454545454486,800.0
865.4545454545514,800.0
866.3636363636397,800.0
867.2727272727279,800.0
868.1818181818235,800.0
869.0909090909117,800.0
870.0,800.0
870.9090909090883,800.0
871.8181818181765,800.0
872.7272727272721,800.0
873.6363636363603,800.0
874.5454545454486,800.0
875.4545454545514,800.0
876.3636363636397,800.0
877.2727272727279,800.0
878.1818181818235,800.0
879.0909090909117,800.0
880.0,800.0
880.9090909090883,800.0
881.8181818181765,800.0
882.7272727272721,800.0
883.6363636363603,800.0
884.5454545454486,800.0
885.4545454545514,800.0
886.3636363636397,800.0
887.2727272727279,800.0
888.1818181818235,800.0
889.0909090909117,800.0
890.0,800.0
890.9090909090883,800.0
891.8181818181765,800.0
892.7272727272721,800.0
893.6363636363603,800.0
894.5454545454486,800.0
895.4545454545514,800.0
896.3636363636397,800.0
897.2727272727279,800.0
898.1818181818235,800.0
899.0909090909117,800.0
900.0,800.0
900.9090909090883,800.0
901.8181818181765,800.0
902.7272727272721,800.0
903.6363636363603,800.0
904.5454545454486,800.0
905.4545454545514,800.0
906.3636363636397,800.0
907.2727272727279,800.0
908.1818181818235,800.0
909.0909090909117,800.0
910.0,800.0
910.9090909090883,800.0
911.8181818181765,800.0
912.7272727272721,800.0
913.6363636363603,800.0
914.5454545454486,800.0
915.4545454545514,800.0
916.3636363636397,800.0
917.2727272727279,800.0
918.1818181818235,800.0
919.0909090909117,800.0
920.0,800.0
920.9090909090883,800.0
921.8181818181765,800.0
922.7272727272721,800.0
923.6363636363603,800.0
924.5454545454486,800.0
925.4545454545514,800.0
926.3636363636397,800.0
927.2727272727279,800.0
928.1818181818235,800.0
929.0909090909117,800.0
930.0,800.0
930.9090909090883,800.0
931.8181818181765,800.0
932.7272727272721,800.0
933.6363636363603,800.0
934.5454545454486,800.0
935.4545454545514,800.0
936.3636363636397,800.0
937.2727272727279,800.0
938.1818181818235,800.0
939.0909090909117,800.0
940.0,800.0
940.9090909090883,800.0
941.8181818181765,800.0
942.7272727272721,800.0
943.6363636363603,800.0
944.5454545454486,800.0
945.4545454545514,800.0
946.3636363636397,800.0
947.2727272727279,800.0
948.1818181818235,800.0
949.0909090909117,800.0
950.0,800.0
950.9090909090883,800.0
951.8181818181765,800.0
952.7272727272721,800.0
953.6363636363603,800.0
954.5454545454486,800.0
955.4545454545514,800.0
956.3636363636397,800.0
957.2727272727279,800.0
958.1818181818235,800.0
959.0909090909117,800.0
960.0,800.0
960.9090909090883,800.0
961.8181818181765,800.0
962.7272727272721,800.0
963.6363636363603,800.0
964.5454545454486,800.0
965.4545454545514,800.0
966.3636363636397,800.0
967.2727272727279,800.0
968.1818181818235,800.0
969.0909090909117,800.0
970.0,800.0
970.9090909090883,800.0
971.8181818181765,800.0
972.7272727272721,800.0
973.6363636363603,800.0
974.5454545454486,800.0
975.4545454545514,800.0
976.3636363636397,800.0
977.2727272727279,800.0
978.1818181818235,800.0
979.0909090909117,800.0
980.0,800.0
980.9090909090883,800.0
981.8181818181765,800.0
982.7272727272721,800.0
983.6363636363603,800.0
984.5454545454486,800.0
985.4545454545514,800.0
986.3636363636397,800.0
987.2727272727279,800.0
988.1818181818235,800.0
989.0909090909117,800.0
990.0,800.0
990.9090909090883,800.0
991.8181818181765,800.0
992.7272727272721,800.0
993.6363636363603,800.0
994.5454545454486,800.0
995.4545454545514,800.0
996.3636363636397,800.0
997.2727272727279,800.0
998.1818181818235,800.0
999.0909090909117,800.0
1000.0,800.0
1000.9090909090883,800.0
1001.8181818181765,800.0
1002.7272727272721,800.0
1003.6363636363603,800.0
1004.5454545454486,800.0
1005.4545454545514,800.0
1006.3636363636397,800.0
1007.2727272727279,800.0
1008.1818181818235,800.0
1009.0909090909117,800.0
1010.0,800.0
1010.9090909090883,800.0
1011.8181818181765,800.0
1012.7272727272721,800.0
1013.6363636363603,800.0
1014.5454545454486,800.0
1015.4545454545514,800.0
1016.3636363636397,800.0
1017.2727272727279,800.0
1018.1818181818235,800.0
1019.0909090909117,800.0
1020.0,800.0
1020.9090909090883,800.0
1021.8181818181765,800.0
1022.7272727272721,800.0
1023.6363636363603,800.0
1024.5454545454486,800.0
1025.4545454545514,800.0
1026.3636363636397,800.0
1027.272727272728,800.0
1028.1818181818235,800.0
1029.0909090909117,800.0
1030.0,800.0
1030.9090909090883,800.0
1031.8181818181765,800.0
1032.727272727272,800.0
1033.6363636363603,800.0
1034.5454545454486,800.0
1035.4545454545514,800.0
1036.3636363636397,800.0
1037.272727272728,800.0
1038.1818181818235,800.0
1039.0909090909117,800.0
1040.0,800.0
1040.9090909090883,800.0
1041.8181818181765,800.0
1042.727272727272,800.0
1043.6363636363603,800.0
1044.5454545454486,800.0
1045.4545454545514,800.0
1046.3636363636397,800.0
1047.272727272728,800.0
1048.1818181818235,800.0
1049.0909090909117,800.0
1050.0,800.0
1050.9090909090883,800.0
1051.8181818181765,800.0
1052.727272727272,800.0
1053.6363636363603,800.0
1054.5454545454486,800.0
1055.4545454545514,800.0
1056.3636363636397,800.0
1057.272727272728,800.0
1058.1818181818235,800.0
1059.0909090909117,800.0
1060.0,800.0
1060.9090909090883,800.0
1061.8181818181765,800.0
1062.727272727272,800.0
1063.6363636363603,800.0
1064.5454545454486,800.0
1065.4545454545514,800.0
1066.3636363636397,800.0
1067.272727272728,800.0
1068.1818181818235,800.0
1069.0909090909117,800.0
1070.0,800.0
1070.9090909090883,800.0
1071.8181818181765,800.0
1072.727272727272,800.0
1073.6363636363603,800.0
1074.5454545454486,800.0
1075.4545454545514,800.0
1076.3636363636397,800.0
1077.272727272728,800.0
1078.1818181818235,800.0
1079.0909090909117,800.0
1080.0,800.0
1080.9090909090883,800.0
1081.8181818181765,800.0
1082.727272727272,800.0
1083.6363636363603,800.0
1084.5454545454486,800.0
1085.4545454545514,800.0
1086.3636363636397,800.0
1087.272727272728,800.0
1088.1818181818235,800.0
1089.0909090909117,800.0
1090.0,800.0
1090.9090909090883,800.0
1091.8181818181765,800.0
1092.727272727272,800.0
1093.6363636363603,800.0
1094.5454545454486,800.0
1095.4545454545514,800.0
1096.3636363636397,800.0
1097.272727272728,800.0
1098.1818181818235,800.0
1099.0909090909117,800.0
1100.0,800.0
1099.0909090909117,800.0
1098.1818181818235,800.0
1097.272727272728,800.0
1096.3636363636397,800.0
1095.4545454545514,800.0
1094.5454545454486,800.0
1093.6363636363603,800.0
1092.727272727272,800.0
1091.8181818181765,800.0
1090.9090909090883,800.0
1090.0,800.0
1089.0909090909117,799.0909090909081
1088.1818181818235,798.181818181818
1087.272727272728,797.2727272727279
1086.3636363636397,796.363636363636
1085.4545454545514,795.4545454545441
1084.5454545454486,794.5454545454559
1083.6363636363603,793.636363636364
1082.727272727272,792.7272727272721
1081.8181818181765,791.818181818182
1080.9090909090883,790.9090909090919
1080.0,790.0
1079.0909090909117,789.0909090909081
1078.1818181818235,788.181818181818
1077.272727272728,787.2727272727279
1076.3636363636397,786.363636363636
1075.4545454545514,785.4545454545441
1074.5454545454486,784.5454545454559
1073.6363636363603,783.636363636364
1072.727272727272,782.7272727272721
1071.8181818181765,781.818181818182
1070.9090909090883,780.9090909090919
1070.0,780.0
1070.0,779.0909090909081
1070.0,778.181818181818
1070.0,777.2727272727279
1070.0,776.363636363636
1070.0,775.4545454545441
1070.0,774.5454545454559
1070.0,773.636363636364
1070.0,772.7272727272721
1070.0,771.818181818182
1070.0,770.9090909090919
1070.0,770.0
1069.0909090909117,769.0909090909081
1068.1818181818235,768.181818181818
1067.272727272728,767.2727272727279
1066.3636363636397,766.363636363636
1065.4545454545514,765.4545454545441
1064.5454545454486,764.5454545454559
1063.6363636363603,763.636363636364
1062.727272727272,762.7272727272721
1061.8181818181765,761.818181818182
1060.9090909090883,760.9090909090919
1060.0,760.0
1059.0909090909117,759.0909090909081
1058.1818181818235,758.181818181818
1057.272727272728,757.2727272727279
1056.3636363636397,756.363636363636
1055.4545454545514,755.4545454545441
1054.5454545454486,754.5454545454559
1053.6363636363603,753.636363636364
1052.727272727272,752.7272727272721
1051.8181818181765,751.818181818182
1050.9090909090883,750.9090909090919
1050.0,750.0
1050.0,749.0909090909081
1050.0,748.181818181818
1050.0,747.2727272727279
1050.0,746.363636363636
1050.0,745.4545454545441
1050.0,744.5454545454559
1050.0,743.636363636364
1050.0,742.7272727272721
1050.0,741.8181818181811
1050.0,740.909090909091
1050.0,740.0
1050.0,739.090909090909
1050.0,738.1818181818189
1050.0,737.2727272727279
1050.0,736.363636363636
1050.0,735.454545454545
1050.0,734.545454545455
1050.0,733.636363636364
1050.0,732.7272727272721
1050.0,731.8181818181811
1050.0,730.909090909091
1050.0,730.0
1050.0,729.090909090909
1050.0,728.1818181818189
1050.0,727.2727272727279
1050.0,726.363636363636
1050.0,725.454545454545
1050.0,724.545454545455
1050.0,723.636363636364
1050.0,722.7272727272721
1050.0,721.8181818181811
1050.0,720.909090909091
1050.0,720.0
1050.0,719.090909090909
1050.0,718.1818181818189
1050.0,717.2727272727279
1050.0,716.363636363636
1050.0,715.454545454545
1050.0,714.545454545455
1050.0,713.636363636364
1050.0,712.7272727272721
1050.0,711.8181818181811
1050.0,710.909090909091
1050.0,710.0
1050.0,709.090909090909
1050.0,708.1818181818189
1050.0,707.2727272727279
1050.0,706.363636363636
1050.0,705.454545454545
1050.0,704.545454545455
1050.0,703.636363636364
1050.0,702.7272727272721
1050.0,701.8181818181811
1050.0,700.909090909091
1050.0,700.0
1050.0,699.090909090909
1050.0,698.1818181818189
1050.0,697.2727272727279
1050.0,696.363636363636
1050.0,695.454545454545
1050.0,694.545454545455
1050.0,693.636363636364
1050.0,692.7272727272721
1050.0,691.8181818181811
1050.0,690.909090909091
1050.0,690.0
1050.0,689.090909090909
1050.0,688.1818181818189
1050.0,687.2727272727279
1050.0,686.363636363636
1050.0,685.454545454545
1050.0,684.545454545455
1050.0,683.636363636364
1050.0,682.7272727272721
1050.0,681.8181818181811
1050.0,680.909090909091
1050.0,680.0
1050.0,679.090909090909
1050.0,678.1818181818189
1050.0,677.2727272727279
1050.0,676.363636363636
1050.0,675.454545454545
1050.0,674.545454545455
1050.0,673.636363636364
1050.0,672.7272727272721
1050.0,671.8181818181811
1050.0,670.909090909091
1050.0,670.0
1050.0,669.090909090909
1050.0,668.1818181818189
1050.0,667.2727272727279
1050.0,666.363636363636
1050.0,665.454545454545
1050.0,664.545454545455
1050.0,663.636363636364
1050.0,662.7272727272721
1050.0,661.8181818181811
1050.0,660.909090909091
1050.0,660.0
1050.0,659.090909090909
1050.0,658.1818181818189
1050.0,657.2727272727279
1050.0,656.363636363636
1050.0,655.454545454545
1050.0,654.545454545455
1050.0,653.636363636364
1050.0,652.7272727272721
1050.0,651.8181818181811
1050.0,650.909090909091
1050.0,650.0
1050.0,649.090909090909
1050.0,648.1818181818189
1050.0,647.2727272727279
1050.0,646.363636363636
1050.0,645.454545454545
1050.0,644.545454545455
1050.0,643.636363636364
1050.0,642.7272727272721
1050.0,641.8181818181811
1050.0,640.909090909091
1050.0,640.0
1049.0909090909117,639.090909090909
1048.1818181818235,638.1818181818189
1047.272727272728,637.2727272727279
1046.3636363636397,636.363636363636
1045.4545454545514,635.454545454545
1044.5454545454486,634.545454545455
1043.6363636363603,633.636363636364
1042.727272727272,632.7272727272721
1041.8181818181765,631.8181818181811
1040.9090909090883,630.909090909091
1040.0,630.0
1039.0909090909117,629.090909090909
1038.1818181818235,628.1818181818189
1037.272727272728,627.2727272727279
1036.3636363636397,626.363636363636
1035.4545454545514,625.454545454545
1034.5454545454486,624.545454545455
1033.6363636363603,623.636363636364
1032.727272727272,622.7272727272721
1031.8181818181765,621.8181818181811
1030.9090909090883,620.909090909091
1030.0,620.0
1029.0909090909117,619.090909090909
1028.1818181818235,618.1818181818189
1027.272727272728,617.2727272727279
1026.3636363636397,616.363636363636
1025.4545454545514,615.454545454545
1024.5454545454486,614.545454545455
1023.6363636363603,613.636363636364
1022.7272727272721,612.7272727272721
1021.8181818181765,611.8181818181811
1020.9090909090883,610.909090909091
1020.0,610.0
1019.0909090909117,609.090909090909
1018.1818181818235,608.1818181818189
1017.2727272727279,607.2727272727279
1016.3636363636397,606.363636363636
1015.4545454545514,605.454545454545
1014.5454545454486,604.545454545455
1013.6363636363603,603.636363636364
1012.7272727272721,602.7272727272721
1011.8181818181765,601.8181818181811
1010.9090909090883,600.909090909091
1010.0,600.0
1009.0909090909117,599.090909090909
1008.1818181818235,598.1818181818189
1007.2727272727279,597.2727272727279
1006.3636363636397,596.363636363636
1005.4545454545514,595.454545454545
1004.5454545454486,594.545454545455
1003.6363636363603,593.636363636364
1002.7272727272721,592.7272727272721
1001.8181818181765,591.8181818181811
1000.9090909090883,590.909090909091
1000.0,590.0
999.0909090909117,589.090909090909
998.1818181818235,588.1818181818189
997.2727272727279,587.2727272727279
996.3636363636397,586.363636363636
995.4545454545514,585.454545454545
994.5454545454486,584.545454545455
993.6363636363603,583.636363636364
992.7272727272721,582.7272727272721
991.8181818181765,581.8181818181811
990.9090909090883,580.909090909091
990.0,580.0
989.0909090909117,579.090909090909
988.1818181818235,578.1818181818189
987.2727272727279,577.2727272727279
986.3636363636397,576.363636363636
985.4545454545514,575.454545454545
984.5454545454486,574.545454545455
983.6363636363603,573.636363636364
982.7272727272721,572.7272727272721
981.8181818181765,571.8181818181811
980.9090909090883,570.909090909091
980.0,570.0
979.0909090909117,569.090909090909
978.1818181818235,568.1818181818189
977.2727272727279,567.2727272727279
976.3636363636397,566.363636363636
975.4545454545514,565.454545454545
974.5454545454486,564.545454545455
973.6363636363603,563.636363636364
972.7272727272721,562.7272727272721
971.8181818181765,561.8181818181811
970.9090909090883,560.909090909091
970.0,560.0
969.0909090909117,559.090909090909
968.1818181818235,558.1818181818189
967.2727272727279,557.2727272727279
966.3636363636397,556.363636363636
965.4545454545514,555.454545454545
964.5454545454486,554.545454545455
963.6363636363603,553.636363636364
962.7272727272721,552.7272727272721
961.8181818181765,551.8181818181811
960.9090909090883,550.909090909091
960.0,550.0
959.0909090909117,549.090909090909
958.1818181818235,548.1818181818189
957.2727272727279,547.2727272727279
956.3636363636397,546.363636363636
955.4545454545514,545.454545454545
954.5454545454486,544.545454545455
953.6363636363603,543.636363636364
952.7272727272721,542.7272727272721
951.8181818181765,541.8181818181811
950.9090909090883,540.909090909091
950.0,540.0
950.0,539.090909090909
950.0,538.1818181818189
950.0,537.2727272727279
950.0,536.363636363636
950.0,535.454545454545
950.0,534.545454545455
950.0,533.636363636364
950.0,532.7272727272721
950.0,531.8181818181811
950.0,530.909090909091
950.0,530.0
950.0,529.090909090909
950.0,528.1818181818189
950.0,527.2727272727279
950.0,526.363636363636
950.0,525.454545454545
950.0,524.545454545455
950.0,523.636363636364
950.0,522.7272727272721
950.0,521.8181818181811
950.0,520.909090909091
950.0,520.0
950.0,519.090909090909
950.0,518.1818181818189
950.0,517.2727272727279
950.0,516.363636363636
950.0,515.454545454545
950.0,514.545454545455
950.0,513.636363636364
950.0,512.7272727272721
950.0,511.8181818181811
950.0,510.909090909091
950.0,510.0
950.0,509.090909090909
950.0,508.1818181818189
950.0,507.27272727272793
950.0,506.36363636363603
950.0,505.45454545454504
950.0,504.54545454545496
950.0,503.63636363636397
950.0,502.72727272727207
950.0,501.8181818181811
950.0,500.909090909091
950.0,500.0
950.0,499.090909090909
950.0,498.1818181818189
950.0,497.27272727272793
950.0,496.36363636363603
950.0,495.45454545454504
950.0,494.54545454545496
950.0,493.63636363636397
950.0,492.72727272727207
950.0,491.8181818181811
950.0,490.909090909091
950.0,490.0
950.0,489.090909090909
950.0,488.1818181818189
950.0,487.27272727272793
950.0,486.36363636363603
950.0,485.45454545454504
950.0,484.54545454545496
950.0,483.63636363636397
950.0,482.72727272727207
950.0,481.8181818181811
950.0,480.909090909091
950.0,480.0
950.0,479.090909090909
950.0,478.1818181818189
950.0,477.27272727272793
950.0,476.36363636363603
950.0,475.45454545454504
950.0,474.54545454545496
950.0,473.63636363636397
950.0,472.72727272727207
950.0,471.8181818181811
950.0,470.909090909091
950.0,470.0
950.0,469.090909090909
950.0,468.1818181818189
950.0,467.27272727272793
950.0,466.36363636363603
950.0,465.45454545454504
950.0,464.54545454545496
950.0,463.63636363636397
950.0,462.72727272727207
950.0,461.8181818181811
950.0,460.909090909091
950.0,460.0
950.0,459.090909090909
950.0,458.1818181818189
950.0,457.27272727272793
950.0,456.36363636363603
950.0,455.45454545454504
950.0,454.54545454545496
950.0,453.63636363636397
950.0,452.72727272727207
950.0,451.8181818181811
950.0,450.909090909091
950.0,450.0
950.0,449.090909090909
950.0,448.1818181818189
950.0,447.27272727272793
950.0,446.36363636363603
950.0,445.45454545454504
950.0,444.54545454545496
950.0,443.63636363636397
950.0,442.72727272727207
950.0,441.8181818181811
950.0,440.909090909091
950.0,440.0
950.0,439.090909090909
950.0,438.1818181818189
950.0,437.27272727272793
950.0,436.36363636363603
950.0,435.45454545454504
950.0,434.54545454545496
950.0,433.63636363636397
950.0,432.72727272727207
950.0,431.8181818181811
950.0,430.909090909091
950.0,430.0
950.0,429.090909090909
950.0,428.1818181818189
950.0,427.27272727272793
950.0,426.36363636363603
950.0,425.45454545454504
950.0,424.54545454545496
950.0,423.63636363636397
950.0,422.72727272727207
950.0,421.8181818181811
950.0,420.909090909091
950.0,420.0
950.0,419.090909090909
950.0,418.1818181818189
950.0,417.27272727272793
950.0,416.36363636363603
950.0,415.45454545454504
950.0,414.54545454545496
950.0,413.63636363636397
950.0,412.72727272727207
950.0,411.8181818181811
950.0,410.909090909091
950.0,410.0
950.0,409.090909090909
950.0,408.1818181818189
950.0,407.27272727272793
950.0,406.36363636363603
950.0,405.45454545454504
950.0,404.54545454545496
950.0,403.63636363636397
950.0,402.72727272727207
950.0,401.8181818181811
950.0,400.909090909091
950.0,400.0
950.0,399.090909090909
950.0,398.1818181818189
950.0,397.27272727272793
950.0,396.36363636363603
950.0,395.45454545454504
950.0,394.54545454545496
950.0,393.63636363636397
950.0,392.72727272727207
950.0,391.8181818181811
950.0,390.909090909091
950.0,390.0
949.0909090909117,389.090909090909
948.1818181818235,388.1818181818189
947.2727272727279,387.27272727272793
946.3636363636397,386.36363636363603
945.4545454545514,385.45454545454504
944.5454545454486,384.54545454545496
943.6363636363603,383.63636363636397
942.7272727272721,382.72727272727207
941.8181818181765,381.8181818181811
940.9090909090883,380.909090909091
940.0,380.0
939.0909090909117,379.090909090909
938.1818181818235,378.1818181818189
937.2727272727279,377.27272727272793
936.3636363636397,376.36363636363603
935.4545454545514,375.45454545454504
934.5454545454486,374.54545454545496
933.6363636363603,373.63636363636397
932.7272727272721,372.72727272727207
931.8181818181765,371.8181818181811
930.9090909090883,370.909090909091
930.0,370.0
929.0909090909117,369.090909090909
928.1818181818235,368.1818181818189
927.2727272727279,367.27272727272793
926.3636363636397,366.36363636363603
925.4545454545514,365.45454545454504
924.5454545454486,364.54545454545496
923.6363636363603,363.63636363636397
922.7272727272721,362.72727272727207
921.8181818181765,361.8181818181811
920.9090909090883,360.909090909091
920.0,360.0
919.0909090909117,359.090909090909
918.1818181818235,358.1818181818189
917.2727272727279,357.27272727272793
916.3636363636397,356.36363636363603
915.4545454545514,355.45454545454504
914.5454545454486,354.54545454545496
913.6363636363603,353.63636363636397
912.7272727272721,352.72727272727207
911.8181818181765,351.8181818181811
910.9090909090883,350.909090909091
910.0,350.0
909.0909090909117,349.090909090909
908.1818181818235,348.1818181818189
907.2727272727279,347.27272727272793
906.3636363636397,346.36363636363603
905.4545454545514,345.45454545454504
904.5454545454486,344.54545454545496
903.6363636363603,343.63636363636397
902.7272727272721,342.72727272727207
901.8181818181765,341.8181818181811
900.9090909090883,340.909090909091
900.0,340.0
899.0909090909117,339.090909090909
898.1818181818235,338.1818181818189
897.2727272727279,337.27272727272793
896.3636363636397,336.36363636363603
895.4545454545514,335.45454545454504
894.5454545454486,334.54545454545496
893.6363636363603,333.63636363636397
892.7272727272721,332.72727272727207
891.8181818181765,331.8181818181811
890.9090909090883,330.909090909091
890.0,330.0
889.0909090909117,330.0
888.1818181818235,330.0
887.2727272727279,330.0
886.3636363636397,330.0
885.4545454545514,330.0
884.5454545454486,330.0
883.6363636363603,330.0
882.7272727272721,330.0
881.8181818181765,330.0
880.9090909090883,330.0
880.0,330.0
879.0909090909117,330.0
878.1818181818235,330.0
877.2727272727279,330.0
876.3636363636397,330.0
875.4545454545514,330.0
874.5454545454486,330.0
873.6363636363603,330.0
872.7272727272721,330.0
871.8181818181765,330.0
870.9090909090883,330.0
870.0,330.0
869.0909090909117,330.0
868.1818181818235,330.0
867.2727272727279,330.0
866.3636363636397,330.0
865.4545454545514,330.0
864.5454545454486,330.0
863.6363636363603,330.0
862.7272727272721,330.0
861.8181818181765,330.0
860.9090909090883,330.0
860.0,330.0
859.0909090909117,329.090909090909
858.1818181818235,328.1818181818189
857.2727272727279,327.27272727272793
856.3636363636397,326.36363636363603
855.4545454545514,325.45454545454504
854.5454545454486,324.54545454545496
853.6363636363603,323.63636363636397
852.7272727272721,322.72727272727207
851.8181818181765,321.8181818181811
850.9090909090883,320.909090909091
850.0,320.0
849.0909090909117,319.090909090909
848.1818181818235,318.1818181818189
847.2727272727279,317.27272727272793
846.3636363636397,316.36363636363603
845.4545454545514,315.45454545454504
844.5454545454486,314.54545454545496
843.6363636363603,313.63636363636397
842.7272727272721,312.72727272727207
841.8181818181765,311.8181818181811
840.9090909090883,310.909090909091
840.0,310.0
839.0909090909117,309.090909090909
838.1818181818235,308.1818181818189
837.2727272727279,307.27272727272793
836.3636363636397,306.36363636363603
835.4545454545514,305.45454545454504
834.5454545454486,304.54545454545496
833.6363636363603,303.63636363636397
832.7272727272721,302.72727272727207
831.8181818181765,301.8181818181811
830.9090909090883,300.909090909091
830.0,300.0
829.0909090909117,300.0
828.1818181818235,300.0
827.2727272727279,300.0
826.3636363636397,300.0
825.4545454545514,300.0
824.5454545454486,300.0
823.6363636363603,300.0
822.7272727272721,300.0
821.8181818181765,300.0
820.9090909090883,300.0
820.0,300.0
819.0909090909117,300.0
818.1818181818235,300.0
817.2727272727279,300.0
816.3636363636397,300.0
815.4545454545514,300.0
814.5454545454486,300.0
813.6363636363603,300.0
812.7272727272721,300.0
811.8181818181765,300.0
810.9090909090883,300.0
810.0,300.0
809.0909090909117,300.0
808.1818181818235,300.0
807.2727272727279,300.0
806.3636363636397,300.0
805.4545454545514,300.0
804.5454545454486,300.0
803.6363636363603,300.0
802.7272727272721,300.0
801.8181818181765,300.0
800.9090909090883,300.0
800.0,300.0
799.0909090909117,300.0
798.1818181818235,300.0
797.2727272727279,300.0
796.3636363636397,300.0
795.4545454545514,300.0
794.5454545454486,300.0
793.6363636363603,300.0
792.7272727272721,300.0
791.8181818181765,300.0
790.9090909090883,300.0
790.0,300.0
789.0909090909117,300.0
788.1818181818235,300.0
787.2727272727279,300.0
786.3636363636397,300.0
785.4545454545514,300.0
784.5454545454486,300.0
783.6363636363603,300.0
782.7272727272721,300.0
781.8181818181765,300.0
780.9090909090883,300.0
780.0,300.0
779.0909090909117,300.0
778.1818181818235,300.0
777.2727272727279,300.0
776.3636363636397,300.0
775.4545454545514,300.0
774.5454545454486,300.0
773.6363636363603,300.0
772.7272727272721,300.0
771.8181818181765,300.0
770.9090909090883,300.0
770.0,300.0
769.0909090909117,300.0
768.1818181818235,300.0
767.2727272727279,300.0
766.3636363636397,300.0
765.4545454545514,300.0
764.5454545454486,300.0
763.6363636363603,300.0
762.7272727272721,300.0
761.8181818181765,300.0
760.9090909090883,300.0
760.0,300.0
759.0909090909117,300.0
758.1818181818235,300.0
757.2727272727279,300.0
756.3636363636397,300.0
755.4545454545514,300.0
754.5454545454486,300.0
753.6363636363603,300.0
752.7272727272721,300.0
751.8181818181765,300.0
750.9090909090883,300.0
750.0,300.0
749.0909090909117,300.0
748.1818181818235,300.0
747.2727272727279,300.0
746.3636363636397,300.0
745.4545454545514,300.0
744.5454545454486,300.0
743.6363636363603,300.0
742.7272727272721,300.0
741.8181818181765,300.0
740.9090909090883,300.0
740.0,300.0
739.0909090909117,300.0
738.1818181818235,300.0
737.2727272727279,300.0
736.3636363636397,300.0
735.4545454545514,300.0
734.5454545454486,300.0
733.6363636363603,300.0
732.7272727272721,300.0
731.8181818181765,300.0
730.9090909090883,300.0
730.0,300.0
729.0909090909117,300.0
728.1818181818235,300.0
727.2727272727279,300.0
726.3636363636397,300.0
725.4545454545514,300.0
724.5454545454486,300.0
723.6363636363603,300.0
722.7272727272721,300.0
721.8181818181765,300.0
720.9090909090883,300.0
720.0,300.0
719.0909090909117,300.0
718.1818181818235,300.0
717.2727272727279,300.0
716.3636363636397,300.0
715.4545454545514,300.0
714.5454545454486,300.0
713.6363636363603,300.0
712.7272727272721,300.0
711.8181818181765,300.0
710.9090909090883,300.0
710.0,300.0
709.0909090909117,300.0
708.1818181818235,300.0
707.2727272727279,300.0
706.3636363636397,300.0
705.4545454545514,300.0
704.5454545454486,300.0
703.6363636363603,300.0
702.7272727272721,300.0
701.8181818181765,300.0
700.9090909090883,300.0
700.0,300.0
699.0909090909117,300.0
698.1818181818235,300.0
697.2727272727279,300.0
696.3636363636397,300.0
695.4545454545514,300.0
694.5454545454486,300.0
693.6363636363603,300.0
692.7272727272721,300.0
691.8181818181765,300.0
690.9090909090883,300.0
690.0,300.0
689.0909090909117,300.0
688.1818181818235,300.0
687.2727272727279,300.0
686.3636363636397,300.0
685.4545454545514,300.0
684.5454545454486,300.0
683.6363636363603,300.0
682.7272727272721,300.0
681.8181818181765,300.0
680.9090909090883,300.0
680.0,300.0
679.0909090909117,300.0
678.1818181818235,300.0
677.2727272727279,300.0
676.3636363636397,300.0
675.4545454545514,300.0
674.5454545454486,300.0
673.6363636363603,300.0
672.7272727272721,300.0
671.8181818181765,300.0
670.9090909090883,300.0
670.0,300.0
669.0909090909117,300.0
668.1818181818235,300.0
667.2727272727279,300.0
666.3636363636397,300.0
665.4545454545514,300.0
664.5454545454486,300.0
663.6363636363603,300.0
662.7272727272721,300.0
661.8181818181765,300.0
660.9090909090883,300.0
660.0,300.0
659.0909090909117,300.0
658.1818181818235,300.0
657.2727272727279,300.0
656.3636363636397,300.0
655.4545454545514,300.0
654.5454545454486,300.0
653.6363636363603,300.0
652.7272727272721,300.0
651.8181818181765,300.0
650.9090909090883,300.0
650.0,300.0
649.0909090909117,300.0
648.1818181818235,300.0
647.2727272727279,300.0
646.3636363636397,300.0
645.4545454545514,300.0
644.5454545454486,300.0
643.6363636363603,300.0
642.7272727272721,300.0
641.8181818181765,300.0
640.9090909090883,300.0
640.0,300.0
639.0909090909117,299.090909090909
638.1818181818235,298.1818181818189
637.2727272727279,297.27272727272793
636.3636363636397,296.36363636363603
635.4545454545514,295.45454545454504
634.5454545454486,294.54545454545496
633.6363636363603,293.63636363636397
632.7272727272721,292.72727272727207
631.8181818181765,291.8181818181811
630.9090909090883,290.909090909091
630.0,290.0
629.0909090909117,289.090909090909
628.1818181818235,288.1818181818189
627.2727272727279,287.27272727272793
626.3636363636397,286.36363636363603
625.4545454545514,285.45454545454504
624.5454545454486,284.54545454545496
623.6363636363603,283.63636363636397
622.7272727272721,282.72727272727207
621.8181818181765,281.8181818181811
620.9090909090883,280.909090909091
620.0,280.0
619.0909090909117,279.090909090909
618.1818181818235,278.1818181818189
617.2727272727279,277.27272727272793
616.3636363636397,276.36363636363603
615.4545454545514,275.45454545454504
614.5454545454486,274.54545454545496
613.6363636363603,273.63636363636397
612.7272727272721,272.72727272727207
611.8181818181765,271.8181818181811
610.9090909090883,270.909090909091
610.0,270.0
609.0909090909117,269.090909090909
608.1818181818235,268.1818181818189
607.2727272727279,267.27272727272793
606.3636363636397,266.36363636363603
605.4545454545514,265.45454545454504
604.5454545454486,264.54545454545496
603.6363636363603,263.63636363636397
602.7272727272721,262.72727272727207
601.8181818181765,261.8181818181811
600.9090909090883,260.909090909091
600.0,260.0
599.0909090909117,259.090909090909
598.1818181818235,258.1818181818189
597.2727272727279,257.27272727272793
596.3636363636397,256.36363636363603
595.4545454545514,255.45454545454504
594.5454545454486,254.54545454545496
593.6363636363603,253.63636363636397
592.7272727272721,252.72727272727207
591.8181818181765,251.81818181818107
590.9090909090883,250.909090909091
590.0,250.0
589.0909090909117,249.090909090909
588.1818181818235,248.18181818181893
587.2727272727279,247.27272727272793
586.3636363636397,246.36363636363603
585.4545454545514,245.45454545454504
584.5454545454486,244.54545454545496
583.6363636363603,243.63636363636397
582.7272727272721,242.72727272727207
581.8181818181765,241.81818181818107
580.9090909090883,240.909090909091
580.0,240.0
579.0909090909117,239.090909090909
578.1818181818235,238.18181818181893
577.2727272727279,237.27272727272793
576.3636363636397,236.36363636363603
575.4545454545514,235.45454545454504
574.5454545454486,234.54545454545496
573.6363636363603,233.63636363636397
572.7272727272721,232.72727272727207
571.8181818181765,231.81818181818107
570.9090909090883,230.909090909091
570.0,230.0
569.0909090909117,229.090909090909
568.1818181818235,228.18181818181893
567.2727272727279,227.27272727272793
566.3636363636397,226.36363636363603
565.4545454545514,225.45454545454504
564.5454545454486,224.54545454545496
563.6363636363603,223.63636363636397
562.7272727272721,222.72727272727207
561.8181818181765,221.81818181818107
560.9090909090883,220.909090909091
560.0,220.0
559.0909090909117,219.090909090909
558.1818181818235,218.18181818181893
557.2727272727279,217.27272727272793
556.3636363636397,216.36363636363603
555.4545454545514,215.45454545454504
554.5454545454486,214.54545454545496
553.6363636363603,213.63636363636397
552.7272727272721,212.72727272727207
551.8181818181765,211.81818181818107
550.9090909090883,210.909090909091
550.0,210.0
549.0909090909117,209.090909090909
548.1818181818235,208.18181818181893
547.2727272727279,207.27272727272793
546.3636363636397,206.36363636363603
545.4545454545514,205.45454545454504
544.5454545454486,204.54545454545496
543.6363636363603,203.63636363636397
542.7272727272721,202.72727272727207
541.8181818181765,201.81818181818107
540.9090909090883,200.909090909091
540.0,200.0
539.0909090909117,199.090909090909
538.1818181818235,198.18181818181893
537.2727272727279,197.27272727272793
536.3636363636397,196.36363636363603
535.4545454545514,195.45454545454504
534.5454545454486,194.54545454545496
533.6363636363603,193.63636363636397
532.7272727272721,192.72727272727207
531.8181818181765,191.81818181818107
530.9090909090883,190.909090909091
530.0,190.0
529.0909090909117,189.090909090909
528.1818181818235,188.18181818181893
527.2727272727279,187.27272727272793
526.3636363636397,186.36363636363603
525.4545454545514,185.45454545454504
524.5454545454486,184.54545454545496
523.6363636363603,183.63636363636397
522.7272727272721,182.72727272727207
521.8181818181765,181.81818181818107
520.9090909090883,180.909090909091
520.0,180.0
519.0909090909117,179.090909090909
518.1818181818235,178.18181818181893
517.2727272727279,177.27272727272793
516.3636363636397,176.36363636363603
515.4545454545514,175.45454545454504
514.5454545454486,174.54545454545496
513.6363636363603,173.63636363636397
512.7272727272721,172.72727272727207
511.8181818181765,171.81818181818107
510.90909090908826,170.909090909091
510.0,170.0
509.09090909091174,169.090909090909
508.1818181818235,168.18181818181893
507.27272727272793,167.27272727272793
506.36363636363967,166.36363636363603
505.4545454545514,165.45454545454504
504.5454545454486,164.54545454545496
503.63636363636033,163.63636363636397
502.72727272727207,162.72727272727207
501.8181818181765,161.81818181818107
500.90909090908826,160.909090909091
500.0,160.0
499.09090909091174,159.090909090909
498.1818181818235,158.18181818181893
497.27272727272793,157.27272727272793
496.36363636363967,156.36363636363603
495.4545454545514,155.45454545454504
494.5454545454486,154.54545454545496
493.63636363636033,153.63636363636397
492.72727272727207,152.72727272727207
491.8181818181765,151.81818181818107
490.90909090908826,150.909090909091
490.0,150.0
489.09090909091174,149.090909090909
488.1818181818235,148.18181818181893
487.27272727272793,147.27272727272793
486.36363636363967,146.36363636363603
485.4545454545514,145.45454545454504
484.5454545454486,144.54545454545496
483.63636363636033,143.63636363636397
482.72727272727207,142.72727272727207
481.8181818181765,141.81818181818107
480.90909090908826,140.909090909091
480.0,140.0
479.09090909091174,139.090909090909
478.1818181818235,138.18181818181893
477.27272727272793,137.27272727272793
476.36363636363967,136.36363636363603
475.4545454545514,135.45454545454504
474.5454545454486,134.54545454545496
473.63636363636033,133.63636363636397
472.72727272727207,132.72727272727207
471.8181818181765,131.81818181818107
470.90909090908826,130.909090909091
470.0,130.0
469.09090909091174,129.090909090909
468.1818181818235,128.18181818181893
467.27272727272793,127.27272727272793
466.36363636363967,126.36363636363603
465.4545454545514,125.45454545454504
464.5454545454486,124.54545454545496
463.63636363636033,123.63636363636397
462.72727272727207,122.72727272727207
461.8181818181765,121.81818181818107
460.90909090908826,120.90909090909099
460.0,120.0
459.09090909091174,120.0
458.1818181818235,120.0
457.27272727272793,120.0
456.36363636363967,120.0
455.4545454545514,120.0
454.5454545454486,120.0
453.63636363636033,120.0
452.72727272727207,120.0
451.8181818181765,120.0
450.90909090908826,120.0
450.0,120.0
449.09090909091174,120.0
448.1818181818235,120.0
447.27272727272793,120.0
446.36363636363967,120.0
445.4545454545514,120.0
444.5454545454486,120.0
443.63636363636033,120.0
442.72727272727207,120.0
441.8181818181765,120.0
440.90909090908826,120.0
440.0,120.0
439.09090909091174,120.0
438.1818181818235,120.0
437.27272727272793,120.0
436.36363636363967,120.0
435.4545454545514,120.0
434.5454545454486,120.0
433.63636363636033,120.0
432.72727272727207,120.0
431.8181818181765,120.0
430.90909090908826,120.0
430.0,120.0
429.09090909091174,120.0
428.1818181818235,120.0
427.27272727272793,120.0
426.36363636363967,120.0
425.4545454545514,120.0
424.5454545454486,120.0
423.63636363636033,120.0
422.72727272727207,120.0
421.8181818181765,120.0
420.90909090908826,120.0
420.0,120.0
419.09090909091174,120.0
418.1818181818235,120.0
417.27272727272793,120.0
416.36363636363967,120.0
415.4545454545514,120.0
414.5454545454486,120.0
413.63636363636033,120.0
412.72727272727207,120.0
411.8181818181765,120.0
410.90909090908826,120.0
410.0,120.0
409.09090909091174,120.0
408.1818181818235,120.0
407.27272727272793,120.0
406.36363636363967,120.0
405.4545454545514,120.0
404.5454545454486,120.0
403.63636363636033,120.0
402.72727272727207,120.0
401.8181818181765,120.0
400.90909090908826,120.0
400.0,120.0
399.09090909091174,119.09090909090901
398.1818181818235,118.18181818181893
397.27272727272793,117.27272727272793
396.36363636363967,116.36363636363603
395.4545454545514,115.45454545454504
394.5454545454486,114.54545454545496
393.63636363636033,113.63636363636397
392.72727272727207,112.72727272727207
391.8181818181765,111.81818181818107
390.90909090908826,110.90909090909099
390.0,110.0
389.09090909091174,109.09090909090901
388.1818181818235,108.18181818181893
387.27272727272793,107.27272727272793
386.36363636363967,106.36363636363603
385.4545454545514,105.45454545454504
384.5454545454486,104.54545454545496
383.63636363636033,103.63636363636397
382.72727272727207,102.72727272727207
381.8181818181765,101.81818181818107
380.90909090908826,100.90909090909099
380.0,100.0
379.09090909091174,100.0
378.1818181818235,100.0
377.27272727272793,100.0
376.36363636363967,100.0
375.4545454545514,100.0
374.5454545454486,100.0
373.63636363636033,100.0
372.72727272727207,100.0
371.8181818181765,100.0
370.90909090908826,100.0
370.0,100.0
369.09090909091174,100.0
368.1818181818235,100.0
367.27272727272793,100.0
366.36363636363967,100.0
365.4545454545514,100.0
364.5454545454486,100.0
363.63636363636033,100.0
362.72727272727207,100.0
361.8181818181765,100.0
360.90909090908826,100.0
360.0,100.0
359.09090909091174,100.0
358.1818181818235,100.0
357.27272727272793,100.0
356.36363636363967,100.0
355.4545454545514,100.0
354.5454545454486,100.0
353.63636363636033,100.0
352.72727272727207,100.0
351.8181818181765,100.0
350.90909090908826,100.0
350.0,100.0
349.09090909091174,100.0
348.1818181818235,100.0
347.27272727272793,100.0
346.36363636363967,100.0
345.4545454545514,100.0
344.5454545454486,100.0
343.63636363636033,100.0
342.72727272727207,100.0
341.8181818181765,100.0
340.90909090908826,100.0
340.0,100.0
339.09090909091174,100.0
338.1818181818235,100.0
337.27272727272793,100.0
336.36363636363967,100.0
335.4545454545514,100.0
334.5454545454486,100.0
333.63636363636033,100.0
332.72727272727207,100.0
331.8181818181765,100.0
330.90909090908826,100.0
330.0,100.0
329.09090909091174,100.0
328.1818181818235,100.0
327.27272727272793,100.0
326.36363636363967,100.0
325.4545454545514,100.0
324.5454545454486,100.0
323.63636363636033,100.0
322.72727272727207,100.0
321.8181818181765,100.0
320.90909090908826,100.0
320.0,100.0
320.0,100.90909090909099
320.0,101.81818181818107
320.0,102.72727272727207
320.0,103.63636363636397
320.0,104.54545454545496
320.0,105.45454545454504
320.0,106.36363636363603
320.0,107.27272727272793
320.0,108.18181818181893
320.0,109.09090909090901
320.0,110.0
320.0,110.90909090909099
320.0,111.81818181818107
320.0,112.72727272727207
320.0,113.63636363636397
320.0,114.54545454545496
320.0,115.45454545454504
320.0,116.36363636363603
320.0,117.27272727272793
320.0,118.18181818181893
320.0,119.09090909090901
320.0,120.0
320.0,120.90909090909099
320.0,121.81818181818107
320.0,122.72727272727207
320.0,123.63636363636397
320.0,124.54545454545496
320.0,125.45454545454504
320.0,126.36363636363603
320.0,127.27272727272793
320.0,128.18181818181893
320.0,129.090909090909
320.0,130.0
320.0,130.909090909091
320.0,131.81818181818107
320.0,132.72727272727207
320.0,133.63636363636397
320.0,134.54545454545496
320.0,135.45454545454504
320.0,136.36363636363603
320.0,137.27272727272793
320.0,138.18181818181893
320.0,139.090909090909
320.0,140.0
320.0,140.909090909091
320.0,141.81818181818107
320.0,142.72727272727207
320.0,143.63636363636397
320.0,144.54545454545496
320.0,145.45454545454504
320.0,146.36363636363603
320.0,147.27272727272793
320.0,148.18181818181893
320.0,149.090909090909
320.0,150.0
320.0,150.909090909091
320.0,151.81818181818107
320.0,152.72727272727207
320.0,153.63636363636397
320.0,154.54545454545496
320.0,155.45454545454504
320.0,156.36363636363603
320.0,157.27272727272793
320.0,158.18181818181893
320.0,159.090909090909
320.0,160.0
320.0,160.909090909091
320.0,161.81818181818107
320.0,162.72727272727207
320.0,163.63636363636397
320.0,164.54545454545496
320.0,165.45454545454504
320.0,166.36363636363603
320.0,167.27272727272793
320.0,168.18181818181893
320.0,169.090909090909
320.0,170.0
320.0,170.909090909091
320.0,171.81818181818107
320.0,172.72727272727207
320.0,173.63636363636397
320.0,174.54545454545496
320.0,175.45454545454504
320.0,176.36363636363603
320.0,177.27272727272793
320.0,178.18181818181893
320.0,179.090909090909
320.0,180.0
320.0,180.909090909091
320.0,181.81818181818107
320.0,182.72727272727207
320.0,183.63636363636397
320.0,184.54545454545496
320.0,185.45454545454504
320.0,186.36363636363603
320.0,187.27272727272793
320.0,188.18181818181893
320.0,189.090909090909
320.0,190.0
320.0,190.909090909091
320.0,191.81818181818107
320.0,192.72727272727207
320.0,193.63636363636397
320.0,194.54545454545496
320.0,195.45454545454504
320.0,196.36363636363603
320.0,197.27272727272793
320.0,198.18181818181893
320.0,199.090909090909
320.0,200.0
320.0,200.909090909091
320.0,201.81818181818107
320.0,202.72727272727207
320.0,203.63636363636397
320.0,204.54545454545496
320.0,205.45454545454504
320.0,206.36363636363603
320.0,207.27272727272793
320.0,208.18181818181893
320.0,209.090909090909
320.0,210.0
320.0,210.909090909091
320.0,211.81818181818107
320.0,212.72727272727207
320.0,213.63636363636397
320.0,214.54545454545496
320.0,215.45454545454504
320.0,216.36363636363603
320.0,217.27272727272793
320.0,218.18181818181893
320.0,219.090909090909
320.0,220.0
320.0,220.909090909091
320.0,221.81818181818107
320.0,222.72727272727207
320.0,223.63636363636397
320.0,224.54545454545496
320.0,225.45454545454504
320.0,226.36363636363603
320.0,227.27272727272793
320.0,228.18181818181893
320.0,229.090909090909
320.0,230.0
320.0,230.909090909091
320.0,231.81818181818107
320.0,232.72727272727207
320.0,233.63636363636397
320.0,234.54545454545496
320.0,235.45454545454504
320.0,236.36363636363603
320.0,237.27272727272793
320.0,238.18181818181893
320.0,239.090909090909
320.0,240.0
320.0,240.909090909091
320.0,241.81818181818107
320.0,242.72727272727207
320.0,243.63636363636397
320.0,244.54545454545496
320.0,245.45454545454504
320.0,246.36363636363603
320.0,247.27272727272793
320.0,248.18181818181893
320.0,249.090909090909
320.0,250.0
320.0,250.909090909091
320.0,251.81818181818107
320.0,252.72727272727207
320.0,253.63636363636397
320.0,254.54545454545496
320.0,255.45454545454504
320.0,256.36363636363603
320.0,257.27272727272793
320.0,258.1818181818189
320.0,259.090909090909
320.0,260.0
320.90909090908826,260.909090909091
321.8181818181765,261.8181818181811
322.72727272727207,262.72727272727207
323.63636363636033,263.63636363636397
324.5454545454486,264.54545454545496
325.4545454545514,265.45454545454504
326.36363636363967,266.36363636363603
327.27272727272793,267.27272727272793
328.1818181818235,268.1818181818189
329.09090909091174,269.090909090909
330.0,270.0
330.90909090908826,270.909090909091
331.8181818181765,271.8181818181811
332.72727272727207,272.72727272727207
333.63636363636033,273.63636363636397
334.5454545454486,274.54545454545496
335.4545454545514,275.45454545454504
336.36363636363967,276.36363636363603
337.27272727272793,277.27272727272793
338.1818181818235,278.1818181818189
339.09090909091174,279.090909090909
340.0,280.0
340.90909090908826,280.909090909091
341.8181818181765,281.8181818181811
342.72727272727207,282.72727272727207
343.63636363636033,283.63636363636397
344.5454545454486,284.54545454545496
345.4545454545514,285.45454545454504
346.36363636363967,286.36363636363603
347.27272727272793,287.27272727272793
348.1818181818235,288.1818181818189
349.09090909091174,289.090909090909
350.0,290.0
350.0,290.909090909091
350.0,291.8181818181811
350.0,292.72727272727207
350.0,293.63636363636397
350.0,294.54545454545496
350.0,295.45454545454504
350.0,296.36363636363603
350.0,297.27272727272793
350.0,298.1818181818189
350.0,299.090909090909
350.0,300.0
350.0,300.909090909091
350.0,301.8181818181811
350.0,302.72727272727207
350.0,303.63636363636397
350.0,304.54545454545496
350.0,305.45454545454504
350.0,306.36363636363603
350.0,307.27272727272793
350.0,308.1818181818189
350.0,309.090909090909
350.0,310.0
350.0,310.909090909091
350.0,311.8181818181811
350.0,312.72727272727207
350.0,313.63636363636397
350.0,314.54545454545496
350.0,315.45454545454504
350.0,316.36363636363603
350.0,317.27272727272793
350.0,318.1818181818189
350.0,319.090909090909
350.0,320.0
350.0,320.909090909091
350.0,321.8181818181811
350.0,322.72727272727207
350.0,323.63636363636397
350.0,324.54545454545496
350.0,325.45454545454504
350.0,326.36363636363603
350.0,327.27272727272793
350.0,328.1818181818189
350.0,329.090909090909
350.0,330.0
350.0,330.909090909091
350.0,331.8181818181811
350.0,332.72727272727207
350.0,333.63636363636397
350.0,334.54545454545496
350.0,335.45454545454504
350.0,336.36363636363603
350.0,337.27272727272793
350.0,338.1818181818189
350.0,339.090909090909
350.0,340.0
350.0,340.909090909091
350.0,341.8181818181811
350.0,342.72727272727207
350.0,343.63636363636397
350.0,344.54545454545496
350.0,345.45454545454504
350.0,346.36363636363603
350.0,347.27272727272793
350.0,348.1818181818189
350.0,349.090909090909
350.0,350.0
349.09090909091174,350.0
348.1818181818235,350.0
347.27272727272793,350.0
346.36363636363967,350.0
345.4545454545514,350.0
344.5454545454486,350.0
343.63636363636033,350.0
342.72727272727207,350.0
341.8181818181765,350.0
340.90909090908826,350.0
340.0,350.0
339.09090909091174,350.0
338.1818181818235,350.0
337.27272727272793,350.0
336.36363636363967,350.0
335.4545454545514,350.0
334.5454545454486,350.0
333.63636363636033,350.0
332.72727272727207,350.0
331.8181818181765,350.0
330.90909090908826,350.0
330.0,350.0
329.09090909091174,350.0
328.1818181818235,350.0
327.27272727272793,350.0
326.36363636363967,350.0
325.4545454545514,350.0
324.5454545454486,350.0
323.63636363636033,350.0
322.72727272727207,350.0
321.8181818181765,350.0
320.90909090908826,350.0
320.0,350.0
319.09090909091174,350.0
318.1818181818235,350.0
317.27272727272793,350.0
316.36363636363967,350.0
315.4545454545514,350.0
314.5454545454486,350.0
313.63636363636033,350.0
312.72727272727207,350.0
311.8181818181765,350.0
310.90909090908826,350.0
310.0,350.0
309.09090909091174,350.0
308.1818181818235,350.0
307.27272727272793,350.0
306.36363636363967,350.0
305.4545454545514,350.0
304.5454545454486,350.0
303.63636363636033,350.0
302.72727272727207,350.0
301.8181818181765,350.0
300.90909090908826,350.0
300.0,350.0
299.09090909091174,350.0
298.1818181818235,350.0
297.27272727272793,350.0
296.36363636363967,350.0
295.4545454545514,350.0
294.5454545454486,350.0
293.63636363636033,350.0
292.72727272727207,350.0
291.8181818181765,350.0
290.90909090908826,350.0
290.0,350.0
289.09090909091174,350.0
288.1818181818235,350.0
287.27272727272793,350.0
286.36363636363967,350.0
285.4545454545514,350.0
284.5454545454486,350.0
283.63636363636033,350.0
282.72727272727207,350.0
281.8181818181765,350.0
280.90909090908826,350.0
280.0,350.0
279.09090909091174,350.0
278.1818181818235,350.0
277.27272727272793,350.0
276.36363636363967,350.0
275.4545454545514,350.0
274.5454545454486,350.0
273.63636363636033,350.0
272.72727272727207,350.0
271.8181818181765,350.0
270.90909090908826,350.0
270.0,350.0
269.09090909091174,350.0
268.1818181818235,350.0
267.27272727272793,350.0
266.36363636363967,350.0
265.4545454545514,350.0
264.5454545454486,350.0
263.63636363636033,350.0
262.72727272727207,350.0
261.8181818181765,350.0
260.90909090908826,350.0
260.0,350.0
259.09090909091174,350.0
258.1818181818235,350.0
257.27272727272793,350.0
256.36363636363967,350.0
255.4545454545514,350.0
254.5454545454486,350.0
253.63636363636033,350.0
252.72727272727207,350.0
251.81818181817653,350.0
250.90909090908826,350.0
250.0,350.0
249.09090909091174,350.0
248.18181818182347,350.0
247.27272727272793,350.0
246.36363636363967,350.0
245.4545454545514,350.0
244.5454545454486,350.0
243.63636363636033,350.0
242.72727272727207,350.0
241.81818181817653,350.0
240.90909090908826,350.0
240.0,350.0
239.09090909091174,350.0
238.18181818182347,350.0
237.27272727272793,350.0
236.36363636363967,350.0
235.4545454545514,350.0
234.5454545454486,350.0
233.63636363636033,350.0
232.72727272727207,350.0
231.81818181817653,350.0
230.90909090908826,350.0
230.0,350.0
229.09090909091174,350.0
228.18181818182347,350.0
227.27272727272793,350.0
226.36363636363967,350.0
225.4545454545514,350.0
224.5454545454486,350.0
223.63636363636033,350.0
222.72727272727207,350.0
221.81818181817653,350.0
220.90909090908826,350.0
220.0,350.0
219.09090909091174,350.0
218.18181818182347,350.0
217.27272727272793,350.0
216.36363636363967,350.0
215.4545454545514,350.0
214.5454545454486,350.0
213.63636363636033,350.0
212.72727272727207,350.0
211.81818181817653,350.0
210.90909090908826,350.0
210.0,350.0
209.09090909091174,350.0
208.18181818182347,350.0
207.27272727272793,350.0
206.36363636363967,350.0
205.4545454545514,350.0
204.5454545454486,350.0
203.63636363636033,350.0
202.72727272727207,350.0
201.81818181817653,350.0
200.90909090908826,350.0
200.0,350.0
199.09090909091174,350.0
198.18181818182347,350.0
197.27272727272793,350.0
196.36363636363967,350.0
195.4545454545514,350.0
194.5454545454486,350.0
193.63636363636033,350.0
192.72727272727207,350.0
191.81818181817653,350.0
190.90909090908826,350.0
190.0,350.0
189.09090909091174,350.0
188.18181818182347,350.0
187.27272727272793,350.0
186.36363636363967,350.0
185.4545454545514,350.0
184.5454545454486,350.0
183.63636363636033,350.0
182.72727272727207,350.0
181.81818181817653,350.0
180.90909090908826,350.0
180.0,350.0
179.09090909091174,350.0
178.18181818182347,350.0
177.27272727272793,350.0
176.36363636363967,350.0
175.4545454545514,350.0
174.5454545454486,350.0
173.63636363636033,350.0
172.72727272727207,350.0
171.81818181817653,350.0
170.90909090908826,350.0
170.0,350.0
169.09090909091174,350.0
168.18181818182347,350.0
167.27272727272793,350.0
166.36363636363967,350.0
165.4545454545514,350.0
164.5454545454486,350.0
163.63636363636033,350.0
162.72727272727207,350.0
161.81818181817653,350.0
160.90909090908826,350.0
160.0,350.0
159.09090909091174,350.0
158.18181818182347,350.0
157.27272727272793,350.0
156.36363636363967,350.0
155.4545454545514,350.0
154.5454545454486,350.0
153.63636363636033,350.0
152.72727272727207,350.0
151.81818181817653,350.0
150.90909090908826,350.0
150.0,350.0
149.09090909091174,350.909090909091
148.18181818182347,351.8181818181811
147.27272727272793,352.72727272727207
146.36363636363967,353.63636363636397
145.4545454545514,354.54545454545496
144.5454545454486,355.45454545454504
143.63636363636033,356.36363636363603
142.72727272727207,357.27272727272793
141.81818181817653,358.1818181818189
140.90909090908826,359.090909090909
140.0,360.0
139.09090909091174,360.909090909091
138.18181818182347,361.8181818181811
137.27272727272793,362.72727272727207
136.36363636363967,363.63636363636397
135.4545454545514,364.54545454545496
134.5454545454486,365.45454545454504
133.63636363636033,366.36363636363603
132.72727272727207,367.27272727272793
131.81818181817653,368.1818181818189
130.90909090908826,369.090909090909
130.0,370.0
129.09090909091174,370.909090909091
128.18181818182347,371.8181818181811
127.27272727272793,372.72727272727207
126.36363636363967,373.63636363636397
125.45454545455141,374.54545454545496
124.54545454544859,375.45454545454504
123.63636363636033,376.36363636363603
122.72727272727207,377.27272727272793
121.81818181817653,378.1818181818189
120.90909090908826,379.090909090909
120.0,380.0
119.09090909091174,380.909090909091
118.18181818182347,381.8181818181811
117.27272727272793,382.72727272727207
116.36363636363967,383.63636363636397
115.45454545455141,384.54545454545496
114.54545454544859,385.45454545454504
113.63636363636033,386.36363636363603
112.72727272727207,387.27272727272793
111.81818181817653,388.1818181818189
110.90909090908826,389.090909090909
110.0,390.0
109.09090909091174,390.909090909091
108.18181818182347,391.8181818181811
107.27272727272793,392.72727272727207
106.36363636363967,393.63636363636397
105.45454545455141,394.54545454545496
104.54545454544859,395.45454545454504
103.63636363636033,396.36363636363603
102.72727272727207,397.27272727272793
101.81818181817653,398.1818181818189
100.90909090908826,399.090909090909
100.0,400.0
100.90909090908826,399.090909090909
101.81818181817653,398.1818181818189
102.72727272727207,397.27272727272793
103.63636363636033,396.36363636363603
104.54545454544859,395.45454545454504
105.45454545455141,394.54545454545496
106.36363636363967,393.63636363636397
107.27272727272793,392.72727272727207
108.18181818182347,391.8181818181811
109.09090909091174,390.909090909091
110.0,390.0
110.90909090908826,389.090909090909
111.81818181817653,388.1818181818189
112.72727272727207,387.27272727272793
113.63636363636033,386.36363636363603
114.54545454544859,385.45454545454504
115.45454545455141,384.54545454545496
116.36363636363967,383.63636363636397
117.27272727272793,382.72727272727207
118.18181818182347,381.8181818181811
119.09090909091174,380.909090909091
120.0,380.0
120.90909090908826,379.090909090909
121.81818181817653,378.1818181818189
122.72727272727207,377.27272727272793
123.63636363636033,376.36363636363603
124.54545454544859,375.45454545454504
125.45454545455141,374.54545454545496
126.36363636363967,373.63636363636397
127.27272727272793,372.72727272727207
128.18181818182347,371.8181818181811
129.09090909091174,370.909090909091
130.0,370.0
130.90909090908826,369.090909090909
131.81818181817653,368.1818181818189
132.72727272727207,367.27272727272793
133.63636363636033,366.36363636363603
134.5454545454486,365.45454545454504
135.4545454545514,364.54545454545496
136.36363636363967,363.63636363636397
137.27272727272793,362.72727272727207
138.18181818182347,361.8181818181811
139.09090909091174,360.909090909091
140.0,360.0
140.90909090908826,359.090909090909
141.81818181817653,358.1818181818189
142.72727272727207,357.27272727272793
143.63636363636033,356.36363636363603
144.5454545454486,355.45454545454504
145.4545454545514,354.54545454545496
146.36363636363967,353.63636363636397
147.27272727272793,352.72727272727207
148.18181818182347,351.8181818181811
149.09090909091174,350.909090909091
150.0,350.0
150.90909090908826,350.0
151.81818181817653,350.0
152.72727272727207,350.0
153.63636363636033,350.0
154.5454545454486,350.0
155.4545454545514,350.0
156.36363636363967,350.0
157.27272727272793,350.0
158.18181818182347,350.0
159.09090909091174,350.0
160.0,350.0
160.90909090908826,350.0
161.81818181817653,350.0
162.72727272727207,350.0
163.63636363636033,350.0
164.5454545454486,350.0
165.4545454545514,350.0
166.36363636363967,350.0
167.27272727272793,350.0
168.18181818182347,350.0
169.09090909091174,350.0
170.0,350.0
170.90909090908826,350.0
171.81818181817653,350.0
172.72727272727207,350.0
173.63636363636033,350.0
174.5454545454486,350.0
175.4545454545514,350.0
176.36363636363967,350.0
177.27272727272793,350.0
178.18181818182347,350.0
179.09090909091174,350.0
180.0,350.0
180.90909090908826,350.0
181.81818181817653,350.0
182.72727272727207,350.0
183.63636363636033,350.0
184.5454545454486,350.0
185.4545454545514,350.0
186.36363636363967,350.0
187.27272727272793,350.0
188.18181818182347,350.0
189.09090909091174,350.0
190.0,350.0
190.90909090908826,350.0
191.81818181817653,350.0
192.72727272727207,350.0
193.63636363636033,350.0
194.5454545454486,350.0
195.4545454545514,350.0
196.36363636363967,350.0
197.27272727272793,350.0
198.18181818182347,350.0
199.09090909091174,350.0
200.0,350.0
200.90909090908826,350.0
201.81818181817653,350.0
202.72727272727207,350.0
203.63636363636033,350.0
204.5454545454486,350.0
205.4545454545514,350.0
206.36363636363967,350.0
207.27272727272793,350.0
208.18181818182347,350.0
209.09090909091174,350.0
210.0,350.0
210.90909090908826,350.0
211.81818181817653,350.0
212.72727272727207,350.0
213.63636363636033,350.0
214.5454545454486,350.0
215.4545454545514,350.0
216.36363636363967,350.0
217.27272727272793,350.0
218.18181818182347,350.0
219.09090909091174,350.0
220.0,350.0
220.90909090908826,350.0
221.81818181817653,350.0
222.72727272727207,350.0
223.63636363636033,350.0
224.5454545454486,350.0
225.4545454545514,350.0
226.36363636363967,350.0
227.27272727272793,350.0
228.18181818182347,350.0
229.09090909091174,350.0
230.0,350.0
230.90909090908826,350.0
231.81818181817653,350.0
232.72727272727207,350.0
233.63636363636033,350.0
234.5454545454486,350.0
235.4545454545514,350.0
236.36363636363967,350.0
237.27272727272793,350.0
238.18181818182347,350.0
239.09090909091174,350.0
240.0,350.0
240.90909090908826,350.0
241.81818181817653,350.0
242.72727272727207,350.0
243.63636363636033,350.0
244.5454545454486,350.0
245.4545454545514,350.0
246.36363636363967,350.0
247.27272727272793,350.0
248.18181818182347,350.0
249.09090909091174,350.0
250.0,350.0
250.90909090908826,350.0
251.81818181817653,350.0
252.72727272727207,350.0
253.63636363636033,350.0
254.5454545454486,350.0
255.4545454545514,350.0
256.36363636363967,350.0
257.27272727272793,350.0
258.1818181818235,350.0
259.09090909091174,350.0
260.0,350.0
260.90909090908826,350.0
261.8181818181765,350.0
262.72727272727207,350.0
263.63636363636033,350.0
264.5454545454486,350.0
265.4545454545514,350.0
266.36363636363967,350.0
267.27272727272793,350.0
268.1818181818235,350.0
269.09090909091174,350.0
270.0,350.0
270.90909090908826,350.0
271.8181818181765,350.0
272.72727272727207,350.0
273.63636363636033,350.0
274.5454545454486,350.0
275.4545454545514,350.0
276.36363636363967,350.0
277.27272727272793,350.0
278.1818181818235,350.0
279.09090909091174,350.0
280.0,350.0
280.90909090908826,350.0
281.8181818181765,350.0
282.72727272727207,350.0
283.63636363636033,350.0
284.5454545454486,350.0
285.4545454545514,350.0
286.36363636363967,350.0
287.27272727272793,350.0
288.1818181818235,350.0
289.09090909091174,350.0
290.0,350.0
290.90909090908826,350.0
291.8181818181765,350.0
292.72727272727207,350.0
293.63636363636033,350.0
294.5454545454486,350.0
295.4545454545514,350.0
296.36363636363967,350.0
297.27272727272793,350.0
298.1818181818235,350.0
299.09090909091174,350.0
300.0,350.0
300.90909090908826,350.0
301.8181818181765,350.0
302.72727272727207,350.0
303.63636363636033,350.0
304.5454545454486,350.0
305.4545454545514,350.0
306.36363636363967,350.0
307.27272727272793,350.0
308.1818181818235,350.0
309.09090909091174,350.0
310.0,350.0
310.90909090908826,350.0
311.8181818181765,350.0
312.72727272727207,350.0
313.63636363636033,350.0
314.5454545454486,350.0
315.4545454545514,350.0
316.36363636363967,350.0
317.27272727272793,350.0
318.1818181818235,350.0
319.09090909091174,350.0
320.0,350.0
320.90909090908826,350.0
321.8181818181765,350.0
322.72727272727207,350.0
323.63636363636033,350.0
324.5454545454486,350.0
325.4545454545514,350.0
326.36363636363967,350.0
327.27272727272793,350.0
328.1818181818235,350.0
329.09090909091174,350.0
330.0,350.0
330.90909090908826,350.0
331.8181818181765,350.0
332.72727272727207,350.0
333.63636363636033,350.0
334.5454545454486,350.0
335.4545454545514,350.0
336.36363636363967,350.0
337.27272727272793,350.0
338.1818181818235,350.0
339.09090909091174,350.0
340.0,350.0
340.90909090908826,350.0
341.8181818181765,350.0
342.72727272727207,350.0
343.63636363636033,350.0
344.5454545454486,350.0
345.4545454545514,350.0
346.36363636363967,350.0
347.27272727272793,350.0
348.1818181818235,350.0
349.09090909091174,350.0
350.0,350.0
350.90909090908826,349.090909090909
351.8181818181765,348.1818181818189
352.72727272727207,347.27272727272793
353.63636363636033,346.36363636363603
354.5454545454486,345.45454545454504
355.4545454545514,344.54545454545496
356.36363636363967,343.63636363636397
357.27272727272793,342.72727272727207
358.1818181818235,341.8181818181811
359.09090909091174,340.909090909091
360.0,340.0
360.90909090908826,339.090909090909
361.8181818181765,338.1818181818189
362.72727272727207,337.27272727272793
363.63636363636033,336.36363636363603
364.5454545454486,335.45454545454504
365.4545454545514,334.54545454545496
366.36363636363967,333.63636363636397
367.27272727272793,332.72727272727207
368.1818181818235,331.8181818181811
369.09090909091174,330.909090909091
370.0,330.0
370.90909090908826,329.090909090909
371.8181818181765,328.1818181818189
372.72727272727207,327.27272727272793
373.63636363636033,326.36363636363603
374.5454545454486,325.45454545454504
375.4545454545514,324.54545454545496
376.36363636363967,323.63636363636397
377.27272727272793,322.72727272727207
378.1818181818235,321.8181818181811
379.09090909091174,320.909090909091
380.0,320.0
380.90909090908826,319.090909090909
381.8181818181765,318.1818181818189
382.72727272727207,317.27272727272793
383.63636363636033,316.36363636363603
384.5454545454486,315.45454545454504
385.4545454545514,314.54545454545496
386.36363636363967,313.63636363636397
387.27272727272793,312.72727272727207
388.1818181818235,311.8181818181811
389.09090909091174,310.909090909091
390.0,310.0
390.90909090908826,309.090909090909
391.8181818181765,308.1818181818189
392.72727272727207,307.27272727272793
393.63636363636033,306.36363636363603
394.5454545454486,305.45454545454504
395.4545454545514,304.54545454545496
396.36363636363967,303.63636363636397
397.27272727272793,302.72727272727207
398.1818181818235,301.8181818181811
399.09090909091174,300.909090909091
400.0,300.0
400.90909090908826,299.090909090909
401.8181818181765,298.1818181818189
402.72727272727207,297.27272727272793
403.63636363636033,296.36363636363603
404.5454545454486,295.45454545454504
405.4545454545514,294.54545454545496
406.36363636363967,293.63636363636397
407.27272727272793,292.72727272727207
408.1818181818235,291.8181818181811
409.09090909091174,290.909090909091
410.0,290.0
410.90909090908826,289.090909090909
411.8181818181765,288.1818181818189
412.72727272727207,287.27272727272793
413.63636363636033,286.36363636363603
414.5454545454486,285.45454545454504
415.4545454545514,284.54545454545496
416.36363636363967,283.63636363636397
417.27272727272793,282.72727272727207
418.1818181818235,281.8181818181811
419.09090909091174,280.909090909091
420.0,280.0
420.90909090908826,279.090909090909
421.8181818181765,278.1818181818189
422.72727272727207,277.27272727272793
423.63636363636033,276.36363636363603
424.5454545454486,275.45454545454504
425.4545454545514,274.54545454545496
426.36363636363967,273.63636363636397
427.27272727272793,272.72727272727207
428.1818181818235,271.8181818181811
429.09090909091174,270.909090909091
430.0,270.0
430.90909090908826,269.090909090909
431.8181818181765,268.1818181818189
432.72727272727207,267.27272727272793
433.63636363636033,266.36363636363603
434.5454545454486,265.45454545454504
435.4545454545514,264.54545454545496
436.36363636363967,263.63636363636397
437.27272727272793,262.72727272727207
438.1818181818235,261.8181818181811
439.09090909091174,260.909090909091
440.0,260.0
440.90909090908826,259.090909090909
441.8181818181765,258.1818181818189
442.72727272727207,257.27272727272793
443.63636363636033,256.36363636363603
444.5454545454486,255.45454545454504
445.4545454545514,254.54545454545496
446.36363636363967,253.63636363636397
447.27272727272793,252.72727272727207
448.1818181818235,251.81818181818107
449.09090909091174,250.909090909091
450.0,250.0
450.90909090908826,249.090909090909
451.8181818181765,248.18181818181893
452.72727272727207,247.27272727272793
453.63636363636033,246.36363636363603
454.5454545454486,245.45454545454504
455.4545454545514,244.54545454545496
456.36363636363967,243.63636363636397
457.27272727272793,242.72727272727207
458.1818181818235,241.81818181818107
459.09090909091174,240.909090909091
460.0,240.0
460.90909090908826,240.0
461.8181818181765,240.0
462.72727272727207,240.0
463.63636363636033,240.0
464.5454545454486,240.0
465.4545454545514,240.0
466.36363636363967,240.0
467.27272727272793,240.0
468.1818181818235,240.0
469.09090909091174,240.0
470.0,240.0
470.90909090908826,240.0
471.8181818181765,240.0
472.72727272727207,240.0
473.63636363636033,240.0
474.5454545454486,240.0
475.4545454545514,240.0
476.36363636363967,240.0
477.27272727272793,240.0
478.1818181818235,240.0
479.09090909091174,240.0
480.0,240.0
480.90909090908826,240.0
481.8181818181765,240.0
482.72727272727207,240.0
483.63636363636033,240.0
484.5454545454486,240.0
485.4545454545514,240.0
486.36363636363967,240.0
487.27272727272793,240.0
488.1818181818235,240.0
489.09090909091174,240.0
490.0,240.0
490.90909090908826,240.0
491.8181818181765,240.0
492.72727272727207,240.0
493.63636363636033,240.0
494.5454545454486,240.0
495.4545454545514,240.0
496.36363636363967,240.0
497.27272727272793,240.0
498.1818181818235,240.0
499.09090909091174,240.0
500.0,240.0
500.90909090908826,240.0
501.8181818181765,240.0
502.72727272727207,240.0
503.63636363636033,240.0
504.5454545454486,240.0
505.4545454545514,240.0
506.36363636363967,240.0
507.27272727272793,240.0
508.1818181818235,240.0
509.09090909091174,240.0
510.0,240.0
510.90909090908826,240.0
511.8181818181765,240.0
512.7272727272721,240.0
513.6363636363603,240.0
514.5454545454486,240.0
515.4545454545514,240.0
516.3636363636397,240.0
517.2727272727279,240.0
518.1818181818235,240.0
519.0909090909117,240.0
520.0,240.0
520.9090909090883,240.0
521.8181818181765,240.0
522.7272727272721,240.0
523.6363636363603,240.0
524.5454545454486,240.0
525.4545454545514,240.0
526.3636363636397,240.0
527.2727272727279,240.0
528.1818181818235,240.0
529.0909090909117,240.0
530.0,240.0
530.9090909090883,240.0
531.8181818181765,240.0
532.7272727272721,240.0
533.6363636363603,240.0
534.5454545454486,240.0
535.4545454545514,240.0
536.3636363636397,240.0
537.2727272727279,240.0
538.1818181818235,240.0
539.0909090909117,240.0
540.0,240.0
540.9090909090883,240.0
541.8181818181765,240.0
542.7272727272721,240.0
543.6363636363603,240.0
544.5454545454486,240.0
545.4545454545514,240.0
546.3636363636397,240.0
547.2727272727279,240.0
548.1818181818235,240.0
549.0909090909117,240.0
550.0,240.0
550.9090909090883,240.0
551.8181818181765,240.0
552.7272727272721,240.0
553.6363636363603,240.0
554.5454545454486,240.0
555.4545454545514,240.0
556.3636363636397,240.0
557.2727272727279,240.0
558.1818181818235,240.0
559.0909090909117,240.0
560.0,240.0
560.9090909090883,240.0
561.8181818181765,240.0
562.7272727272721,240.0
563.6363636363603,240.0
564.5454545454486,240.0
565.4545454545514,240.0
566.3636363636397,240.0
567.2727272727279,240.0
568.1818181818235,240.0
569.0909090909117,240.0
570.0,240.0
570.9090909090883,240.0
571.8181818181765,240.0
572.7272727272721,240.0
573.6363636363603,240.0
574.5454545454486,240.0
575.4545454545514,240.0
576.3636363636397,240.0
577.2727272727279,240.0
578.1818181818235,240.0
579.0909090909117,240.0
580.0,240.0
580.9090909090883,240.909090909091
581.8181818181765,241.81818181818107
582.7272727272721,242.72727272727207
583.6363636363603,243.63636363636397
584.5454545454486,244.54545454545496
585.4545454545514,245.45454545454504
586.3636363636397,246.36363636363603
587.2727272727279,247.27272727272793
588.1818181818235,248.18181818181893
589.0909090909117,249.090909090909
590.0,250.0
590.9090909090883,250.909090909091
591.8181818181765,251.81818181818107
592.7272727272721,252.72727272727207
593.6363636363603,253.63636363636397
594.5454545454486,254.54545454545496
595.4545454545514,255.45454545454504
596.3636363636397,256.36363636363603
597.2727272727279,257.27272727272793
598.1818181818235,258.1818181818189
599.0909090909117,259.090909090909
600.0,260.0
600.9090909090883,260.909090909091
601.8181818181765,261.8181818181811
602.7272727272721,262.72727272727207
603.6363636363603,263.63636363636397
604.5454545454486,264.54545454545496
605.4545454545514,265.45454545454504
606.3636363636397,266.36363636363603
607.2727272727279,267.27272727272793
608.1818181818235,268.1818181818189
609.0909090909117,269.090909090909
610.0,270.0
610.9090909090883,270.909090909091
611.8181818181765,271.8181818181811
612.7272727272721,272.72727272727207
613.6363636363603,273.63636363636397
614.5454545454486,274.54545454545496
615.4545454545514,275.45454545454504
616.3636363636397,276.36363636363603
617.2727272727279,277.27272727272793
618.1818181818235,278.1818181818189
619.0909090909117,279.090909090909
620.0,280.0
620.9090909090883,280.909090909091
621.8181818181765,281.8181818181811
622.7272727272721,282.72727272727207
623.6363636363603,283.63636363636397
624.5454545454486,284.54545454545496
625.4545454545514,285.45454545454504
626.3636363636397,286.36363636363603
627.2727272727279,287.27272727272793
628.1818181818235,288.1818181818189
629.0909090909117,289.090909090909
630.0,290.0
630.9090909090883,290.909090909091
631.8181818181765,291.8181818181811
632.7272727272721,292.72727272727207
633.6363636363603,293.63636363636397
634.5454545454486,294.54545454545496
635.4545454545514,295.45454545454504
636.3636363636397,296.36363636363603
637.2727272727279,297.27272727272793
638.1818181818235,298.1818181818189
639.0909090909117,299.090909090909
640.0,300.0
640.9090909090883,300.0
641.8181818181765,300.0
642.7272727272721,300.0
643.6363636363603,300.0
644.5454545454486,300.0
645.4545454545514,300.0
646.3636363636397,300.0
647.2727272727279,300.0
648.1818181818235,300.0
649.0909090909117,300.0
650.0,300.0
650.9090909090883,300.0
651.8181818181765,300.0
652.7272727272721,300.0
653.6363636363603,300.0
654.5454545454486,300.0
655.4545454545514,300.0
656.3636363636397,300.0
657.2727272727279,300.0
658.1818181818235,300.0
659.0909090909117,300.0
660.0,300.0
660.9090909090883,300.0
661.8181818181765,300.0
662.7272727272721,300.0
663.6363636363603,300.0
664.5454545454486,300.0
665.4545454545514,300.0
666.3636363636397,300.0
667.2727272727279,300.0
668.1818181818235,300.0
669.0909090909117,300.0
670.0,300.0
670.9090909090883,300.0
671.8181818181765,300.0
672.7272727272721,300.0
673.6363636363603,300.0
674.5454545454486,300.0
675.4545454545514,300.0
676.3636363636397,300.0
677.2727272727279,300.0
678.1818181818235,300.0
679.0909090909117,300.0
680.0,300.0
680.9090909090883,300.0
681.8181818181765,300.0
682.7272727272721,300.0
683.6363636363603,300.0
684.5454545454486,300.0
685.4545454545514,300.0
686.3636363636397,300.0
687.2727272727279,300.0
688.1818181818235,300.0
689.0909090909117,300.0
690.0,300.0
690.9090909090883,300.0
691.8181818181765,300.0
692.7272727272721,300.0
693.6363636363603,300.0
694.5454545454486,300.0
695.4545454545514,300.0
696.3636363636397,300.0
697.2727272727279,300.0
698.1818181818235,300.0
699.0909090909117,300.0
700.0,300.0
700.9090909090883,300.0
701.8181818181765,300.0
702.7272727272721,300.0
703.6363636363603,300.0
704.5454545454486,300.0
705.4545454545514,300.0
706.3636363636397,300.0
707.2727272727279,300.0
708.1818181818235,300.0
709.0909090909117,300.0
710.0,300.0
710.9090909090883,300.0
711.8181818181765,300.0
712.7272727272721,300.0
713.6363636363603,300.0
714.5454545454486,300.0
715.4545454545514,300.0
716.3636363636397,300.0
717.2727272727279,300.0
718.1818181818235,300.0
719.0909090909117,300.0
720.0,300.0
720.9090909090883,300.0
721.8181818181765,300.0
722.7272727272721,300.0
723.6363636363603,300.0
724.5454545454486,300.0
725.4545454545514,300.0
726.3636363636397,300.0
727.2727272727279,300.0
728.1818181818235,300.0
729.0909090909117,300.0
730.0,300.0
730.9090909090883,300.0
731.8181818181765,300.0
732.7272727272721,300.0
733.6363636363603,300.0
734.5454545454486,300.0
735.4545454545514,300.0
736.3636363636397,300.0
737.2727272727279,300.0
738.1818181818235,300.0
739.0909090909117,300.0
740.0,300.0
740.9090909090883,300.0
741.8181818181765,300.0
742.7272727272721,300.0
743.6363636363603,300.0
744.5454545454486,300.0
745.4545454545514,300.0
746.3636363636397,300.0
747.2727272727279,300.0
748.1818181818235,300.0
749.0909090909117,300.0
750.0,300.0
750.9090909090883,300.0
751.8181818181765,300.0
752.7272727272721,300.0
753.6363636363603,300.0
754.5454545454486,300.0
755.4545454545514,300.0
756.3636363636397,300.0
757.2727272727279,300.0
758.1818181818235,300.0
759.0909090909117,300.0
760.0,300.0
760.9090909090883,300.0
761.8181818181765,300.0
762.7272727272721,300.0
763.6363636363603,300.0
764.5454545454486,300.0
765.4545454545514,300.0
766.3636363636397,300.0
767.2727272727279,300.0
768.1818181818235,300.0
769.0909090909117,300.0
770.0,300.0
770.9090909090883,300.0
771.8181818181765,300.0
772.7272727272721,300.0
773.6363636363603,300.0
774.5454545454486,300.0
775.4545454545514,300.0
776.3636363636397,300.0
777.2727272727279,300.0
778.1818181818235,300.0
779.0909090909117,300.0
780.0,300.0
780.9090909090883,300.0
781.8181818181765,300.0
782.7272727272721,300.0
783.6363636363603,300.0
784.5454545454486,300.0
785.4545454545514,300.0
786.3636363636397,300.0
787.2727272727279,300.0
788.1818181818235,300.0
789.0909090909117,300.0
790.0,300.0
790.9090909090883,300.0
791.8181818181765,300.0
792.7272727272721,300.0
793.6363636363603,300.0
794.5454545454486,300.0
795.4545454545514,300.0
796.3636363636397,300.0
797.2727272727279,300.0
798.1818181818235,300.0
799.0909090909117,300.0
800.0,300.0
800.9090909090883,300.0
801.8181818181765,300.0
802.7272727272721,300.0
803.6363636363603,300.0
804.5454545454486,300.0
805.4545454545514,300.0
806.3636363636397,300.0
807.2727272727279,300.0
808.1818181818235,300.0
809.0909090909117,300.0
810.0,300.0
810.9090909090883,300.0
811.8181818181765,300.0
812.7272727272721,300.0
813.6363636363603,300.0
814.5454545454486,300.0
815.4545454545514,300.0
816.3636363636397,300.0
817.2727272727279,300.0
818.1818181818235,300.0
819.0909090909117,300.0
820.0,300.0
820.9090909090883,300.0
821.8181818181765,300.0
822.7272727272721,300.0
823.6363636363603,300.0
824.5454545454486,300.0
825.4545454545514,300.0
826.3636363636397,300.0
827.2727272727279,300.0
828.1818181818235,300.0
829.0909090909117,300.0
830.0,300.0
830.9090909090883,300.0
831.8181818181765,300.0
832.7272727272721,300.0
833.6363636363603,300.0
834.5454545454486,300.0
835.4545454545514,300.0
836.3636363636397,300.0
837.2727272727279,300.0
838.1818181818235,300.0
839.0909090909117,300.0
840.0,300.0
840.9090909090883,300.0
841.8181818181765,300.0
842.7272727272721,300.0
843.6363636363603,300.0
844.5454545454486,300.0
845.4545454545514,300.0
846.3636363636397,300.0
847.2727272727279,300.0
848.1818181818235,300.0
849.0909090909117,300.0
850.0,300.0
850.9090909090883,300.0
851.8181818181765,300.0
852.7272727272721,300.0
853.6363636363603,300.0
854.5454545454486,300.0
855.4545454545514,300.0
856.3636363636397,300.0
857.2727272727279,300.0
858.1818181818235,300.0
859.0909090909117,300.0
860.0,300.0
860.9090909090883,300.909090909091
861.8181818181765,301.8181818181811
862.7272727272721,302.72727272727207
863.6363636363603,303.63636363636397
864.5454545454486,304.54545454545496
865.4545454545514,305.45454545454504
866.3636363636397,306.36363636363603
867.2727272727279,307.27272727272793
868.1818181818235,308.1818181818189
869.0909090909117,309.090909090909
870.0,310.0
870.9090909090883,310.909090909091
871.8181818181765,311.8181818181811
872.7272727272721,312.72727272727207
873.6363636363603,313.63636363636397
874.5454545454486,314.54545454545496
875.4545454545514,315.45454545454504
876.3636363636397,316.36363636363603
877.2727272727279,317.27272727272793
878.1818181818235,318.1818181818189
879.0909090909117,319.090909090909
880.0,320.0
880.9090909090883,320.909090909091
881.8181818181765,321.8181818181811
882.7272727272721,322.72727272727207
883.6363636363603,323.63636363636397
884.5454545454486,324.54545454545496
885.4545454545514,325.45454545454504
886.3636363636397,326.36363636363603
887.2727272727279,327.27272727272793
888.1818181818235,328.1818181818189
889.0909090909117,329.090909090909
890.0,330.0
890.9090909090883,330.909090909091
891.8181818181765,331.8181818181811
892.7272727272721,332.72727272727207
893.6363636363603,333.63636363636397
894.5454545454486,334.54545454545496
895.4545454545514,335.45454545454504
896.3636363636397,336.36363636363603
897.2727272727279,337.27272727272793
898.1818181818235,338.1818181818189
899.0909090909117,339.090909090909
900.0,340.0
900.9090909090883,340.909090909091
901.8181818181765,341.8181818181811
902.7272727272721,342.72727272727207
903.6363636363603,343.63636363636397
904.5454545454486,344.54545454545496
905.4545454545514,345.45454545454504
906.3636363636397,346.36363636363603
907.2727272727279,347.27272727272793
908.1818181818235,348.1818181818189
909.0909090909117,349.090909090909
910.0,350.0
910.9090909090883,350.909090909091
911.8181818181765,351.8181818181811
912.7272727272721,352.72727272727207
913.6363636363603,353.63636363636397
914.5454545454486,354.54545454545496
915.4545454545514,355.45454545454504
916.3636363636397,356.36363636363603
917.2727272727279,357.27272727272793
918.1818181818235,358.1818181818189
919.0909090909117,359.090909090909
920.0,360.0
920.9090909090883,360.909090909091
921.8181818181765,361.8181818181811
922.7272727272721,362.72727272727207
923.6363636363603,363.63636363636397
924.5454545454486,364.54545454545496
925.4545454545514,365.45454545454504
926.3636363636397,366.36363636363603
927.2727272727279,367.27272727272793
928.1818181818235,368.1818181818189
929.0909090909117,369.090909090909
930.0,370.0
930.9090909090883,370.909090909091
931.8181818181765,371.8181818181811
932.7272727272721,372.72727272727207
933.6363636363603,373.63636363636397
934.5454545454486,374.54545454545496
935.4545454545514,375.45454545454504
936.3636363636397,376.36363636363603
937.2727272727279,377.27272727272793
938.1818181818235,378.1818181818189
939.0909090909117,379.090909090909
940.0,380.0
940.9090909090883,380.909090909091
941.8181818181765,381.8181818181811
942.7272727272721,382.72727272727207
943.6363636363603,383.63636363636397
944.5454545454486,384.54545454545496
945.4545454545514,385.45454545454504
946.3636363636397,386.36363636363603
947.2727272727279,387.27272727272793
948.1818181818235,388.1818181818189
949.0909090909117,389.090909090909
950.0,390.0
950.0,390.909090909091
950.0,391.8181818181811
950.0,392.72727272727207
950.0,393.63636363636397
950.0,394.54545454545496
950.0,395.45454545454504
950.0,396.36363636363603
950.0,397.27272727272793
950.0,398.1818181818189
950.0,399.090909090909
950.0,400.0
950.0,400.909090909091
950.0,401.8181818181811
950.0,402.72727272727207
950.0,403.63636363636397
950.0,404.54545454545496
950.0,405.45454545454504
950.0,406.36363636363603
950.0,407.27272727272793
950.0,408.1818181818189
950.0,409.090909090909
950.0,410.0
950.0,410.909090909091
950.0,411.8181818181811
950.0,412.72727272727207
950.0,413.63636363636397
950.0,414.54545454545496
950.0,415.45454545454504
950.0,416.36363636363603
950.0,417.27272727272793
950.0,418.1818181818189
950.0,419.090909090909
950.0,420.0
950.0,420.909090909091
950.0,421.8181818181811
950.0,422.72727272727207
950.0,423.63636363636397
950.0,424.54545454545496
950.0,425.45454545454504
950.0,426.36363636363603
950.0,427.27272727272793
950.0,428.1818181818189
950.0,429.090909090909
950.0,430.0
950.0,430.909090909091
950.0,431.8181818181811
950.0,432.72727272727207
950.0,433.63636363636397
950.0,434.54545454545496
950.0,435.45454545454504
950.0,436.36363636363603
950.0,437.27272727272793
950.0,438.1818181818189
950.0,439.090909090909
950.0,440.0
950.0,440.909090909091
950.0,441.8181818181811
950.0,442.72727272727207
950.0,443.63636363636397
950.0,444.54545454545496
950.0,445.45454545454504
950.0,446.36363636363603
950.0,447.27272727272793
950.0,448.1818181818189
950.0,449.090909090909
950.0,450.0
950.0,450.909090909091
950.0,451.8181818181811
950.0,452.72727272727207
950.0,453.63636363636397
950.0,454.54545454545496
950.0,455.45454545454504
950.0,456.36363636363603
950.0,457.27272727272793
950.0,458.1818181818189
950.0,459.090909090909
950.0,460.0
950.0,460.909090909091
950.0,461.8181818181811
950.0,462.72727272727207
950.0,463.63636363636397
950.0,464.54545454545496
950.0,465.45454545454504
950.0,466.36363636363603
950.0,467.27272727272793
950.0,468.1818181818189
950.0,469.090909090909
950.0,470.0
950.0,470.909090909091
950.0,471.8181818181811
950.0,472.72727272727207
950.0,473.63636363636397
950.0,474.54545454545496
950.0,475.45454545454504
950.0,476.36363636363603
950.0,477.27272727272793
950.0,478.1818181818189
950.0,479.090909090909
950.0,480.0
950.0,480.909090909091
950.0,481.8181818181811
950.0,482.72727272727207
950.0,483.63636363636397
950.0,484.54545454545496
950.0,485.45454545454504
950.0,486.36363636363603
950.0,487.27272727272793
950.0,488.1818181818189
950.0,489.090909090909
950.0,490.0
950.0,490.909090909091
950.0,491.8181818181811
950.0,492.72727272727207
950.0,493.63636363636397
950.0,494.54545454545496
950.0,495.45454545454504
950.0,496.36363636363603
950.0,497.27272727272793
950.0,498.1818181818189
950.0,499.090909090909
950.0,500.0
950.0,500.909090909091
950.0,501.8181818181811
950.0,502.72727272727207
950.0,503.63636363636397
950.0,504.54545454545496
950.0,505.45454545454504
950.0,506.36363636363603
950.0,507.27272727272793
950.0,508.1818181818189
950.0,509.090909090909
950.0,510.0
950.0,510.909090909091
950.0,511.8181818181811
950.0,512.7272727272721
950.0,513.636363636364
950.0,514.545454545455
950.0,515.454545454545
950.0,516.363636363636
950.0,517.2727272727279
950.0,518.1818181818189
950.0,519.090909090909
950.0,520.0
950.0,520.909090909091
950.0,521.8181818181811
950.0,522.7272727272721
950.0,523.636363636364
950.0,524.545454545455
950.0,525.454545454545
950.0,526.363636363636
950.0,527.2727272727279
950.0,528.1818181818189
950.0,529.090909090909
950.0,530.0
950.0,530.909090909091
950.0,531.8181818181811
950.0,532.7272727272721
950.0,533.636363636364
950.0,534.545454545455
950.0,535.454545454545
950.0,536.363636363636
950.0,537.2727272727279
950.0,538.1818181818189
950.0,539.090909090909
950.0,540.0
950.9090909090883,540.909090909091
951.8181818181765,541.8181818181811
952.7272727272721,542.7272727272721
953.6363636363603,543.636363636364
954.5454545454486,544.545454545455
955.4545454545514,545.454545454545
956.3636363636397,546.363636363636
957.2727272727279,547.2727272727279
958.1818181818235,548.1818181818189
959.0909090909117,549.090909090909
960.0,550.0
960.9090909090883,550.909090909091
961.8181818181765,551.8181818181811
962.7272727272721,552.7272727272721
963.6363636363603,553.636363636364
964.5454545454486,554.545454545455
965.4545454545514,555.454545454545
966.3636363636397,556.363636363636
967.2727272727279,557.2727272727279
968.1818181818235,558.1818181818189
969.0909090909117,559.090909090909
970.0,560.0
970.9090909090883,560.909090909091
971.8181818181765,561.8181818181811
972.7272727272721,562.7272727272721
973.6363636363603,563.636363636364
974.5454545454486,564.545454545455
975.4545454545514,565.454545454545
976.3636363636397,566.363636363636
977.2727272727279,567.2727272727279
978.1818181818235,568.1818181818189
979.0909090909117,569.090909090909
980.0,570.0
980.9090909090883,570.909090909091
981.8181818181765,571.8181818181811
982.7272727272721,572.7272727272721
983.6363636363603,573.636363636364
984.5454545454486,574.545454545455
985.4545454545514,575.454545454545
986.3636363636397,576.363636363636
987.2727272727279,577.2727272727279
988.1818181818235,578.1818181818189
989.0909090909117,579.090909090909
990.0,580.0
990.9090909090883,580.909090909091
991.8181818181765,581.8181818181811
992.7272727272721,582.7272727272721
993.6363636363603,583.636363636364
994.5454545454486,584.545454545455
995.4545454545514,585.454545454545
996.3636363636397,586.363636363636
997.2727272727279,587.2727272727279
998.1818181818235,588.1818181818189
999.0909090909117,589.090909090909
1000.0,590.0
1000.9090909090883,590.909090909091
1001.8181818181765,591.8181818181811
1002.7272727272721,592.7272727272721
1003.6363636363603,593.636363636364
1004.5454545454486,594.545454545455
1005.4545454545514,595.454545454545
1006.3636363636397,596.363636363636
1007.2727272727279,597.2727272727279
1008.1818181818235,598.1818181818189
1009.0909090909117,599.090909090909
1010.0,600.0
1010.9090909090883,600.909090909091
1011.8181818181765,601.8181818181811
1012.7272727272721,602.7272727272721
1013.6363636363603,603.636363636364
1014.5454545454486,604.545454545455
1015.4545454545514,605.454545454545
1016.3636363636397,606.363636363636
1017.2727272727279,607.2727272727279
1018.1818181818235,608.1818181818189
1019.0909090909117,609.090909090909
1020.0,610.0
1020.9090909090883,610.909090909091
1021.8181818181765,611.8181818181811
1022.7272727272721,612.7272727272721
1023.6363636363603,613.636363636364
1024.5454545454486,614.545454545455
1025.4545454545514,615.454545454545
1026.3636363636397,616.363636363636
1027.272727272728,617.2727272727279
1028.1818181818235,618.1818181818189
1029.0909090909117,619.090909090909
1030.0,620.0
1030.9090909090883,620.909090909091
1031.8181818181765,621.8181818181811
1032.727272727272,622.7272727272721
1033.6363636363603,623.636363636364
1034.5454545454486,624.545454545455
1035.4545454545514,625.454545454545
1036.3636363636397,626.363636363636
1037.272727272728,627.2727272727279
1038.1818181818235,628.1818181818189
1039.0909090909117,629.090909090909
1040.0,630.0
1040.9090909090883,630.909090909091
1041.8181818181765,631.8181818181811
1042.727272727272,632.7272727272721
1043.6363636363603,633.636363636364
1044.5454545454486,634.545454545455
1045.4545454545514,635.454545454545
1046.3636363636397,636.363636363636
1047.272727272728,637.2727272727279
1048.1818181818235,638.1818181818189
1049.0909090909117,639.090909090909
1050.0,640.0
1050.0,640.909090909091
1050.0,641.8181818181811
1050.0,642.7272727272721
1050.0,643.636363636364
1050.0,644.545454545455
1050.0,645.454545454545
1050.0,646.363636363636
1050.0,647.2727272727279
1050.0,648.1818181818189
1050.0,649.090909090909
1050.0,650.0
1050.0,650.909090909091
1050.0,651.8181818181811
1050.0,652.7272727272721
1050.0,653.636363636364
1050.0,654.545454545455
1050.0,655.454545454545
1050.0,656.363636363636
1050.0,657.2727272727279
1050.0,658.1818181818189
1050.0,659.090909090909
1050.0,660.0
1050.0,660.909090909091
1050.0,661.8181818181811
1050.0,662.7272727272721
1050.0,663.636363636364
1050.0,664.545454545455
1050.0,665.454545454545
1050.0,666.363636363636
1050.0,667.2727272727279
1050.0,668.1818181818189
1050.0,669.090909090909
1050.0,670.0
1050.0,670.909090909091
1050.0,671.8181818181811
1050.0,672.7272727272721
1050.0,673.636363636364
1050.0,674.545454545455
1050.0,675.454545454545
1050.0,676.363636363636
1050.0,677.2727272727279
1050.0,678.1818181818189
1050.0,679.090909090909
1050.0,680.0
1050.0,680.909090909091
1050.0,681.8181818181811
1050.0,682.7272727272721
1050.0,683.636363636364
1050.0,684.545454545455
1050.0,685.454545454545
1050.0,686.363636363636
1050.0,687.2727272727279
1050.0,688.1818181818189
1050.0,689.090909090909
1050.0,690.0
1050.0,690.909090909091
1050.0,691.8181818181811
1050.0,692.7272727272721
1050.0,693.636363636364
1050.0,694.545454545455
1050.0,695.454545454545
1050.0,696.363636363636
1050.0,697.2727272727279
1050.0,698.1818181818189
1050.0,699.090909090909
1050.0,700.0
1049.0909090909117,700.0
1048.1818181818235,700.0
1047.272727272728,700.0
1046.3636363636397,700.0
1045.4545454545514,700.0
1044.5454545454486,700.0
1043.6363636363603,700.0
1042.727272727272,700.0
1041.8181818181765,700.0
1040.9090909090883,700.0
1040.0,700.0
1039.0909090909117,700.0
1038.1818181818235,700.0
1037.272727272728,700.0
1036.3636363636397,700.0
1035.4545454545514,700.0
1034.5454545454486,700.0
1033.6363636363603,700.0
1032.727272727272,700.0
1031.8181818181765,700.0
1030.9090909090883,700.0
1030.0,700.0
1029.0909090909117,700.0
1028.1818181818235,700.0
1027.272727272728,700.0
1026.3636363636397,700.0
1025.4545454545514,700.0
1024.5454545454486,700.0
1023.6363636363603,700.0
1022.7272727272721,700.0
1021.8181818181765,700.0
1020.9090909090883,700.0
1020.0,700.0
1019.0909090909117,700.0
1018.1818181818235,700.0
1017.2727272727279,700.0
1016.3636363636397,700.0
1015.4545454545514,700.0
1014.5454545454486,700.0
1013.6363636363603,700.0
1012.7272727272721,700.0
1011.8181818181765,700.0
1010.9090909090883,700.0
1010.0,700.0
1009.0909090909117,700.0
1008.1818181818235,700.0
1007.2727272727279,700.0
1006.3636363636397,700.0
1005.4545454545514,700.0
1004.5454545454486,700.0
1003.6363636363603,700.0
1002.7272727272721,700.0
1001.8181818181765,700.0
1000.9090909090883,700.0
1000.0,700.0
999.0909090909117,700.0
998.1818181818235,700.0
997.2727272727279,700.0
996.3636363636397,700.0
995.4545454545514,700.0
994.5454545454486,700.0
993.6363636363603,700.0
992.7272727272721,700.0
991.8181818181765,700.0
990.9090909090883,700.0
990.0,700.0
989.0909090909117,700.0
988.1818181818235,700.0
987.2727272727279,700.0
986.3636363636397,700.0
985.4545454545514,700.0
984.5454545454486,700.0
983.6363636363603,700.0
982.7272727272721,700.0
981.8181818181765,700.0
980.9090909090883,700.0
980.0,700.0
979.0909090909117,700.0
978.1818181818235,700.0
977.2727272727279,700.0
976.3636363636397,700.0
975.4545454545514,700.0
974.5454545454486,700.0
973.6363636363603,700.0
972.7272727272721,700.0
971.8181818181765,700.0
970.9090909090883,700.0
970.0,700.0
969.0909090909117,700.0
968.1818181818235,700.0
967.2727272727279,700.0
966.3636363636397,700.0
965.4545454545514,700.0
964.5454545454486,700.0
963.6363636363603,700.0
962.7272727272721,700.0
961.8181818181765,700.0
960.9090909090883,700.0
960.0,700.0
959.0909090909117,700.0
958.1818181818235,700.0
957.2727272727279,700.0
956.3636363636397,700.0
955.4545454545514,700.0
954.5454545454486,700.0
953.6363636363603,700.0
952.7272727272721,700.0
951.8181818181765,700.0
950.9090909090883,700.0
950.0,700.0
949.0909090909117,700.0
948.1818181818235,700.0
947.2727272727279,700.0
946.3636363636397,700.0
945.4545454545514,700.0
944.5454545454486,700.0
943.6363636363603,700.0
942.7272727272721,700.0
941.8181818181765,700.0
940.9090909090883,700.0
940.0,700.0
939.0909090909117,700.0
938.1818181818235,700.0
937.2727272727279,700.0
936.3636363636397,700.0
935.4545454545514,700.0
934.5454545454486,700.0
933.6363636363603,700.0
932.7272727272721,700.0
931.8181818181765,700.0
930.9090909090883,700.0
930.0,700.0
929.0909090909117,700.909090909091
928.1818181818235,701.8181818181811
927.2727272727279,702.7272727272721
926.3636363636397,703.636363636364
925.4545454545514,704.545454545455
924.5454545454486,705.454545454545
923.6363636363603,706.363636363636
922.7272727272721,707.2727272727279
921.8181818181765,708.1818181818189
920.9090909090883,709.090909090909
920.0,710.0
919.0909090909117,710.909090909091
918.1818181818235,711.8181818181811
917.2727272727279,712.7272727272721
916.3636363636397,713.636363636364
915.4545454545514,714.545454545455
914.5454545454486,715.454545454545
913.6363636363603,716.363636363636
912.7272727272721,717.2727272727279
911.8181818181765,718.1818181818189
910.9090909090883,719.090909090909
910.0,720.0
909.0909090909117,720.909090909091
908.1818181818235,721.8181818181811
907.2727272727279,722.7272727272721
906.3636363636397,723.636363636364
905.4545454545514,724.545454545455
904.5454545454486,725.454545454545
903.6363636363603,726.363636363636
902.7272727272721,727.2727272727279
901.8181818181765,728.1818181818189
900.9090909090883,729.090909090909
900.0,730.0
899.0909090909117,730.909090909091
898.1818181818235,731.8181818181811
897.2727272727279,732.7272727272721
896.3636363636397,733.636363636364
895.4545454545514,734.545454545455
894.5454545454486,735.454545454545
893.6363636363603,736.363636363636
892.7272727272721,737.2727272727279
891.8181818181765,738.1818181818189
890.9090909090883,739.090909090909
890.0,740.0
889.0909090909117,740.909090909091
888.1818181818235,741.8181818181811
887.2727272727279,742.7272727272721
886.3636363636397,743.636363636364
885.4545454545514,744.5454545454559
884.5454545454486,745.4545454545441
883.6363636363603,746.363636363636
882.7272727272721,747.2727272727279
881.8181818181765,748.181818181818
880.9090909090883,749.0909090909081
880.0,750.0
879.0909090909117,750.9090909090919
878.1818181818235,751.818181818182
877.2727272727279,752.7272727272721
876.3636363636397,753.636363636364
875.4545454545514,754.5454545454559
874.5454545454486,755.4545454545441
873.6363636363603,756.363636363636
872.7272727272721,757.2727272727279
871.8181818181765,758.181818181818
870.9090909090883,759.0909090909081
870.0,760.0
869.0909090909117,760.9090909090919
868.1818181818235,761.818181818182
867.2727272727279,762.7272727272721
866.3636363636397,763.636363636364
865.4545454545514,764.5454545454559
864.5454545454486,765.4545454545441
863.6363636363603,766.363636363636
862.7272727272721,767.2727272727279
861.8181818181765,768.181818181818
860.9090909090883,769.0909090909081
860.0,770.0
859.0909090909117,770.0
858.1818181818235,770.0
857.2727272727279,770.0
856.3636363636397,770.0
855.4545454545514,770.0
854.5454545454486,770.0
853.6363636363603,770.0
852.7272727272721,770.0
851.8181818181765,770.0
850.9090909090883,770.0
850.0,770.0
849.0909090909117,770.0
848.1818181818235,770.0
847.2727272727279,770.0
846.3636363636397,770.0
845.4545454545514,770.0
844.5454545454486,770.0
843.6363636363603,770.0
842.7272727272721,770.0
841.8181818181765,770.0
840.9090909090883,770.0
840.0,770.0
839.0909090909117,770.0
838.1818181818235,770.0
837.2727272727279,770.0
836.3636363636397,770.0
835.4545454545514,770.0
834.5454545454486,770.0
833.6363636363603,770.0
832.7272727272721,770.0
831.8181818181765,770.0
830.9090909090883,770.0
830.0,770.0
829.0909090909117,770.9090909090919
828.1818181818235,771.818181818182
827.2727272727279,772.7272727272721
826.3636363636397,773.636363636364
825.4545454545514,774.5454545454559
824.5454545454486,775.4545454545441
823.6363636363603,776.363636363636
822.7272727272721,777.2727272727279
821.8181818181765,778.181818181818
820.9090909090883,779.0909090909081
820.0,780.0
819.0909090909117,780.9090909090919
818.1818181818235,781.818181818182
817.2727272727279,782.7272727272721
816.3636363636397,783.636363636364
815.4545454545514,784.5454545454559
814.5454545454486,785.4545454545441
813.6363636363603,786.363636363636
812.7272727272721,787.2727272727279
811.8181818181765,788.181818181818
810.9090909090883,789.0909090909081
810.0,790.0
809.0909090909117,790.9090909090919
808.1818181818235,791.818181818182
807.2727272727279,792.7272727272721
806.3636363636397,793.636363636364
805.4545454545514,794.5454545454559
804.5454545454486,795.4545454545441
803.6363636363603,796.363636363636
802.7272727272721,797.2727272727279
801.8181818181765,798.181818181818
800.9090909090883,799.0909090909081
800.0,800.0
799.0909090909117,800.9090909090919
798.1818181818235,801.818181818182
797.2727272727279,802.7272727272721
796.3636363636397,803.636363636364
795.4545454545514,804.5454545454559
794.5454545454486,805.4545454545441
793.6363636363603,806.363636363636
792.7272727272721,807.2727272727279
791.8181818181765,808.181818181818
790.9090909090883,809.0909090909081
790.0,810.0
789.0909090909117,810.9090909090919
788.1818181818235,811.818181818182
787.2727272727279,812.7272727272721
786.3636363636397,813.636363636364
785.4545454545514,814.5454545454559
784.5454545454486,815.4545454545441
783.6363636363603,816.363636363636
782.7272727272721,817.2727272727279
781.8181818181765,818.181818181818
780.9090909090883,819.0909090909081
780.0,820.0
779.0909090909117,820.9090909090919
778.1818181818235,821.818181818182
777.2727272727279,822.7272727272721
776.3636363636397,823.636363636364
775.4545454545514,824.5454545454559
774.5454545454486,825.4545454545441
773.6363636363603,826.363636363636
772.7272727272721,827.2727272727279
771.8181818181765,828.181818181818
770.9090909090883,829.0909090909081
770.0,830.0
769.0909090909117,830.9090909090919
768.1818181818235,831.818181818182
767.2727272727279,832.7272727272721
766.3636363636397,833.636363636364
765.4545454545514,834.5454545454559
764.5454545454486,835.4545454545441
763.6363636363603,836.363636363636
762.7272727272721,837.2727272727279
761.8181818181765,838.181818181818
760.9090909090883,839.0909090909081
760.0,840.0
759.0909090909117,840.9090909090919
758.1818181818235,841.818181818182
757.2727272727279,842.7272727272721
756.3636363636397,843.636363636364
755.4545454545514,844.5454545454559
754.5454545454486,845.4545454545441
753.6363636363603,846.363636363636
752.7272727272721,847.2727272727279
751.8181818181765,848.181818181818
750.9090909090883,849.0909090909081
750.0,850.0
749.0909090909117,850.0
748.1818181818235,850.0
747.2727272727279,850.0
746.3636363636397,850.0
745.4545454545514,850.0
744.5454545454486,850.0
743.6363636363603,850.0
742.7272727272721,850.0
741.8181818181765,850.0
740.9090909090883,850.0
740.0,850.0
739.0909090909117,850.0
738.1818181818235,850.0
737.2727272727279,850.0
736.3636363636397,850.0
735.4545454545514,850.0
734.5454545454486,850.0
733.6363636363603,850.0
732.7272727272721,850.0
731.8181818181765,850.0
730.9090909090883,850.0
730.0,850.0
729.0909090909117,850.0
728.1818181818235,850.0
727.2727272727279,850.0
726.3636363636397,850.0
725.4545454545514,850.0
724.5454545454486,850.0
723.6363636363603,850.0
722.7272727272721,850.0
721.8181818181765,850.0
720.9090909090883,850.0
720.0,850.0
719.0909090909117,850.0
718.1818181818235,850.0
717.2727272727279,850.0
716.3636363636397,850.0
715.4545454545514,850.0
714.5454545454486,850.0
713.6363636363603,850.0
712.7272727272721,850.0
711.8181818181765,850.0
710.9090909090883,850.0
710.0,850.0
709.0909090909117,850.0
708.1818181818235,850.0
707.2727272727279,850.0
706.3636363636397,850.0
705.4545454545514,850.0
704.5454545454486,850.0
703.6363636363603,850.0
702.7272727272721,850.0
701.8181818181765,850.0
700.9090909090883,850.0
700.0,850.0
699.0909090909117,850.0
698.1818181818235,850.0
697.2727272727279,850.0
696.3636363636397,850.0
695.4545454545514,850.0
694.5454545454486,850.0
693.6363636363603,850.0
692.7272727272721,850.0
691.8181818181765,850.0
690.9090909090883,850.0
690.0,850.0
689.0909090909117,850.9090909090919
688.1818181818235,851.818181818182
687.2727272727279,852.7272727272721
686.3636363636397,853.636363636364
685.4545454545514,854.5454545454559
684.5454545454486,855.4545454545441
683.6363636363603,856.363636363636
682.7272727272721,857.2727272727279
681.8181818181765,858.181818181818
680.9090909090883,859.0909090909081
680.0,860.0
679.0909090909117,860.9090909090919
678.1818181818235,861.818181818182
677.2727272727279,862.7272727272721
676.3636363636397,863.636363636364
675.4545454545514,864.5454545454559
674.5454545454486,865.4545454545441
673.6363636363603,866.363636363636
672.7272727272721,867.2727272727279
671.8181818181765,868.181818181818
670.9090909090883,869.0909090909081
670.0,870.0
669.0909090909117,870.9090909090919
668.1818181818235,871.818181818182
667.2727272727279,872.7272727272721
666.3636363636397,873.636363636364
665.4545454545514,874.5454545454559
664.5454545454486,875.4545454545441
663.6363636363603,876.363636363636
662.7272727272721,877.2727272727279
661.8181818181765,878.181818181818
660.9090909090883,879.0909090909081
660.0,880.0
659.0909090909117,880.9090909090919
658.1818181818235,881.818181818182
657.2727272727279,882.7272727272721
656.3636363636397,883.636363636364
655.4545454545514,884.5454545454559
654.5454545454486,885.4545454545441
653.6363636363603,886.363636363636
652.7272727272721,887.2727272727279
651.8181818181765,888.181818181818
650.9090909090883,889.0909090909081
650.0,890.0
649.0909090909117,890.9090909090919
648.1818181818235,891.818181818182
647.2727272727279,892.7272727272721
646.3636363636397,893.636363636364
645.4545454545514,894.5454545454559
644.5454545454486,895.4545454545441
643.6363636363603,896.363636363636
642.7272727272721,897.2727272727279
641.8181818181765,898.181818181818
640.9090909090883,899.0909090909081
640.0,900.0
639.0909090909117,900.9090909090919
638.1818181818235,901.818181818182
637.2727272727279,902.7272727272721
636.3636363636397,903.636363636364
635.4545454545514,904.5454545454559
634.5454545454486,905.4545454545441
633.6363636363603,906.363636363636
632.7272727272721,907.2727272727279
631.8181818181765,908.181818181818
630.9090909090883,909.0909090909081
630.0,910.0
629.0909090909117,910.9090909090919
628.1818181818235,911.818181818182
627.2727272727279,912.7272727272721
626.3636363636397,913.636363636364
625.4545454545514,914.5454545454559
624.5454545454486,915.4545454545441
623.6363636363603,916.363636363636
622.7272727272721,917.2727272727279
621.8181818181765,918.181818181818
620.9090909090883,919.0909090909081
620.0,920.0
619.0909090909117,920.9090909090919
618.1818181818235,921.818181818182
617.2727272727279,922.7272727272721
616.3636363636397,923.636363636364
615.4545454545514,924.5454545454559
614.5454545454486,925.4545454545441
613.6363636363603,926.363636363636
612.7272727272721,927.2727272727279
611.8181818181765,928.181818181818
610.9090909090883,929.0909090909081
610.0,930.0
609.0909090909117,930.9090909090919
608.1818181818235,931.818181818182
607.2727272727279,932.7272727272721
606.3636363636397,933.636363636364
605.4545454545514,934.5454545454559
604.5454545454486,935.4545454545441
603.6363636363603,936.363636363636
602.7272727272721,937.2727272727279
601.8181818181765,938.181818181818
600.9090909090883,939.0909090909081
600.0,940.0
599.0909090909117,940.0
598.1818181818235,940.0
597.2727272727279,940.0
596.3636363636397,940.0
595.4545454545514,940.0
594.5454545454486,940.0
593.6363636363603,940.0
592.7272727272721,940.0
591.8181818181765,940.0
590.9090909090883,940.0
590.0,940.0
589.0909090909117,940.0
588.1818181818235,940.0
587.2727272727279,940.0
586.3636363636397,940.0
585.4545454545514,940.0
584.5454545454486,940.0
583.6363636363603,940.0
582.7272727272721,940.0
581.8181818181765,940.0
580.9090909090883,940.0
580.0,940.0
579.0909090909117,940.0
578.1818181818235,940.0
577.2727272727279,940.0
576.3636363636397,940.0
575.4545454545514,940.0
574.5454545454486,940.0
573.6363636363603,940.0
572.7272727272721,940.0
571.8181818181765,940.0
570.9090909090883,940.0
570.0,940.0
569.0909090909117,940.0
568.1818181818235,940.0
567.2727272727279,940.0
566.3636363636397,940.0
565.4545454545514,940.0
564.5454545454486,940.0
563.6363636363603,940.0
562.7272727272721,940.0
561.8181818181765,940.0
560.9090909090883,940.0
560.0,940.0
559.0909090909117,940.0
558.1818181818235,940.0
557.2727272727279,940.0
556.3636363636397,940.0
555.4545454545514,940.0
554.5454545454486,940.0
553.6363636363603,940.0
552.7272727272721,940.0
551.8181818181765,940.0
550.9090909090883,940.0
550.0,940.0
549.0909090909117,940.0
548.1818181818235,940.0
547.2727272727279,940.0
546.3636363636397,940.0
545.4545454545514,940.0
544.5454545454486,940.0
543.6363636363603,940.0
542.7272727272721,940.0
541.8181818181765,940.0
540.9090909090883,940.0
540.0,940.0
539.0909090909117,940.9090909090919
538.1818181818235,941.818181818182
537.2727272727279,942.7272727272721
536.3636363636397,943.636363636364
535.4545454545514,944.5454545454559
534.5454545454486,945.4545454545441
533.6363636363603,946.363636363636
532.7272727272721,947.2727272727279
531.8181818181765,948.181818181818
530.9090909090883,949.0909090909081
530.0,950.0
529.0909090909117,950.9090909090919
528.1818181818235,951.818181818182
527.2727272727279,952.7272727272721
526.3636363636397,953.636363636364
525.4545454545514,954.5454545454559
524.5454545454486,955.4545454545441
523.6363636363603,956.363636363636
522.7272727272721,957.2727272727279
521.8181818181765,958.181818181818
520.9090909090883,959.0909090909081
520.0,960.0
519.0909090909117,960.9090909090919
518.1818181818235,961.818181818182
517.2727272727279,962.7272727272721
516.3636363636397,963.636363636364
515.4545454545514,964.5454545454559
514.5454545454486,965.4545454545441
513.6363636363603,966.363636363636
512.7272727272721,967.2727272727279
511.8181818181765,968.181818181818
510.90909090908826,969.0909090909081
510.0,970.0
509.09090909091174,970.9090909090919
508.1818181818235,971.818181818182
507.27272727272793,972.7272727272721
506.36363636363967,973.636363636364
505.4545454545514,974.5454545454559
504.5454545454486,975.4545454545441
503.63636363636033,976.363636363636
502.72727272727207,977.2727272727279
501.8181818181765,978.181818181818
500.90909090908826,979.0909090909081
500.0,980.0
500.0,980.9090909090919
500.0,981.818181818182
500.0,982.7272727272721
500.0,983.636363636364
500.0,984.5454545454559
500.0,985.4545454545441
500.0,986.363636363636
500.0,987.2727272727279
500.0,988.181818181818
500.0,989.0909090909081
500.0,990.0
500.0,990.9090909090919
500.0,991.818181818182
500.0,992.7272727272721
500.0,993.636363636364
500.0,994.5454545454559
500.0,995.4545454545441
500.0,996.363636363636
500.0,997.2727272727279
500.0,998.181818181818
500.0,999.0909090909081
500.0,1000.0
499.09090909091174,1000.0
498.1818181818235,1000.0
497.27272727272793,1000.0
496.36363636363967,1000.0
495.4545454545514,1000.0
494.5454545454486,1000.0
493.63636363636033,1000.0
492.72727272727207,1000.0
491.8181818181765,1000.0
490.90909090908826,1000.0
490.0,1000.0
489.09090909091174,1000.0
488.1818181818235,1000.0
487.27272727272793,1000.0
486.36363636363967,1000.0
485.4545454545514,1000.0
484.5454545454486,1000.0
483.63636363636033,1000.0
482.72727272727207,1000.0
481.8181818181765,1000.0
480.90909090908826,1000.0
480.0,1000.0
479.09090909091174,1000.0
478.1818181818235,1000.0
477.27272727272793,1000.0
476.36363636363967,1000.0
475.4545454545514,1000.0
474.5454545454486,1000.0
473.63636363636033,1000.0
472.72727272727207,1000.0
471.8181818181765,1000.0
470.90909090908826,1000.0
470.0,1000.0
469.09090909091174,1000.0
468.1818181818235,1000.0
467.27272727272793,1000.0
466.36363636363967,1000.0
465.4545454545514,1000.0
464.5454545454486,1000.0
463.63636363636033,1000.0
462.72727272727207,1000.0
461.8181818181765,1000.0
460.90909090908826,1000.0
460.0,1000.0
459.09090909091174,1000.0
458.1818181818235,1000.0
457.27272727272793,1000.0
456.36363636363967,1000.0
455.4545454545514,1000.0
454.5454545454486,1000.0
453.63636363636033,1000.0
452.72727272727207,1000.0
451.8181818181765,1000.0
450.90909090908826,1000.0
450.0,1000.0
449.09090909091174,1000.0
448.1818181818235,1000.0
447.27272727272793,1000.0
446.36363636363967,1000.0
445.4545454545514,1000.0
444.5454545454486,1000.0
443.63636363636033,1000.0
442.72727272727207,1000.0
441.8181818181765,1000.0
440.90909090908826,1000.0
440.0,1000.0
439.09090909091174,1000.0
438.1818181818235,1000.0
437.27272727272793,1000.0
436.36363636363967,1000.0
435.4545454545514,1000.0
434.5454545454486,1000.0
433.63636363636033,1000.0
432.72727272727207,1000.0
431.8181818181765,1000.0
430.90909090908826,1000.0
430.0,1000.0
429.09090909091174,1000.0
428.1818181818235,1000.0
427.27272727272793,1000.0
426.36363636363967,1000.0
425.4545454545514,1000.0
424.5454545454486,1000.0
423.63636363636033,1000.0
422.72727272727207,1000.0
421.8181818181765,1000.0
420.90909090908826,1000.0
420.0,1000.0
419.09090909091174,1000.9090909090919
418.1818181818235,1001.818181818182
417.27272727272793,1002.7272727272721
416.36363636363967,1003.636363636364
415.4545454545514,1004.5454545454559
414.5454545454486,1005.4545454545441
413.63636363636033,1006.363636363636
412.72727272727207,1007.2727272727279
411.8181818181765,1008.181818181818
410.90909090908826,1009.0909090909081
410.0,1010.0
409.09090909091174,1010.9090909090919
408.1818181818235,1011.818181818182
407.27272727272793,1012.7272727272721
406.36363636363967,1013.636363636364
405.4545454545514,1014.5454545454559
404.5454545454486,1015.4545454545441
403.63636363636033,1016.363636363636
402.72727272727207,1017.2727272727279
401.8181818181765,1018.181818181818
400.90909090908826,1019.0909090909081
400.0,1020.0
399.09090909091174,1020.9090909090919
398.1818181818235,1021.818181818182
397.27272727272793,1022.7272727272721
396.36363636363967,1023.636363636364
395.4545454545514,1024.5454545454559
394.5454545454486,1025.4545454545441
393.63636363636033,1026.363636363636
392.72727272727207,1027.272727272728
391.8181818181765,1028.181818181818
390.90909090908826,1029.090909090908
390.0,1030.0
389.09090909091174,1030.909090909092
388.1818181818235,1031.818181818182
387.27272727272793,1032.727272727272
386.36363636363967,1033.636363636364
385.4545454545514,1034.5454545454559
384.5454545454486,1035.4545454545441
383.63636363636033,1036.363636363636
382.72727272727207,1037.272727272728
381.8181818181765,1038.181818181818
380.90909090908826,1039.090909090908
380.0,1040.0
379.09090909091174,1040.909090909092
378.1818181818235,1041.818181818182
377.27272727272793,1042.727272727272
376.36363636363967,1043.636363636364
375.4545454545514,1044.5454545454559
374.5454545454486,1045.4545454545441
373.63636363636033,1046.363636363636
372.72727272727207,1047.272727272728
371.8181818181765,1048.181818181818
370.90909090908826,1049.090909090908
370.0,1050.0
369.09090909091174,1050.909090909092
368.1818181818235,1051.818181818182
367.27272727272793,1052.727272727272
366.36363636363967,1053.636363636364
365.4545454545514,1054.5454545454559
364.5454545454486,1055.4545454545441
363.63636363636033,1056.363636363636
362.72727272727207,1057.272727272728
361.8181818181765,1058.181818181818
360.90909090908826,1059.090909090908
360.0,1060.0
359.09090909091174,1060.909090909092
358.1818181818235,1061.818181818182
357.27272727272793,1062.727272727272
356.36363636363967,1063.636363636364
355.4545454545514,1064.5454545454559
354.5454545454486,1065.4545454545441
353.63636363636033,1066.363636363636
352.72727272727207,1067.272727272728
351.8181818181765,1068.181818181818
350.90909090908826,1069.090909090908
350.0,1070.0
350.90909090908826,1069.090909090908
351.8181818181765,1068.181818181818
352.72727272727207,1067.272727272728
353.63636363636033,1066.363636363636
354.5454545454486,1065.4545454545441
355.4545454545514,1064.5454545454559
356.36363636363967,1063.636363636364
357.27272727272793,1062.727272727272
358.1818181818235,1061.818181818182
359.09090909091174,1060.909090909092
360.0,1060.0
360.90909090908826,1059.090909090908
361.8181818181765,1058.181818181818
362.72727272727207,1057.272727272728
363.63636363636033,1056.363636363636
364.5454545454486,1055.4545454545441
365.4545454545514,1054.5454545454559
366.36363636363967,1053.636363636364
367.27272727272793,1052.727272727272
368.1818181818235,1051.818181818182
369.09090909091174,1050.909090909092
370.0,1050.0
370.90909090908826,1049.090909090908
371.8181818181765,1048.181818181818
372.72727272727207,1047.272727272728
373.63636363636033,1046.363636363636
374.5454545454486,1045.4545454545441
375.4545454545514,1044.5454545454559
376.36363636363967,1043.636363636364
377.27272727272793,1042.727272727272
378.1818181818235,1041.818181818182
379.09090909091174,1040.909090909092
380.0,1040.0
380.90909090908826,1039.090909090908
381.8181818181765,1038.181818181818
382.72727272727207,1037.272727272728
383.63636363636033,1036.363636363636
384.5454545454486,1035.4545454545441
385.4545454545514,1034.5454545454559
386.36363636363967,1033.636363636364
387.27272727272793,1032.727272727272
388.1818181818235,1031.818181818182
389.09090909091174,1030.909090909092
390.0,1030.0
390.90909090908826,1029.090909090908
391.8181818181765,1028.181818181818
392.72727272727207,1027.272727272728
393.63636363636033,1026.363636363636
394.5454545454486,1025.4545454545441
395.4545454545514,1024.5454545454559
396.36363636363967,1023.636363636364
397.27272727272793,1022.7272727272721
398.1818181818235,1021.818181818182
399.09090909091174,1020.9090909090919
400.0,1020.0
400.90909090908826,1019.0909090909081
401.8181818181765,1018.181818181818
402.72727272727207,1017.2727272727279
403.63636363636033,1016.363636363636
404.5454545454486,1015.4545454545441
405.4545454545514,1014.5454545454559
406.36363636363967,1013.636363636364
407.27272727272793,1012.7272727272721
408.1818181818235,1011.818181818182
409.09090909091174,1010.9090909090919
410.0,1010.0
410.90909090908826,1009.0909090909081
411.8181818181765,1008.181818181818
412.72727272727207,1007.2727272727279
413.63636363636033,1006.363636363636
414.5454545454486,1005.4545454545441
415.4545454545514,1004.5454545454559
416.36363636363967,1003.636363636364
417.27272727272793,1002.7272727272721
418.1818181818235,1001.818181818182
419.09090909091174,1000.9090909090919
420.0,1000.0
420.90909090908826,1000.0
421.8181818181765,1000.0
422.72727272727207,1000.0
423.63636363636033,1000.0
424.5454545454486,1000.0
425.4545454545514,1000.0
426.36363636363967,1000.0
427.27272727272793,1000.0
428.1818181818235,1000.0
429.09090909091174,1000.0
430.0,1000.0
430.90909090908826,1000.0
431.8181818181765,1000.0
432.72727272727207,1000.0
433.63636363636033,1000.0
434.5454545454486,1000.0
435.4545454545514,1000.0
436.36363636363967,1000.0
437.27272727272793,1000.0
438.1818181818235,1000.0
439.09090909091174,1000.0
440.0,1000.0
440.90909090908826,1000.0
441.8181818181765,1000.0
442.72727272727207,1000.0
443.63636363636033,1000.0
444.5454545454486,1000.0
445.4545454545514,1000.0
446.36363636363967,1000.0
447.27272727272793,1000.0
448.1818181818235,1000.0
449.09090909091174,1000.0
450.0,1000.0
450.90909090908826,1000.0
451.8181818181765,1000.0
452.72727272727207,1000.0
453.63636363636033,1000.0
454.5454545454486,1000.0
455.4545454545514,1000.0
456.36363636363967,1000.0
457.27272727272793,1000.0
458.1818181818235,1000.0
459.09090909091174,1000.0
460.0,1000.0
460.90909090908826,1000.0
461.8181818181765,1000.0
462.72727272727207,1000.0
463.63636363636033,1000.0
464.5454545454486,1000.0
465.4545454545514,1000.0
466.36363636363967,1000.0
467.27272727272793,1000.0
468.1818181818235,1000.0
469.09090909091174,1000.0
470.0,1000.0
470.90909090908826,1000.0
471.8181818181765,1000.0
472.72727272727207,1000.0
473.63636363636033,1000.0
474.5454545454486,1000.0
475.4545454545514,1000.0
476.36363636363967,1000.0
477.27272727272793,1000.0
478.1818181818235,1000.0
479.09090909091174,1000.0
480.0,1000.0
480.90909090908826,1000.0
481.8181818181765,1000.0
482.72727272727207,1000.0
483.63636363636033,1000.0
484.5454545454486,1000.0
485.4545454545514,1000.0
486.36363636363967,1000.0
487.27272727272793,1000.0
488.1818181818235,1000.0
489.09090909091174,1000.0
490.0,1000.0
490.90909090908826,1000.0
491.8181818181765,1000.0
492.72727272727207,1000.0
493.63636363636033,1000.0
494.5454545454486,1000.0
495.4545454545514,1000.0
496.36363636363967,1000.0
497.27272727272793,1000.0
498.1818181818235,1000.0
499.09090909091174,1000.0
500.0,1000.0
500.0,999.0909090909081
500.0,998.181818181818
500.0,997.2727272727279
500.0,996.363636363636
500.0,995.4545454545441
500.0,994.5454545454559
500.0,993.636363636364
500.0,992.7272727272721
500.0,991.818181818182
500.0,990.9090909090919
500.0,990.0
500.0,989.0909090909081
500.0,988.181818181818
500.0,987.2727272727279
500.0,986.363636363636
500.0,985.4545454545441
500.0,984.5454545454559
500.0,983.636363636364
500.0,982.7272727272721
500.0,981.818181818182
500.0,980.9090909090919
500.0,980.0
500.90909090908826,979.0909090909081
501.8181818181765,978.181818181818
502.72727272727207,977.2727272727279
503.63636363636033,976.363636363636
504.5454545454486,975.4545454545441
505.4545454545514,974.5454545454559
506.36363636363967,973.636363636364
507.27272727272793,972.7272727272721
508.1818181818235,971.818181818182
509.09090909091174,970.9090909090919
510.0,970.0
510.90909090908826,969.0909090909081
511.8181818181765,968.181818181818
512.7272727272721,967.2727272727279
513.6363636363603,966.363636363636
514.5454545454486,965.4545454545441
515.4545454545514,964.5454545454559
516.3636363636397,963.636363636364
517.2727272727279,962.7272727272721
518.1818181818235,961.818181818182
519.0909090909117,960.9090909090919
520.0,960.0
520.9090909090883,959.0909090909081
521.8181818181765,958.181818181818
522.7272727272721,957.2727272727279
523.6363636363603,956.363636363636
524.5454545454486,955.4545454545441
525.4545454545514,954.5454545454559
526.3636363636397,953.636363636364
527.2727272727279,952.7272727272721
528.1818181818235,951.818181818182
529.0909090909117,950.9090909090919
530.0,950.0
530.9090909090883,949.0909090909081
531.8181818181765,948.181818181818
532.7272727272721,947.2727272727279
533.6363636363603,946.363636363636
534.5454545454486,945.4545454545441
535.4545454545514,944.5454545454559
536.3636363636397,943.636363636364
537.2727272727279,942.7272727272721
538.1818181818235,941.818181818182
539.0909090909117,940.9090909090919
540.0,940.0
540.9090909090883,939.0909090909081
541.8181818181765,938.181818181818
542.7272727272721,937.2727272727279
543.6363636363603,936.363636363636
544.5454545454486,935.4545454545441
545.4545454545514,934.5454545454559
546.3636363636397,933.636363636364
547.2727272727279,932.7272727272721
548.1818181818235,931.818181818182
549.0909090909117,930.9090909090919
550.0,930.0
550.9090909090883,929.0909090909081
551.8181818181765,928.181818181818
552.7272727272721,927.2727272727279
553.6363636363603,926.363636363636
554.5454545454486,925.4545454545441
555.4545454545514,924.5454545454559
556.3636363636397,923.636363636364
557.2727272727279,922.7272727272721
558.1818181818235,921.818181818182
559.0909090909117,920.9090909090919
560.0,920.0
560.9090909090883,919.0909090909081
561.8181818181765,918.181818181818
562.7272727272721,917.2727272727279
563.6363636363603,916.363636363636
564.5454545454486,915.4545454545441
565.4545454545514,914.5454545454559
566.3636363636397,913.636363636364
567.2727272727279,912.7272727272721
568.1818181818235,911.818181818182
569.0909090909117,910.9090909090919
570.0,910.0
570.9090909090883,909.0909090909081
571.8181818181765,908.181818181818
572.7272727272721,907.2727272727279
573.6363636363603,906.363636363636
574.5454545454486,905.4545454545441
575.4545454545514,904.5454545454559
576.3636363636397,903.636363636364
577.2727272727279,902.7272727272721
578.1818181818235,901.818181818182
579.0909090909117,900.9090909090919
580.0,900.0
580.9090909090883,900.0
581.8181818181765,900.0
582.7272727272721,900.0
583.6363636363603,900.0
584.5454545454486,900.0
585.4545454545514,900.0
586.3636363636397,900.0
587.2727272727279,900.0
588.1818181818235,900.0
589.0909090909117,900.0
590.0,900.0
590.9090909090883,900.0
591.8181818181765,900.0
592.7272727272721,900.0
593.6363636363603,900.0
594.5454545454486,900.0
595.4545454545514,900.0
596.3636363636397,900.0
597.2727272727279,900.0
598.1818181818235,900.0
599.0909090909117,900.0
600.0,900.0
600.9090909090883,899.0909090909081
601.8181818181765,898.181818181818
602.7272727272721,897.2727272727279
603.6363636363603,896.363636363636
604.5454545454486,895.4545454545441
605.4545454545514,894.5454545454559
606.3636363636397,893.636363636364
607.2727272727279,892.7272727272721
608.1818181818235,891.818181818182
609.0909090909117,890.9090909090919
610.0,890.0
610.9090909090883,889.0909090909081
611.8181818181765,888.181818181818
612.7272727272721,887.2727272727279
613.6363636363603,886.363636363636
614.5454545454486,885.4545454545441
615.4545454545514,884.5454545454559
616.3636363636397,883.636363636364
617.2727272727279,882.7272727272721
618.1818181818235,881.818181818182
619.0909090909117,880.9090909090919
620.0,880.0
620.9090909090883,879.0909090909081
621.8181818181765,878.181818181818
622.7272727272721,877.2727272727279
623.6363636363603,876.363636363636
624.5454545454486,875.4545454545441
625.4545454545514,874.5454545454559
626.3636363636397,873.636363636364
627.2727272727279,872.7272727272721
628.1818181818235,871.818181818182
629.0909090909117,870.9090909090919
630.0,870.0
630.9090909090883,870.0
631.8181818181765,870.0
632.7272727272721,870.0
633.6363636363603,870.0
634.5454545454486,870.0
635.4545454545514,870.0
636.3636363636397,870.0
637.2727272727279,870.0
638.1818181818235,870.0
639.0909090909117,870.0
640.0,870.0
640.9090909090883,870.0
641.8181818181765,870.0
642.7272727272721,870.0
643.6363636363603,870.0
644.5454545454486,870.0
645.4545454545514,870.0
646.3636363636397,870.0
647.2727272727279,870.0
648.1818181818235,870.0
649.0909090909117,870.0
650.0,870.0
650.9090909090883,870.0
651.8181818181765,870.0
652.7272727272721,870.0
653.6363636363603,870.0
654.5454545454486,870.0
655.4545454545514,870.0
656.3636363636397,870.0
657.2727272727279,870.0
658.1818181818235,870.0
659.0909090909117,870.0
660.0,870.0
660.9090909090883,870.0
661.8181818181765,870.0
662.7272727272721,870.0
663.6363636363603,870.0
664.5454545454486,870.0
665.4545454545514,870.0
666.3636363636397,870.0
667.2727272727279,870.0
668.1818181818235,870.0
669.0909090909117,870.0
670.0,870.0
670.9090909090883,870.0
671.8181818181765,870.0
672.7272727272721,870.0
673.6363636363603,870.0
674.5454545454486,870.0
675.4545454545514,870.0
676.3636363636397,870.0
677.2727272727279,870.0
678.1818181818235,870.0
679.0909090909117,870.0
680.0,870.0
680.9090909090883,870.0
681.8181818181765,870.0
682.7272727272721,870.0
683.6363636363603,870.0
684.5454545454486,870.0
685.4545454545514,870.0
686.3636363636397,870.0
687.2727272727279,870.0
688.1818181818235,870.0
689.0909090909117,870.0
690.0,870.0
690.9090909090883,870.0
691.8181818181765,870.0
692.7272727272721,870.0
693.6363636363603,870.0
694.5454545454486,870.0
695.4545454545514,870.0
696.3636363636397,870.0
697.2727272727279,870.0
698.1818181818235,870.0
699.0909090909117,870.0
700.0,870.0
700.9090909090883,870.0
701.8181818181765,870.0
702.7272727272721,870.0
703.6363636363603,870.0
704.5454545454486,870.0
705.4545454545514,870.0
706.3636363636397,870.0
707.2727272727279,870.0
708.1818181818235,870.0
709.0909090909117,870.0
710.0,870.0
710.9090909090883,870.0
711.8181818181765,870.0
712.7272727272721,870.0
713.6363636363603,870.0
714.5454545454486,870.0
715.4545454545514,870.0
716.3636363636397,870.0
717.2727272727279,870.0
718.1818181818235,870.0
719.0909090909117,870.0
720.0,870.0
720.9090909090883,869.0909090909081
721.8181818181765,868.181818181818
722.7272727272721,867.2727272727279
723.6363636363603,866.363636363636
724.5454545454486,865.4545454545441
725.4545454545514,864.5454545454559
726.3636363636397,863.636363636364
727.2727272727279,862.7272727272721
728.1818181818235,861.818181818182
729.0909090909117,860.9090909090919
730.0,860.0
730.9090909090883,859.0909090909081
731.8181818181765,858.181818181818
732.7272727272721,857.2727272727279
733.6363636363603,856.363636363636
734.5454545454486,855.4545454545441
735.4545454545514,854.5454545454559
736.3636363636397,853.636363636364
737.2727272727279,852.7272727272721
738.1818181818235,851.818181818182
739.0909090909117,850.9090909090919
740.0,850.0
740.9090909090883,850.0
741.8181818181765,850.0
742.7272727272721,850.0
743.6363636363603,850.0
744.5454545454486,850.0
745.4545454545514,850.0
746.3636363636397,850.0
747.2727272727279,850.0
748.1818181818235,850.0
749.0909090909117,850.0
750.0,850.0
750.9090909090883,849.0909090909081
751.8181818181765,848.181818181818
752.7272727272721,847.2727272727279
753.6363636363603,846.363636363636
754.5454545454486,845.4545454545441
755.4545454545514,844.5454545454559
756.3636363636397,843.636363636364
757.2727272727279,842.7272727272721
758.1818181818235,841.818181818182
759.0909090909117,840.9090909090919
760.0,840.0
760.9090909090883,839.0909090909081
761.8181818181765,838.181818181818
762.7272727272721,837.2727272727279
763.6363636363603,836.363636363636
764.5454545454486,835.4545454545441
765.4545454545514,834.5454545454559
766.3636363636397,833.636363636364
767.2727272727279,832.7272727272721
768.1818181818235,831.818181818182
769.0909090909117,830.9090909090919
770.0,830.0
770.9090909090883,829.0909090909081
771.8181818181765,828.181818181818
772.7272727272721,827.2727272727279
773.6363636363603,826.363636363636
774.5454545454486,825.4545454545441
775.4545454545514,824.5454545454559
776.3636363636397,823.636363636364
777.2727272727279,822.7272727272721
778.1818181818235,821.818181818182
779.0909090909117,820.9090909090919
780.0,820.0
780.9090909090883,819.0909090909081
781.8181818181765,818.181818181818
782.7272727272721,817.2727272727279
783.6363636363603,816.363636363636
784.5454545454486,815.4545454545441
785.4545454545514,814.5454545454559
786.3636363636397,813.636363636364
787.2727272727279,812.7272727272721
788.1818181818235,811.818181818182
789.0909090909117,810.9090909090919
790.0,810.0
790.9090909090883,809.0909090909081
791.8181818181765,808.181818181818
792.7272727272721,807.2727272727279
793.6363636363603,806.363636363636
794.5454545454486,805.4545454545441
795.4545454545514,804.5454545454559
796.3636363636397,803.636363636364
797.2727272727279,802.7272727272721
798.1818181818235,801.818181818182
799.0909090909117,800.9090909090919
800.0,800.0
800.9090909090883,799.0909090909081
801.8181818181765,798.181818181818
802.7272727272721,797.2727272727279
803.6363636363603,796.363636363636
804.5454545454486,795.4545454545441
805.4545454545514,794.5454545454559
806.3636363636397,793.636363636364
807.2727272727279,792.7272727272721
808.1818181818235,791.818181818182
809.0909090909117,790.9090909090919
810.0,790.0
810.9090909090883,789.0909090909081
811.8181818181765,788.181818181818
812.7272727272721,787.2727272727279
813.6363636363603,786.363636363636
814.5454545454486,785.4545454545441
815.4545454545514,784.5454545454559
816.3636363636397,783.636363636364
817.2727272727279,782.7272727272721
818.1818181818235,781.818181818182
819.0909090909117,780.9090909090919
820.0,780.0
820.9090909090883,779.0909090909081
821.8181818181765,778.181818181818
822.7272727272721,777.2727272727279
823.6363636363603,776.363636363636
824.5454545454486,775.4545454545441
825.4545454545514,774.5454545454559
826.3636363636397,773.636363636364
827.2727272727279,772.7272727272721
828.1818181818235,771.818181818182
829.0909090909117,770.9090909090919
830.0,770.0
830.9090909090883,769.0909090909081
831.8181818181765,768.181818181818
832.7272727272721,767.2727272727279
833.6363636363603,766.363636363636
834.5454545454486,765.4545454545441
835.4545454545514,764.5454545454559
836.3636363636397,763.636363636364
837.2727272727279,762.7272727272721
838.1818181818235,761.818181818182
839.0909090909117,760.9090909090919
840.0,760.0
840.9090909090883,759.0909090909081
841.8181818181765,758.181818181818
842.7272727272721,757.2727272727279
843.6363636363603,756.363636363636
844.5454545454486,755.4545454545441
845.4545454545514,754.5454545454559
846.3636363636397,753.636363636364
847.2727272727279,752.7272727272721
848.1818181818235,751.818181818182
849.0909090909117,750.9090909090919
850.0,750.0
850.9090909090883,749.0909090909081
851.8181818181765,748.181818181818
852.7272727272721,747.2727272727279
853.6363636363603,746.363636363636
854.5454545454486,745.4545454545441
855.4545454545514,744.5454545454559
856.3636363636397,743.636363636364
857.2727272727279,742.7272727272721
858.1818181818235,741.8181818181811
859.0909090909117,740.909090909091
860.0,740.0
860.9090909090883,739.090909090909
861.8181818181765,738.1818181818189
862.7272727272721,737.2727272727279
863.6363636363603,736.363636363636
864.5454545454486,735.454545454545
865.4545454545514,734.545454545455
866.3636363636397,733.636363636364
867.2727272727279,732.7272727272721
868.1818181818235,731.8181818181811
869.0909090909117,730.909090909091
870.0,730.0
870.9090909090883,729.090909090909
871.8181818181765,728.1818181818189
872.7272727272721,727.2727272727279
873.6363636363603,726.363636363636
874.5454545454486,725.454545454545
875.4545454545514,724.545454545455
876.3636363636397,723.636363636364
877.2727272727279,722.7272727272721
878.1818181818235,721.8181818181811
879.0909090909117,720.909090909091
880.0,720.0
880.9090909090883,719.090909090909
881.8181818181765,718.1818181818189
882.7272727272721,717.2727272727279
883.6363636363603,716.363636363636
884.5454545454486,715.454545454545
885.4545454545514,714.545454545455
886.3636363636397,713.636363636364
887.2727272727279,712.7272727272721
888.1818181818235,711.8181818181811
889.0909090909117,710.909090909091
890.0,710.0
890.9090909090883,709.090909090909
891.8181818181765,708.1818181818189
892.7272727272721,707.2727272727279
893.6363636363603,706.363636363636
894.5454545454486,705.454545454545
895.4545454545514,704.545454545455
896.3636363636397,703.636363636364
897.2727272727279,702.7272727272721
898.1818181818235,701.8181818181811
899.0909090909117,700.909090909091
900.0,700.0
900.9090909090883,700.0
901.8181818181765,700.0
902.7272727272721,700.0
903.6363636363603,700.0
904.5454545454486,700.0
905.4545454545514,700.0
906.3636363636397,700.0
907.2727272727279,700.0
908.1818181818235,700.0
909.0909090909117,700.0
910.0,700.0
910.9090909090883,700.0
911.8181818181765,700.0
912.7272727272721,700.0
913.6363636363603,700.0
914.5454545454486,700.0
915.4545454545514,700.0
916.3636363636397,700.0
917.2727272727279,700.0
918.1818181818235,700.0
919.0909090909117,700.0
920.0,700.0
920.9090909090883,700.0
921.8181818181765,700.0
922.7272727272721,700.0
923.6363636363603,700.0
924.5454545454486,700.0
925.4545454545514,700.0
926.3636363636397,700.0
927.2727272727279,700.0
928.1818181818235,700.0
929.0909090909117,700.0
930.0,700.0
930.9090909090883,700.0
931.8181818181765,700.0
932.7272727272721,700.0
933.6363636363603,700.0
934.5454545454486,700.0
935.4545454545514,700.0
936.3636363636397,700.0
937.2727272727279,700.0
938.1818181818235,700.0
939.0909090909117,700.0
940.0,700.0
940.9090909090883,700.0
941.8181818181765,700.0
942.7272727272721,700.0
943.6363636363603,700.0
944.5454545454486,700.0
945.4545454545514,700.0
946.3636363636397,700.0
947.2727272727279,700.0
948.1818181818235,700.0
949.0909090909117,700.0
950.0,700.0
950.9090909090883,700.0
951.8181818181765,700.0
952.7272727272721,700.0
953.6363636363603,700.0
954.5454545454486,700.0
955.4545454545514,700.0
956.3636363636397,700.0
957.2727272727279,700.0
958.1818181818235,700.0
959.0909090909117,700.0
960.0,700.0
960.9090909090883,700.0
961.8181818181765,700.0
962.7272727272721,700.0
963.6363636363603,700.0
964.5454545454486,700.0
965.4545454545514,700.0
966.3636363636397,700.0
967.2727272727279,700.0
968.1818181818235,700.0
969.0909090909117,700.0
970.0,700.0
970.9090909090883,700.0
971.8181818181765,700.0
972.7272727272721,700.0
973.6363636363603,700.0
974.5454545454486,700.0
975.4545454545514,700.0
976.3636363636397,700.0
977.2727272727279,700.0
978.1818181818235,700.0
979.0909090909117,700.0
980.0,700.0
980.9090909090883,700.0
981.8181818181765,700.0
982.7272727272721,700.0
983.6363636363603,700.0
984.5454545454486,700.0
985.4545454545514,700.0
986.3636363636397,700.0
987.2727272727279,700.0
988.1818181818235,700.0
989.0909090909117,700.0
990.0,700.0
990.9090909090883,700.0
991.8181818181765,700.0
992.7272727272721,700.0
993.6363636363603,700.0
994.5454545454486,700.0
995.4545454545514,700.0
996.3636363636397,700.0
997.2727272727279,700.0
998.1818181818235,700.0
999.0909090909117,700.0
1000.0,700.0
1000.9090909090883,700.0
1001.8181818181765,700.0
1002.7272727272721,700.0
1003.6363636363603,700.0
1004.5454545454486,700.0
1005.4545454545514,700.0
1006.3636363636397,700.0
1007.2727272727279,700.0
1008.1818181818235,700.0
1009.0909090909117,700.0
1010.0,700.0
1010.9090909090883,700.0
1011.8181818181765,700.0
1012.7272727272721,700.0
1013.6363636363603,700.0
1014.5454545454486,700.0
1015.4545454545514,700.0
1016.3636363636397,700.0
1017.2727272727279,700.0
1018.1818181818235,700.0
1019.0909090909117,700.0
1020.0,700.0
1020.9090909090883,700.0
1021.8181818181765,700.0
1022.7272727272721,700.0
1023.6363636363603,700.0
1024.5454545454486,700.0
1025.4545454545514,700.0
1026.3636363636397,700.0
1027.272727272728,700.0
1028.1818181818235,700.0
1029.0909090909117,700.0
1030.0,700.0
1030.9090909090883,700.0
1031.8181818181765,700.0
1032.727272727272,700.0
1033.6363636363603,700.0
1034.5454545454486,700.0
1035.4545454545514,700.0
1036.3636363636397,700.0
1037.272727272728,700.0
1038.1818181818235,700.0
1039.0909090909117,700.0
1040.0,700.0
1040.9090909090883,700.0
1041.8181818181765,700.0
1042.727272727272,700.0
1043.6363636363603,700.0
1044.5454545454486,700.0
1045.4545454545514,700.0
1046.3636363636397,700.0
1047.272727272728,700.0
1048.1818181818235,700.0
1049.0909090909117,700.0
1050.0,700.0
1050.0,699.090909090909
1050.0,698.1818181818189
1050.0,697.2727272727279
1050.0,696.363636363636
1050.0,695.454545454545
1050.0,694.545454545455
1050.0,693.636363636364
1050.0,692.7272727272721
1050.0,691.8181818181811
1050.0,690.909090909091
1050.0,690.0
1050.0,689.090909090909
1050.0,688.1818181818189
1050.0,687.2727272727279
1050.0,686.363636363636
1050.0,685.454545454545
1050.0,684.545454545455
1050.0,683.636363636364
1050.0,682.7272727272721
1050.0,681.8181818181811
1050.0,680.909090909091
1050.0,680.0
1050.9090909090883,679.090909090909
1051.8181818181765,678.1818181818189
1052.727272727272,677.2727272727279
1053.6363636363603,676.363636363636
1054.5454545454486,675.454545454545
1055.4545454545514,674.545454545455
1056.3636363636397,673.636363636364
1057.272727272728,672.7272727272721
1058.1818181818235,671.8181818181811
1059.0909090909117,670.909090909091
1060.0,670.0
1060.9090909090883,669.090909090909
1061.8181818181765,668.1818181818189
1062.727272727272,667.2727272727279
1063.6363636363603,666.363636363636
1064.5454545454486,665.454545454545
1065.4545454545514,664.545454545455
1066.3636363636397,663.636363636364
1067.272727272728,662.7272727272721
1068.1818181818235,661.8181818181811
1069.0909090909117,660.909090909091
1070.0,660.0
1070.9090909090883,659.090909090909
1071.8181818181765,658.1818181818189
1072.727272727272,657.2727272727279
1073.6363636363603,656.363636363636
1074.5454545454486,655.454545454545
1075.4545454545514,654.545454545455
1076.3636363636397,653.636363636364
1077.272727272728,652.7272727272721
1078.1818181818235,651.8181818181811
1079.0909090909117,650.909090909091
1080.0,650.0
1080.9090909090883,649.090909090909
1081.8181818181765,648.1818181818189
1082.727272727272,647.2727272727279
1083.6363636363603,646.363636363636
1084.5454545454486,645.454545454545
1085.4545454545514,644.545454545455
1086.3636363636397,643.636363636364
1087.272727272728,642.7272727272721
1088.1818181818235,641.8181818181811
1089.0909090909117,640.909090909091
1090.0,640.0
1090.9090909090883,639.090909090909
1091.8181818181765,638.1818181818189
1092.727272727272,637.2727272727279
1093.6363636363603,636.363636363636
1094.5454545454486,635.454545454545
1095.4545454545514,634.545454545455
1096.3636363636397,633.636363636364
1097.272727272728,632.7272727272721
1098.1818181818235,631.8181818181811
1099.0909090909117,630.909090909091
1100.0,630.0
1100.9090909090883,629.090909090909
1101.8181818181765,628.1818181818189
1102.727272727272,627.2727272727279
1103.6363636363603,626.363636363636
1104.5454545454486,625.454545454545
1105.4545454545514,624.545454545455
1106.3636363636397,623.636363636364
1107.272727272728,622.7272727272721
1108.1818181818235,621.8181818181811
1109.0909090909117,620.909090909091
1110.0,620.0
1110.9090909090883,619.090909090909
1111.8181818181765,618.1818181818189
1112.727272727272,617.2727272727279
1113.6363636363603,616.363636363636
1114.5454545454486,615.454545454545
1115.4545454545514,614.545454545455
1116.3636363636397,613.636363636364
1117.272727272728,612.7272727272721
1118.1818181818235,611.8181818181811
1119.0909090909117,610.909090909091
1120.0,610.0
1120.9090909090883,609.090909090909
1121.8181818181765,608.1818181818189
1122.727272727272,607.2727272727279
1123.6363636363603,606.363636363636
1124.5454545454486,605.454545454545
1125.4545454545514,604.545454545455
1126.3636363636397,603.636363636364
1127.272727272728,602.7272727272721
1128.1818181818235,601.8181818181811
1129.0909090909117,600.909090909091
1130.0,600.0
1130.9090909090883,600.0
1131.8181818181765,600.0
1132.727272727272,600.0
1133.6363636363603,600.0
1134.5454545454486,600.0
1135.4545454545514,600.0
1136.3636363636397,600.0
1137.272727272728,600.0
1138.1818181818235,600.0
1139.0909090909117,600.0
1140.0,600.0
1140.9090909090883,600.0
1141.8181818181765,600.0
1142.727272727272,600.0
1143.6363636363603,600.0
1144.5454545454486,600.0
1145.4545454545514,600.0
1146.3636363636397,600.0
1147.272727272728,600.0
1148.1818181818235,600.0
1149.0909090909117,600.0
1150.0,600.0
1150.9090909090883,600.0
1151.8181818181765,600.0
1152.727272727272,600.0
1153.6363636363603,600.0
1154.5454545454486,600.0
1155.4545454545514,600.0
1156.3636363636397,600.0
1157.272727272728,600.0
1158.1818181818235,600.0
1159.0909090909117,600.0
1160.0,600.0
1160.9090909090883,600.0
1161.8181818181765,600.0
1162.727272727272,600.0
1163.6363636363603,600.0
1164.5454545454486,600.0
1165.4545454545514,600.0
1166.3636363636397,600.0
1167.272727272728,600.0
1168.1818181818235,600.0
1169.0909090909117,600.0
1170.0,600.0
1170.9090909090883,600.0
1171.8181818181765,600.0
1172.727272727272,600.0
1173.6363636363603,600.0
1174.5454545454486,600.0
1175.4545454545514,600.0
1176.3636363636397,600.0
1177.272727272728,600.0
1178.1818181818235,600.0
1179.0909090909117,600.0
1180.0,600.0
1180.9090909090883,600.0
1181.8181818181765,600.0
1182.727272727272,600.0
1183.6363636363603,600.0
1184.5454545454486,600.0
1185.4545454545514,600.0
1186.3636363636397,600.0
1187.272727272728,600.0
1188.1818181818235,600.0
1189.0909090909117,600.0
1190.0,600.0
1190.9090909090883,600.0
1191.8181818181765,600.0
1192.727272727272,600.0
1193.6363636363603,600.0
1194.5454545454486,600.0
1195.4545454545514,600.0
1196.3636363636397,600.0
1197.272727272728,600.0
1198.1818181818235,600.0
1199.0909090909117,600.0
1200.0,600.0
1200.9090909090883,599.090909090909
1201.8181818181765,598.1818181818189
1202.727272727272,597.2727272727279
1203.6363636363603,596.363636363636
1204.5454545454486,595.454545454545
1205.4545454545514,594.545454545455
1206.3636363636397,593.636363636364
1207.272727272728,592.7272727272721
1208.1818181818235,591.8181818181811
1209.0909090909117,590.909090909091
1210.0,590.0
1210.9090909090883,589.090909090909
1211.8181818181765,588.1818181818189
1212.727272727272,587.2727272727279
1213.6363636363603,586.363636363636
1214.5454545454486,585.454545454545
1215.4545454545514,584.545454545455
1216.3636363636397,583.636363636364
1217.272727272728,582.7272727272721
1218.1818181818235,581.8181818181811
1219.0909090909117,580.909090909091
1220.0,580.0
1220.9090909090883,580.0
1221.8181818181765,580.0
1222.727272727272,580.0
1223.6363636363603,580.0
1224.5454545454486,580.0
1225.4545454545514,580.0
1226.3636363636397,580.0
1227.272727272728,580.0
1228.1818181818235,580.0
1229.0909090909117,580.0
1230.0,580.0
1230.9090909090883,580.0
1231.8181818181765,580.0
1232.727272727272,580.0
1233.6363636363603,580.0
1234.5454545454486,580.0
1235.4545454545514,580.0
1236.3636363636397,580.0
1237.272727272728,580.0
1238.1818181818235,580.0
1239.0909090909117,580.0
1240.0,580.0
1240.9090909090883,580.0
1241.8181818181765,580.0
1242.727272727272,580.0
1243.6363636363603,580.0
1244.5454545454486,580.0
1245.4545454545514,580.0
1246.3636363636397,580.0
1247.272727272728,580.0
1248.1818181818235,580.0
1249.0909090909117,580.0
1250.0,580.0
1250.9090909090883,580.0
1251.8181818181765,580.0
1252.727272727272,580.0
1253.6363636363603,580.0
1254.5454545454486,580.0
1255.4545454545514,580.0
1256.3636363636397,580.0
1257.272727272728,580.0
1258.1818181818235,580.0
1259.0909090909117,580.0
1260.0,580.0
1260.9090909090883,580.0
1261.8181818181765,580.0
1262.727272727272,580.0
1263.6363636363603,580.0
1264.5454545454486,580.0
1265.4545454545514,580.0
1266.3636363636397,580.0
1267.272727272728,580.0
1268.1818181818235,580.0
1269.0909090909117,580.0
1270.0,580.0
1270.9090909090883,579.090909090909
1271.8181818181765,578.1818181818189
1272.727272727272,577.2727272727279
1273.6363636363603,576.363636363636
1274.5454545454486,575.454545454545
1275.4545454545514,574.545454545455
1276.3636363636397,573.636363636364
1277.272727272728,572.7272727272721
1278.1818181818235,571.8181818181811
1279.0909090909117,570.909090909091
1280.0,570.0
1280.9090909090883,570.0
1281.8181818181765,570.0
1282.727272727272,570.0
1283.6363636363603,570.0
1284.5454545454486,570.0
1285.4545454545514,570.0
1286.3636363636397,570.0
1287.272727272728,570.0
1288.1818181818235,570.0
1289.0909090909117,570.0
1290.0,570.0
1290.9090909090883,570.0
1291.8181818181765,570.0
1292.727272727272,570.0
1293.6363636363603,570.0
1294.5454545454486,570.0
1295.4545454545514,570.0
1296.3636363636397,570.0
1297.272727272728,570.0
1298.1818181818235,570.0
1299.0909090909117,570.0
1300.0,570.0
1300.9090909090883,570.0
1301.8181818181765,570.0
1302.727272727272,570.0
1303.6363636363603,570.0
1304.5454545454486,570.0
1305.4545454545514,570.0
1306.3636363636397,570.0
1307.272727272728,570.0
1308.1818181818235,570.0
1309.0909090909117,570.0
1310.0,570.0
1310.9090909090883,570.0
1311.8181818181765,570.0
1312.727272727272,570.0
1313.6363636363603,570.0
1314.5454545454486,570.0
1315.4545454545514,570.0
1316.3636363636397,570.0
1317.272727272728,570.0
1318.1818181818235,570.0
1319.0909090909117,570.0
1320.0,570.0
1320.9090909090883,570.0
1321.8181818181765,570.0
1322.727272727272,570.0
1323.6363636363603,570.0
1324.5454545454486,570.0
1325.4545454545514,570.0
1326.3636363636397,570.0
1327.272727272728,570.0
1328.1818181818235,570.0
1329.0909090909117,570.0
1330.0,570.0
1330.9090909090883,570.0
1331.8181818181765,570.0
1332.727272727272,570.0
1333.6363636363603,570.0
1334.5454545454486,570.0
1335.4545454545514,570.0
1336.3636363636397,570.0
1337.272727272728,570.0
1338.1818181818235,570.0
1339.0909090909117,570.0
1340.0,570.0
1340.9090909090883,570.0
1341.8181818181765,570.0
1342.727272727272,570.0
1343.6363636363603,570.0
1344.5454545454486,570.0
1345.4545454545514,570.0
1346.3636363636397,570.0
1347.272727272728,570.0
1348.1818181818235,570.0
1349.0909090909117,570.0
1350.0,570.0
1350.9090909090883,570.0
1351.8181818181765,570.0
1352.727272727272,570.0
1353.6363636363603,570.0
1354.5454545454486,570.0
1355.4545454545514,570.0
1356.3636363636397,570.0
1357.272727272728,570.0
1358.1818181818235,570.0
1359.0909090909117,570.0
1360.0,570.0
1360.9090909090883,570.0
1361.8181818181765,570.0
1362.727272727272,570.0
1363.6363636363603,570.0
1364.5454545454486,570.0
1365.4545454545514,570.0
1366.3636363636397,570.0
1367.272727272728,570.0
1368.1818181818235,570.0
1369.0909090909117,570.0
1370.0,570.0
1370.9090909090883,570.0
1371.8181818181765,570.0
1372.727272727272,570.0
1373.6363636363603,570.0
1374.5454545454486,570.0
1375.4545454545514,570.0
1376.3636363636397,570.0
1377.272727272728,570.0
1378.1818181818235,570.0
1379.0909090909117,570.0
1380.0,570.0
1380.9090909090883,570.0
1381.8181818181765,570.0
1382.727272727272,570.0
1383.6363636363603,570.0
1384.5454545454486,570.0
1385.4545454545514,570.0
1386.3636363636397,570.0
1387.272727272728,570.0
1388.1818181818235,570.0
1389.0909090909117,570.0
1390.0,570.0
1390.9090909090883,570.0
1391.8181818181765,570.0
1392.727272727272,570.0
1393.6363636363603,570.0
1394.5454545454486,570.0
1395.4545454545514,570.0
1396.3636363636397,570.0
1397.272727272728,570.0
1398.1818181818235,570.0
1399.0909090909117,570.0
1400.0,570.0
1400.9090909090883,570.0
1401.8181818181765,570.0
1402.727272727272,570.0
1403.6363636363603,570.0
1404.5454545454486,570.0
1405.4545454545514,570.0
1406.3636363636397,570.0
1407.272727272728,570.0
1408.1818181818235,570.0
1409.0909090909117,570.0
1410.0,570.0
1410.9090909090883,570.0
1411.8181818181765,570.0
1412.727272727272,570.0
1413.6363636363603,570.0
1414.5454545454486,570.0
1415.4545454545514,570.0
1416.3636363636397,570.0
1417.272727272728,570.0
1418.1818181818235,570.0
1419.0909090909117,570.0
1420.0,570.0
1420.9090909090883,570.0
1421.8181818181765,570.0
1422.727272727272,570.0
1423.6363636363603,570.0
1424.5454545454486,570.0
1425.4545454545514,570.0
1426.3636363636397,570.0
1427.272727272728,570.0
1428.1818181818235,570.0
1429.0909090909117,570.0
1430.0,570.0
1430.9090909090883,570.0
1431.8181818181765,570.0
1432.727272727272,570.0
1433.6363636363603,570.0
1434.5454545454486,570.0
1435.4545454545514,570.0
1436.3636363636397,570.0
1437.272727272728,570.0
1438.1818181818235,570.0
1439.0909090909117,570.0
1440.0,570.0
1440.9090909090883,570.0
1441.8181818181765,570.0
1442.727272727272,570.0
1443.6363636363603,570.0
1444.5454545454486,570.0
1445.4545454545514,570.0
1446.3636363636397,570.0
1447.272727272728,570.0
1448.1818181818235,570.0
1449.0909090909117,570.0
1450.0,570.0
1450.9090909090883,570.0
1451.8181818181765,570.0
1452.727272727272,570.0
1453.6363636363603,570.0
1454.5454545454486,570.0
1455.4545454545514,570.0
1456.3636363636397,570.0
1457.272727272728,570.0
1458.1818181818235,570.0
1459.0909090909117,570.0
1460.0,570.0
1460.9090909090883,570.0
1461.8181818181765,570.0
1462.727272727272,570.0
1463.6363636363603,570.0
1464.5454545454486,570.0
1465.4545454545514,570.0
1466.3636363636397,570.0
1467.272727272728,570.0
1468.1818181818235,570.0
1469.0909090909117,570.0
1470.0,570.0
1470.9090909090883,570.0
1471.8181818181765,570.0
1472.727272727272,570.0
1473.6363636363603,570.0
1474.5454545454486,570.0
1475.4545454545514,570.0
1476.3636363636397,570.0
1477.272727272728,570.0
1478.1818181818235,570.0
1479.0909090909117,570.0
1480.0,570.0
1480.9090909090883,570.0
1481.8181818181765,570.0
1482.727272727272,570.0
1483.6363636363603,570.0
1484.5454545454486,570.0
1485.4545454545514,570.0
1486.3636363636397,570.0
1487.272727272728,570.0
1488.1818181818235,570.0
1489.0909090909117,570.0
1490.0,570.0
1490.9090909090883,570.0
1491.8181818181765,570.0
1492.727272727272,570.0
1493.6363636363603,570.0
1494.5454545454486,570.0
1495.4545454545514,570.0
1496.3636363636397,570.0
1497.272727272728,570.0
1498.1818181818235,570.0
1499.0909090909117,570.0
1500.0,570.0
1500.9090909090883,570.0
1501.8181818181765,570.0
1502.727272727272,570.0
1503.6363636363603,570.0
1504.5454545454486,570.0
1505.4545454545514,570.0
1506.3636363636397,570.0
1507.272727272728,570.0
1508.1818181818235,570.0
1509.0909090909117,570.0
1510.0,570.0
1510.9090909090883,570.0
1511.8181818181765,570.0
1512.727272727272,570.0
1513.6363636363603,570.0
1514.5454545454486,570.0
1515.4545454545514,570.0
1516.3636363636397,570.0
1517.272727272728,570.0
1518.1818181818235,570.0
1519.0909090909117,570.0
1520.0,570.0
1520.9090909090883,570.0
1521.8181818181765,570.0
1522.727272727272,570.0
1523.6363636363603,570.0
1524.5454545454486,570.0
1525.4545454545514,570.0
1526.3636363636397,570.0
1527.272727272728,570.0
1528.1818181818235,570.0
1529.0909090909117,570.0
1530.0,570.0
1530.9090909090883,570.909090909091
1531.8181818181765,571.8181818181811
1532.727272727272,572.7272727272721
1533.6363636363603,573.636363636364
1534.5454545454486,574.545454545455
1535.4545454545514,575.454545454545
1536.3636363636397,576.363636363636
1537.272727272728,577.2727272727279
1538.1818181818235,578.1818181818189
1539.0909090909117,579.090909090909
1540.0,580.0
1540.9090909090883,580.909090909091
1541.8181818181765,581.8181818181811
1542.727272727272,582.7272727272721
1543.6363636363603,583.636363636364
1544.5454545454486,584.545454545455
1545.4545454545514,585.454545454545
1546.3636363636397,586.363636363636
1547.272727272728,587.2727272727279
1548.1818181818235,588.1818181818189
1549.0909090909117,589.090909090909
1550.0,590.0
1550.0,590.909090909091
1550.0,591.8181818181811
1550.0,592.7272727272721
1550.0,593.636363636364
1550.0,594.545454545455
1550.0,595.454545454545
1550.0,596.363636363636
1550.0,597.2727272727279
1550.0,598.1818181818189
1550.0,599.090909090909
1550.0,600.0
1550.0,600.909090909091
1550.0,601.8181818181811
1550.0,602.7272727272721
1550.0,603.636363636364
1550.0,604.545454545455
1550.0,605.454545454545
1550.0,606.363636363636
1550.0,607.2727272727279
1550.0,608.1818181818189
1550.0,609.090909090909
1550.0,610.0
1550.0,610.909090909091
1550.0,611.8181818181811
1550.0,612.7272727272721
1550.0,613.636363636364
1550.0,614.545454545455
1550.0,615.454545454545
1550.0,616.363636363636
1550.0,617.2727272727279
1550.0,618.1818181818189
1550.0,619.090909090909
1550.0,620.0
1550.0,620.909090909091
1550.0,621.8181818181811
1550.0,622.7272727272721
1550.0,623.636363636364
1550.0,624.545454545455
1550.0,625.454545454545
1550.0,626.363636363636
1550.0,627.2727272727279
1550.0,628.1818181818189
1550.0,629.090909090909
1550.0,630.0
1550.0,630.909090909091
1550.0,631.8181818181811
1550.0,632.7272727272721
1550.0,633.636363636364
1550.0,634.545454545455
1550.0,635.454545454545
1550.0,636.363636363636
1550.0,637.2727272727279
1550.0,638.1818181818189
1550.0,639.090909090909
1550.0,640.0
1550.0,640.909090909091
1550.0,641.8181818181811
1550.0,642.7272727272721
1550.0,643.636363636364
1550.0,644.545454545455
1550.0,645.454545454545
1550.0,646.363636363636
1550.0,647.2727272727279
1550.0,648.1818181818189
1550.0,649.090909090909
1550.0,650.0
1550.0,650.909090909091
1550.0,651.8181818181811
1550.0,652.7272727272721
1550.0,653.636363636364
1550.0,654.545454545455
1550.0,655.454545454545
1550.0,656.363636363636
1550.0,657.2727272727279
1550.0,658.1818181818189
1550.0,659.090909090909
1550.0,660.0
1550.0,660.909090909091
1550.0,661.8181818181811
1550.0,662.7272727272721
1550.0,663.636363636364
1550.0,664.545454545455
1550.0,665.454545454545
1550.0,666.363636363636
1550.0,667.2727272727279
1550.0,668.1818181818189
1550.0,669.090909090909
1550.0,670.0
1550.0,670.909090909091
1550.0,671.8181818181811
1550.0,672.7272727272721
1550.0,673.636363636364
1550.0,674.545454545455
1550.0,675.454545454545
1550.0,676.363636363636
1550.0,677.2727272727279
1550.0,678.1818181818189
1550.0,679.090909090909
1550.0,680.0
1550.0,680.909090909091
1550.0,681.8181818181811
1550.0,682.7272727272721
1550.0,683.636363636364
1550.0,684.545454545455
1550.0,685.454545454545
1550.0,686.363636363636
1550.0,687.2727272727279
1550.0,688.1818181818189
1550.0,689.090909090909
1550.0,690.0
1550.0,690.909090909091
1550.0,691.8181818181811
1550.0,692.7272727272721
1550.0,693.636363636364
1550.0,694.545454545455
1550.0,695.454545454545
1550.0,696.363636363636
1550.0,697.2727272727279
1550.0,698.1818181818189
1550.0,699.090909090909
1550.0,700.0
1550.0,700.909090909091
1550.0,701.8181818181811
1550.0,702.7272727272721
1550.0,703.636363636364
1550.0,704.545454545455
1550.0,705.454545454545
1550.0,706.363636363636
1550.0,707.2727272727279
1550.0,708.1818181818189
1550.0,709.090909090909
1550.0,710.0
1550.0,710.909090909091
1550.0,711.8181818181811
1550.0,712.7272727272721
1550.0,713.636363636364
1550.0,714.545454545455
1550.0,715.454545454545
1550.0,716.363636363636
1550.0,717.2727272727279
1550.0,718.1818181818189
1550.0,719.090909090909
1550.0,720.0
1550.0,720.909090909091
1550.0,721.8181818181811
1550.0,722.7272727272721
1550.0,723.636363636364
1550.0,724.545454545455
1550.0,725.454545454545
1550.0,726.363636363636
1550.0,727.2727272727279
1550.0,728.1818181818189
1550.0,729.090909090909
1550.0,730.0
1550.0,730.909090909091
1550.0,731.8181818181811
1550.0,732.7272727272721
1550.0,733.636363636364
1550.0,734.545454545455
1550.0,735.454545454545
1550.0,736.363636363636
1550.0,737.2727272727279
1550.0,738.1818181818189
1550.0,739.090909090909
1550.0,740.0
1550.0,740.909090909091
1550.0,741.8181818181811
1550.0,742.7272727272721
1550.0,743.636363636364
1550.0,744.5454545454559
1550.0,745.4545454545441
1550.0,746.363636363636
1550.0,747.2727272727279
1550.0,748.181818181818
1550.0,749.0909090909081
1550.0,750.0
1550.0,750.9090909090919
1550.0,751.818181818182
1550.0,752.7272727272721
1550.0,753.636363636364
1550.0,754.5454545454559
1550.0,755.4545454545441
1550.0,756.363636363636
1550.0,757.2727272727279
1550.0,758.181818181818
1550.0,759.0909090909081
1550.0,760.0
1550.0,760.9090909090919
1550.0,761.818181818182
1550.0,762.7272727272721
1550.0,763.636363636364
1550.0,764.5454545454559
1550.0,765.4545454545441
1550.0,766.363636363636
1550.0,767.2727272727279
1550.0,768.181818181818
1550.0,769.0909090909081
1550.0,770.0
1550.0,770.9090909090919
1550.0,771.818181818182
1550.0,772.7272727272721
1550.0,773.636363636364
1550.0,774.5454545454559
1550.0,775.4545454545441
1550.0,776.363636363636
1550.0,777.2727272727279
1550.0,778.181818181818
1550.0,779.0909090909081
1550.0,780.0
1550.0,780.9090909090919
1550.0,781.818181818182
1550.0,782.7272727272721
1550.0,783.636363636364
1550.0,784.5454545454559
1550.0,785.4545454545441
1550.0,786.363636363636
1550.0,787.2727272727279
1550.0,788.181818181818
1550.0,789.0909090909081
1550.0,790.0
1550.0,790.9090909090919
1550.0,791.818181818182
1550.0,792.7272727272721
1550.0,793.636363636364
1550.0,794.5454545454559
1550.0,795.4545454545441
1550.0,796.363636363636
1550.0,797.2727272727279
1550.0,798.181818181818
1550.0,799.0909090909081
1550.0,800.0
1550.0,800.9090909090919
1550.0,801.818181818182
1550.0,802.7272727272721
1550.0,803.636363636364
1550.0,804.5454545454559
1550.0,805.4545454545441
1550.0,806.363636363636
1550.0,807.2727272727279
1550.0,808.181818181818
1550.0,809.0909090909081
1550.0,810.0
1550.0,810.9090909090919
1550.0,811.818181818182
1550.0,812.7272727272721
1550.0,813.636363636364
1550.0,814.5454545454559
1550.0,815.4545454545441
1550.0,816.363636363636
1550.0,817.2727272727279
1550.0,818.181818181818
1550.0,819.0909090909081
1550.0,820.0
1550.0,820.9090909090919
1550.0,821.818181818182
1550.0,822.7272727272721
1550.0,823.636363636364
1550.0,824.5454545454559
1550.0,825.4545454545441
1550.0,826.363636363636
1550.0,827.2727272727279
1550.0,828.181818181818
1550.0,829.0909090909081
1550.0,830.0
1550.9090909090883,830.9090909090919
1551.8181818181765,831.818181818182
1552.727272727272,832.7272727272721
1553.6363636363603,833.636363636364
1554.5454545454486,834.5454545454559
1555.4545454545514,835.4545454545441
1556.3636363636397,836.363636363636
1557.272727272728,837.2727272727279
1558.1818181818235,838.181818181818
1559.0909090909117,839.0909090909081
1560.0,840.0
1560.9090909090883,840.9090909090919
1561.8181818181765,841.818181818182
1562.727272727272,842.7272727272721
1563.6363636363603,843.636363636364
1564.5454545454486,844.5454545454559
1565.4545454545514,845.4545454545441
1566.3636363636397,846.363636363636
1567.272727272728,847.2727272727279
1568.1818181818235,848.181818181818
1569.0909090909117,849.0909090909081
1570.0,850.0
1570.9090909090883,850.9090909090919
1571.8181818181765,851.818181818182
1572.727272727272,852.7272727272721
1573.6363636363603,853.636363636364
1574.5454545454486,854.5454545454559
1575.4545454545514,855.4545454545441
1576.3636363636397,856.363636363636
1577.272727272728,857.2727272727279
1578.1818181818235,858.181818181818
1579.0909090909117,859.0909090909081
1580.0,860.0
1580.9090909090883,860.9090909090919
1581.8181818181765,861.818181818182
1582.727272727272,862.7272727272721
1583.6363636363603,863.636363636364
1584.5454545454486,864.5454545454559
1585.4545454545514,865.4545454545441
1586.3636363636397,866.363636363636
1587.272727272728,867.2727272727279
1588.1818181818235,868.181818181818
1589.0909090909117,869.0909090909081
1590.0,870.0
1590.9090909090883,870.9090909090919
1591.8181818181765,871.818181818182
1592.727272727272,872.7272727272721
1593.6363636363603,873.636363636364
1594.5454545454486,874.5454545454559
1595.4545454545514,875.4545454545441
1596.3636363636397,876.363636363636
1597.272727272728,877.2727272727279
1598.1818181818235,878.181818181818
1599.0909090909117,879.0909090909081
1600.0,880.0
