ISO-10303-21;
HEADER;
/* Generated by software containing ST-Developer
 * from STEP Tools, Inc. (www.steptools.com) 
 */

FILE_DESCRIPTION(
/* description */ (''),
/* implementation_level */ '2;1');

FILE_NAME(
/* name */ 
'\\\\Shares\\repository\\Employee Files\\Glenn McDaniel\\Standard Part
s\\Actuator STEP Files\\P5 STD Pinuller.stp',
/* time_stamp */ '2016-06-24T08:52:20-07:00',
/* author */ ('gmcdaniel'),
/* organization */ (''),
/* preprocessor_version */ 'ST-DEVELOPER v16.1',
/* originating_system */ 'Autodesk Inventor 2016',
/* authorisation */ '');

FILE_SCHEMA (('AUTOMOTIVE_DESIGN { 1 0 10303 214 3 1 1 }'));
ENDSEC;

DATA;
#10=MECHANICAL_DESIGN_GEOMETRIC_PRESENTATION_REPRESENTATION('',(#3156,#3157,
#3158,#3159,#3160,#3161,#3162,#3163,#3164,#3169,#3165,#3166,#3167,#3168,
#3170,#3171,#3172,#3173,#3174,#3175,#3176,#3177,#3178,#3179,#3180,#3185,
#3181,#3182,#3183,#3184,#3186,#3187,#3188,#3189,#3190,#3191,#3192,#3193,
#3194,#3195,#3196,#3201,#3197,#3198,#3199,#3200,#3202,#3203,#3204,#3205,
#3206,#3207,#3208,#3209,#3210,#3211,#3212,#3217,#3213,#3214,#3215,#3216,
#3218,#3219,#3220,#3221,#3222,#3223,#3224,#3225,#3226,#3227,#3228,#3233,
#3229,#3230,#3231,#3232,#3234,#3235,#3236,#3237,#3238,#3239,#3240,#3241,
#3242,#3243,#3244,#3245,#3246,#3247,#3248,#3249,#3250,#3251,#3252,#3253,
#3254,#3255,#3256,#3257,#3258,#3259,#3260,#3261,#3262,#3263,#3264,#3265,
#3266,#3267,#3268,#3269,#3270,#3271,#3272,#3273,#3274,#3275,#3276,#3277,
#3278,#3279,#3280,#3281,#3282,#3283,#3284,#3285,#3286,#3287,#3288,#3289,
#3290,#3291,#3292,#3293,#3294,#3295,#3296,#3297,#3298,#3299,#3300,#3301,
#3302,#3303,#3304,#3305,#3306,#3307,#3308,#3309,#3310,#3311,#3312,#3313,
#3314,#3315,#3316,#3317,#3318,#3319,#3320,#3321,#3322,#3323,#3324,#3325,
#3326,#3327,#3328,#3329,#3330,#3331,#3332,#3333,#3334,#3335,#3336,#3337,
#3338,#3339,#3340,#3341,#3342,#3343,#3344,#3345,#3346,#3347,#3348,#3349,
#3350,#3351,#3352,#3353,#3354,#3355,#3356,#3357,#3358,#3359,#3360,#3361,
#3362,#3363,#3364,#3365,#3366,#3367,#3368,#3369,#3370,#3371,#3372,#3373,
#3374,#3375,#3376,#3377),#6394);
#11=SHAPE_REPRESENTATION_RELATIONSHIP('SRR','None',#6404,#12);
#12=ADVANCED_BREP_SHAPE_REPRESENTATION('',(#3604),#6393);
#13=CONICAL_SURFACE('',#3819,0.17145,45.0000000000001);
#14=CONICAL_SURFACE('',#3823,0.17145,45.0000000000001);
#15=CONICAL_SURFACE('',#3834,0.17145,45.0000000000001);
#16=CONICAL_SURFACE('',#3838,0.17145,45.0000000000001);
#17=CONICAL_SURFACE('',#3849,0.17145,45.0000000000001);
#18=CONICAL_SURFACE('',#3853,0.17145,45.0000000000001);
#19=CONICAL_SURFACE('',#3907,0.0981075,45.);
#20=CONICAL_SURFACE('',#3911,0.1524,45.);
#21=CONICAL_SURFACE('',#3915,0.17145,45.0000000000001);
#22=CONICAL_SURFACE('',#3922,0.17145,45.0000000000001);
#23=CONICAL_SURFACE('',#3933,1.006475,44.9999999999999);
#24=CONICAL_SURFACE('',#3934,0.05842,45.);
#25=CONICAL_SURFACE('',#3936,0.05842,45.);
#26=CONICAL_SURFACE('',#3940,0.38735,89.7226394772092);
#27=CONICAL_SURFACE('',#3941,0.38735,89.7226394772092);
#28=CONICAL_SURFACE('',#4017,0.24765,45.);
#29=CONICAL_SURFACE('',#4027,0.17272,44.9999999999997);
#30=CONICAL_SURFACE('',#4030,0.17272,45.);
#31=TOROIDAL_SURFACE('',#3760,0.411480000000001,0.0635);
#32=TOROIDAL_SURFACE('',#3764,0.223519999999999,0.0635);
#33=TOROIDAL_SURFACE('',#3774,0.223520000000001,0.0635);
#34=TOROIDAL_SURFACE('',#3778,0.411479999999999,0.0635);
#35=TOROIDAL_SURFACE('',#3790,0.317500000000001,0.0635);
#36=TOROIDAL_SURFACE('',#3794,0.317499999999999,0.0635);
#37=TOROIDAL_SURFACE('',#3805,0.317500000000001,0.0635);
#38=TOROIDAL_SURFACE('',#3809,0.317499999999999,0.0635);
#39=TOROIDAL_SURFACE('',#3872,0.3302,0.0127);
#40=TOROIDAL_SURFACE('',#3874,0.3302,0.0127);
#41=TOROIDAL_SURFACE('',#3881,0.3705225,0.06604);
#42=TOROIDAL_SURFACE('',#4013,0.2921,0.0381);
#43=FACE_BOUND('',#557,.T.);
#44=FACE_BOUND('',#559,.T.);
#45=FACE_BOUND('',#562,.T.);
#46=FACE_BOUND('',#564,.T.);
#47=FACE_BOUND('',#566,.T.);
#48=FACE_BOUND('',#568,.T.);
#49=FACE_BOUND('',#570,.T.);
#50=FACE_BOUND('',#572,.T.);
#51=FACE_BOUND('',#574,.T.);
#52=FACE_BOUND('',#577,.T.);
#53=FACE_BOUND('',#579,.T.);
#54=FACE_BOUND('',#581,.T.);
#55=FACE_BOUND('',#583,.T.);
#56=FACE_BOUND('',#585,.T.);
#57=FACE_BOUND('',#587,.T.);
#58=FACE_BOUND('',#589,.T.);
#59=FACE_BOUND('',#592,.T.);
#60=FACE_BOUND('',#594,.T.);
#61=FACE_BOUND('',#596,.T.);
#62=FACE_BOUND('',#598,.T.);
#63=FACE_BOUND('',#600,.T.);
#64=FACE_BOUND('',#602,.T.);
#65=FACE_BOUND('',#604,.T.);
#66=FACE_BOUND('',#607,.T.);
#67=FACE_BOUND('',#609,.T.);
#68=FACE_BOUND('',#611,.T.);
#69=FACE_BOUND('',#613,.T.);
#70=FACE_BOUND('',#615,.T.);
#71=FACE_BOUND('',#624,.T.);
#72=FACE_BOUND('',#626,.T.);
#73=FACE_BOUND('',#628,.T.);
#74=FACE_BOUND('',#630,.T.);
#75=FACE_BOUND('',#639,.T.);
#76=FACE_BOUND('',#641,.T.);
#77=FACE_BOUND('',#643,.T.);
#78=FACE_BOUND('',#645,.T.);
#79=FACE_BOUND('',#654,.T.);
#80=FACE_BOUND('',#656,.T.);
#81=FACE_BOUND('',#658,.T.);
#82=FACE_BOUND('',#660,.T.);
#83=FACE_BOUND('',#670,.T.);
#84=FACE_BOUND('',#673,.T.);
#85=FACE_BOUND('',#678,.T.);
#86=FACE_BOUND('',#682,.T.);
#87=FACE_BOUND('',#684,.T.);
#88=FACE_BOUND('',#687,.T.);
#89=FACE_BOUND('',#688,.T.);
#90=FACE_BOUND('',#690,.T.);
#91=FACE_BOUND('',#692,.T.);
#92=FACE_BOUND('',#694,.T.);
#93=FACE_BOUND('',#696,.T.);
#94=FACE_BOUND('',#699,.T.);
#95=FACE_BOUND('',#701,.T.);
#96=FACE_BOUND('',#703,.T.);
#97=FACE_BOUND('',#705,.T.);
#98=FACE_BOUND('',#707,.T.);
#99=FACE_BOUND('',#709,.T.);
#100=FACE_BOUND('',#711,.T.);
#101=FACE_BOUND('',#713,.T.);
#102=FACE_BOUND('',#715,.T.);
#103=FACE_BOUND('',#717,.T.);
#104=FACE_BOUND('',#719,.T.);
#105=FACE_BOUND('',#725,.T.);
#106=FACE_BOUND('',#726,.T.);
#107=FACE_BOUND('',#728,.T.);
#108=FACE_BOUND('',#730,.T.);
#109=FACE_BOUND('',#732,.T.);
#110=FACE_BOUND('',#734,.T.);
#111=FACE_BOUND('',#736,.T.);
#112=FACE_BOUND('',#738,.T.);
#113=FACE_BOUND('',#742,.T.);
#114=FACE_BOUND('',#743,.T.);
#115=FACE_BOUND('',#744,.T.);
#116=FACE_BOUND('',#745,.T.);
#117=FACE_BOUND('',#747,.T.);
#118=FACE_BOUND('',#749,.T.);
#119=FACE_BOUND('',#751,.T.);
#120=FACE_BOUND('',#756,.T.);
#121=FACE_BOUND('',#758,.T.);
#122=FACE_BOUND('',#767,.T.);
#123=FACE_BOUND('',#774,.T.);
#124=FACE_BOUND('',#776,.T.);
#125=FACE_BOUND('',#778,.T.);
#126=FACE_BOUND('',#780,.T.);
#127=FACE_BOUND('',#782,.T.);
#128=FACE_BOUND('',#784,.T.);
#129=FACE_BOUND('',#786,.T.);
#130=FACE_BOUND('',#788,.T.);
#131=FACE_BOUND('',#789,.T.);
#132=FACE_BOUND('',#790,.T.);
#133=FACE_BOUND('',#791,.T.);
#134=FACE_BOUND('',#792,.T.);
#135=FACE_BOUND('',#793,.T.);
#136=FACE_BOUND('',#794,.T.);
#137=FACE_BOUND('',#795,.T.);
#138=FACE_BOUND('',#797,.T.);
#139=FACE_BOUND('',#799,.T.);
#140=FACE_BOUND('',#801,.T.);
#141=FACE_BOUND('',#803,.T.);
#142=FACE_BOUND('',#805,.T.);
#143=FACE_BOUND('',#807,.T.);
#144=FACE_BOUND('',#809,.T.);
#145=FACE_BOUND('',#811,.T.);
#146=FACE_BOUND('',#813,.T.);
#147=FACE_BOUND('',#815,.T.);
#148=FACE_BOUND('',#817,.T.);
#149=FACE_BOUND('',#819,.T.);
#150=B_SPLINE_CURVE_WITH_KNOTS('',3,(#5444,#5445,#5446,#5447,#5448,#5449,
#5450,#5451,#5452,#5453,#5454,#5455,#5456,#5457,#5458,#5459,#5460,#5461,
#5462,#5463,#5464,#5465,#5466,#5467,#5468,#5469,#5470,#5471,#5472,#5473,
#5474,#5475,#5476,#5477),.UNSPECIFIED.,.T.,.F.,(4,2,2,2,2,2,2,2,2,2,2,2,
2,2,2,2,4),(0.,0.0239253849738165,0.0478507699476329,0.0717762451482262,
0.0957017203488195,0.119626639276206,0.143551558203592,0.16747657595428,
0.191401593704969,0.215326750829655,0.239251907954341,0.263176687507534,
0.287101467060727,0.311027085551228,0.334952704041729,0.358877945725338,
0.382803187408947),.UNSPECIFIED.);
#151=B_SPLINE_CURVE_WITH_KNOTS('',3,(#5501,#5502,#5503,#5504,#5505,#5506,
#5507,#5508,#5509,#5510,#5511,#5512,#5513,#5514,#5515,#5516,#5517,#5518,
#5519,#5520,#5521,#5522,#5523,#5524,#5525,#5526,#5527,#5528,#5529,#5530,
#5531,#5532,#5533,#5534),.UNSPECIFIED.,.T.,.F.,(4,2,2,2,2,2,2,2,2,2,2,2,
2,2,2,2,4),(0.,0.0239250177506885,0.0478500355013769,0.071774954428763,
0.0956998733561491,0.119625348556742,0.143550823757335,0.167476208731152,
0.191401593704968,0.215326835388578,0.239252077072187,0.263177695562688,
0.287103314053189,0.311028093606381,0.334952873159574,0.35887803028426,
0.382803187408947),.UNSPECIFIED.);
#152=B_SPLINE_CURVE_WITH_KNOTS('',3,(#5558,#5559,#5560,#5561,#5562,#5563,
#5564,#5565,#5566,#5567,#5568,#5569,#5570,#5571,#5572,#5573,#5574,#5575,
#5576,#5577,#5578,#5579,#5580,#5581,#5582,#5583,#5584,#5585,#5586,#5587,
#5588,#5589,#5590,#5591),.UNSPECIFIED.,.T.,.F.,(4,2,2,2,2,2,2,2,2,2,2,2,
2,2,2,2,4),(0.,0.0239633830013282,0.0479267660026563,0.0719502941966858,
0.0959738223907153,0.119937069629727,0.143900316868738,0.167823824782468,
0.191747332696197,0.21566356534629,0.239579797996382,0.263550320821111,
0.28752084364584,0.311582268690641,0.335643693735441,0.359569167024056,
0.383494640312672),.UNSPECIFIED.);
#153=B_SPLINE_CURVE_WITH_KNOTS('',3,(#5615,#5616,#5617,#5618,#5619,#5620,
#5621,#5622,#5623,#5624,#5625,#5626,#5627,#5628,#5629,#5630,#5631,#5632,
#5633,#5634,#5635,#5636,#5637,#5638,#5639,#5640,#5641,#5642,#5643,#5644,
#5645,#5646,#5647,#5648),.UNSPECIFIED.,.T.,.F.,(4,2,2,2,2,2,2,2,2,2,2,2,
2,2,2,2,4),(0.,0.0239235079137296,0.0478470158274591,0.0718102630664705,
0.0957735103054818,0.119797038499511,0.143820566693541,0.167783949694869,
0.191747332696197,0.215672805984813,0.239598279273428,0.263659704318228,
0.287721129363029,0.311691652187758,0.335662175012487,0.359578407662579,
0.383494640312672),.UNSPECIFIED.);
#154=B_SPLINE_CURVE_WITH_KNOTS('',3,(#5889,#5890,#5891,#5892,#5893,#5894),
 .UNSPECIFIED.,.F.,.F.,(4,2,4),(1.9163854234086,1.99426654127404,2.07214765913948),
 .UNSPECIFIED.);
#155=B_SPLINE_CURVE_WITH_KNOTS('',3,(#5898,#5899,#5900,#5901,#5902,#5903),
 .UNSPECIFIED.,.F.,.F.,(4,2,4),(0.586874395892578,0.664755513758013,0.742636631623447),
 .UNSPECIFIED.);
#156=B_SPLINE_CURVE_WITH_KNOTS('',3,(#5913,#5914,#5915,#5916,#5917,#5918,
#5919,#5920,#5921,#5922,#5923,#5924,#5925,#5926),.UNSPECIFIED.,.F.,.F.,
(4,2,2,2,2,2,4),(0.295747422056327,0.336943882851442,0.385794449229762,
0.410818576319549,0.416472954167967,0.418513457160315,0.419213519796399),
 .UNSPECIFIED.);
#157=B_SPLINE_CURVE_WITH_KNOTS('',3,(#5929,#5930,#5931,#5932,#5933,#5934,
#5935,#5936,#5937,#5938,#5939,#5940,#5941,#5942),.UNSPECIFIED.,.F.,.F.,
(4,2,2,2,2,2,4),(0.174823399061614,0.175052572087538,0.176708184689175,
0.179468913808411,0.185825651057635,0.204555215546938,0.430806302302465),
 .UNSPECIFIED.);
#158=B_SPLINE_CURVE_WITH_KNOTS('',3,(#5946,#5947,#5948,#5949,#5950,#5951,
#5952,#5953,#5954,#5955,#5956,#5957,#5958,#5959),.UNSPECIFIED.,.F.,.F.,
(4,2,2,2,2,2,4),(0.295747421964831,0.336943882731531,0.385794449074043,
0.410818576143924,0.416472953989045,0.418513456980716,0.419213519616486),
 .UNSPECIFIED.);
#159=B_SPLINE_CURVE_WITH_KNOTS('',3,(#5963,#5964,#5965,#5966,#5967,#5968,
#5969,#5970,#5971,#5972,#5973,#5974,#5975,#5976),.UNSPECIFIED.,.F.,.F.,
(4,2,2,2,2,2,4),(0.174823399062417,0.175052572088558,0.176708184691777,
0.179468913814051,0.185825651069419,0.204555215575438,0.430806302516756),
 .UNSPECIFIED.);
#160=B_SPLINE_CURVE_WITH_KNOTS('',3,(#5982,#5983,#5984,#5985,#5986,#5987,
#5988,#5989,#5990,#5991,#5992,#5993,#5994,#5995,#5996,#5997,#5998,#5999,
#6000,#6001,#6002,#6003,#6004,#6005,#6006,#6007,#6008,#6009,#6010,#6011,
#6012,#6013,#6014,#6015),.UNSPECIFIED.,.T.,.F.,(4,2,2,2,2,2,2,2,2,2,2,2,
2,2,2,2,4),(0.,0.0598875176332399,0.11977503526648,0.179661695533339,0.239548355800198,
0.299435016067057,0.359321676333915,0.419209193967155,0.479096711600395,
0.538984229233635,0.598871746866875,0.658758407133734,0.718645067400593,
0.778531727667452,0.838418387934311,0.898305905567551,0.958193423200791),
 .UNSPECIFIED.);
#161=B_SPLINE_CURVE_WITH_KNOTS('',3,(#6017,#6018,#6019,#6020,#6021,#6022,
#6023,#6024,#6025,#6026,#6027,#6028,#6029,#6030),.UNSPECIFIED.,.F.,.F.,
(4,2,2,2,2,2,4),(0.675672816183105,0.721448826489113,0.841705768158023,
0.961962709826933,1.08221965149584,1.20247659316475,1.24825260347076),
 .UNSPECIFIED.);
#162=B_SPLINE_CURVE_WITH_KNOTS('',3,(#6033,#6034,#6035,#6036,#6037,#6038,
#6039,#6040),.UNSPECIFIED.,.F.,.F.,(4,2,2,4),(0.,0.12025694166891,0.24051388333782,
0.286289893643827),.UNSPECIFIED.);
#163=B_SPLINE_CURVE_WITH_KNOTS('',3,(#6041,#6042,#6043,#6044,#6045,#6046,
#6047,#6048),.UNSPECIFIED.,.F.,.F.,(4,2,2,4),(1.63763552601004,1.68341153631605,
1.80366847798496,1.92392541965387),.UNSPECIFIED.);
#164=B_SPLINE_CURVE_WITH_KNOTS('',3,(#6141,#6142,#6143,#6144,#6145,#6146,
#6147,#6148,#6149,#6150,#6151,#6152,#6153,#6154,#6155,#6156,#6157,#6158,
#6159,#6160,#6161,#6162,#6163,#6164,#6165,#6166,#6167,#6168,#6169,#6170,
#6171,#6172,#6173,#6174),.UNSPECIFIED.,.T.,.F.,(4,2,2,2,2,2,2,2,2,2,2,2,
2,2,2,2,4),(0.,0.0182109490005458,0.0364218980010916,0.054632723600246,
0.0728435491994005,0.091054374798555,0.109265200397709,0.127476149398255,
0.145687098398801,0.161928246453521,0.178169394508241,0.194410323081359,
0.210651251654478,0.226892180227596,0.243133108800714,0.259374256855434,
0.275615404910154),.UNSPECIFIED.);
#165=B_SPLINE_CURVE_WITH_KNOTS('',3,(#6177,#6178,#6179,#6180,#6181,#6182,
#6183,#6184,#6185,#6186,#6187,#6188,#6189,#6190,#6191,#6192,#6193,#6194,
#6195,#6196,#6197,#6198,#6199,#6200,#6201,#6202,#6203,#6204,#6205,#6206,
#6207,#6208,#6209,#6210),.UNSPECIFIED.,.T.,.F.,(4,2,2,2,2,2,2,2,2,2,2,2,
2,2,2,2,4),(0.,0.0182109490005458,0.0364218980010915,0.054632723600246,
0.0728435491994004,0.0910543747985549,0.109265200397709,0.127476149398255,
0.145687098398801,0.161928246453521,0.178169394508241,0.194410323081359,
0.210651251654477,0.226892180227596,0.243133108800714,0.259374256855434,
0.275615404910154),.UNSPECIFIED.);
#166=ORIENTED_CLOSED_SHELL('',*,#3599,.F.);
#167=ORIENTED_CLOSED_SHELL('',*,#3600,.F.);
#168=ORIENTED_CLOSED_SHELL('',*,#3601,.F.);
#169=ORIENTED_CLOSED_SHELL('',*,#3602,.F.);
#170=PLANE('',#3610);
#171=PLANE('',#3611);
#172=PLANE('',#3617);
#173=PLANE('',#3632);
#174=PLANE('',#3635);
#175=PLANE('',#3639);
#176=PLANE('',#3641);
#177=PLANE('',#3646);
#178=PLANE('',#3652);
#179=PLANE('',#3662);
#180=PLANE('',#3665);
#181=PLANE('',#3671);
#182=PLANE('',#3672);
#183=PLANE('',#3675);
#184=PLANE('',#3678);
#185=PLANE('',#3679);
#186=PLANE('',#3689);
#187=PLANE('',#3695);
#188=PLANE('',#3696);
#189=PLANE('',#3697);
#190=PLANE('',#3711);
#191=PLANE('',#3718);
#192=PLANE('',#3724);
#193=PLANE('',#3730);
#194=PLANE('',#3740);
#195=PLANE('',#3741);
#196=PLANE('',#3748);
#197=PLANE('',#3749);
#198=PLANE('',#3755);
#199=PLANE('',#3756);
#200=PLANE('',#3770);
#201=PLANE('',#3779);
#202=PLANE('',#3785);
#203=PLANE('',#3786);
#204=PLANE('',#3800);
#205=PLANE('',#3801);
#206=PLANE('',#3810);
#207=PLANE('',#3811);
#208=PLANE('',#3812);
#209=PLANE('',#3813);
#210=PLANE('',#3814);
#211=PLANE('',#3815);
#212=PLANE('',#3816);
#213=PLANE('',#3817);
#214=PLANE('',#3825);
#215=PLANE('',#3826);
#216=PLANE('',#3827);
#217=PLANE('',#3828);
#218=PLANE('',#3829);
#219=PLANE('',#3830);
#220=PLANE('',#3831);
#221=PLANE('',#3832);
#222=PLANE('',#3840);
#223=PLANE('',#3841);
#224=PLANE('',#3842);
#225=PLANE('',#3843);
#226=PLANE('',#3844);
#227=PLANE('',#3845);
#228=PLANE('',#3846);
#229=PLANE('',#3847);
#230=PLANE('',#3855);
#231=PLANE('',#3856);
#232=PLANE('',#3857);
#233=PLANE('',#3858);
#234=PLANE('',#3859);
#235=PLANE('',#3860);
#236=PLANE('',#3861);
#237=PLANE('',#3862);
#238=PLANE('',#3863);
#239=PLANE('',#3865);
#240=PLANE('',#3870);
#241=PLANE('',#3883);
#242=PLANE('',#3884);
#243=PLANE('',#3891);
#244=PLANE('',#3895);
#245=PLANE('',#3897);
#246=PLANE('',#3899);
#247=PLANE('',#3902);
#248=PLANE('',#3909);
#249=PLANE('',#3923);
#250=PLANE('',#3924);
#251=PLANE('',#3925);
#252=PLANE('',#3926);
#253=PLANE('',#3927);
#254=PLANE('',#3943);
#255=PLANE('',#3946);
#256=PLANE('',#3960);
#257=PLANE('',#3965);
#258=PLANE('',#3970);
#259=PLANE('',#3971);
#260=PLANE('',#3972);
#261=PLANE('',#3977);
#262=PLANE('',#3987);
#263=PLANE('',#3990);
#264=PLANE('',#4011);
#265=PLANE('',#4019);
#266=PLANE('',#4020);
#267=PLANE('',#4021);
#268=PLANE('',#4022);
#269=PLANE('',#4028);
#270=PLANE('',#4029);
#271=FACE_OUTER_BOUND('',#492,.T.);
#272=FACE_OUTER_BOUND('',#493,.T.);
#273=FACE_OUTER_BOUND('',#494,.T.);
#274=FACE_OUTER_BOUND('',#495,.T.);
#275=FACE_OUTER_BOUND('',#496,.T.);
#276=FACE_OUTER_BOUND('',#497,.T.);
#277=FACE_OUTER_BOUND('',#498,.T.);
#278=FACE_OUTER_BOUND('',#499,.T.);
#279=FACE_OUTER_BOUND('',#500,.T.);
#280=FACE_OUTER_BOUND('',#501,.T.);
#281=FACE_OUTER_BOUND('',#502,.T.);
#282=FACE_OUTER_BOUND('',#503,.T.);
#283=FACE_OUTER_BOUND('',#504,.T.);
#284=FACE_OUTER_BOUND('',#505,.T.);
#285=FACE_OUTER_BOUND('',#506,.T.);
#286=FACE_OUTER_BOUND('',#507,.T.);
#287=FACE_OUTER_BOUND('',#508,.T.);
#288=FACE_OUTER_BOUND('',#509,.T.);
#289=FACE_OUTER_BOUND('',#510,.T.);
#290=FACE_OUTER_BOUND('',#511,.T.);
#291=FACE_OUTER_BOUND('',#512,.T.);
#292=FACE_OUTER_BOUND('',#513,.T.);
#293=FACE_OUTER_BOUND('',#514,.T.);
#294=FACE_OUTER_BOUND('',#515,.T.);
#295=FACE_OUTER_BOUND('',#516,.T.);
#296=FACE_OUTER_BOUND('',#517,.T.);
#297=FACE_OUTER_BOUND('',#518,.T.);
#298=FACE_OUTER_BOUND('',#519,.T.);
#299=FACE_OUTER_BOUND('',#520,.T.);
#300=FACE_OUTER_BOUND('',#521,.T.);
#301=FACE_OUTER_BOUND('',#522,.T.);
#302=FACE_OUTER_BOUND('',#523,.T.);
#303=FACE_OUTER_BOUND('',#524,.T.);
#304=FACE_OUTER_BOUND('',#525,.T.);
#305=FACE_OUTER_BOUND('',#526,.T.);
#306=FACE_OUTER_BOUND('',#527,.T.);
#307=FACE_OUTER_BOUND('',#528,.T.);
#308=FACE_OUTER_BOUND('',#529,.T.);
#309=FACE_OUTER_BOUND('',#530,.T.);
#310=FACE_OUTER_BOUND('',#531,.T.);
#311=FACE_OUTER_BOUND('',#532,.T.);
#312=FACE_OUTER_BOUND('',#533,.T.);
#313=FACE_OUTER_BOUND('',#534,.T.);
#314=FACE_OUTER_BOUND('',#535,.T.);
#315=FACE_OUTER_BOUND('',#536,.T.);
#316=FACE_OUTER_BOUND('',#537,.T.);
#317=FACE_OUTER_BOUND('',#538,.T.);
#318=FACE_OUTER_BOUND('',#539,.T.);
#319=FACE_OUTER_BOUND('',#540,.T.);
#320=FACE_OUTER_BOUND('',#541,.T.);
#321=FACE_OUTER_BOUND('',#542,.T.);
#322=FACE_OUTER_BOUND('',#543,.T.);
#323=FACE_OUTER_BOUND('',#544,.T.);
#324=FACE_OUTER_BOUND('',#545,.T.);
#325=FACE_OUTER_BOUND('',#546,.T.);
#326=FACE_OUTER_BOUND('',#547,.T.);
#327=FACE_OUTER_BOUND('',#548,.T.);
#328=FACE_OUTER_BOUND('',#549,.T.);
#329=FACE_OUTER_BOUND('',#550,.T.);
#330=FACE_OUTER_BOUND('',#551,.T.);
#331=FACE_OUTER_BOUND('',#552,.T.);
#332=FACE_OUTER_BOUND('',#553,.T.);
#333=FACE_OUTER_BOUND('',#554,.T.);
#334=FACE_OUTER_BOUND('',#555,.T.);
#335=FACE_OUTER_BOUND('',#556,.T.);
#336=FACE_OUTER_BOUND('',#558,.T.);
#337=FACE_OUTER_BOUND('',#560,.T.);
#338=FACE_OUTER_BOUND('',#561,.T.);
#339=FACE_OUTER_BOUND('',#563,.T.);
#340=FACE_OUTER_BOUND('',#565,.T.);
#341=FACE_OUTER_BOUND('',#567,.T.);
#342=FACE_OUTER_BOUND('',#569,.T.);
#343=FACE_OUTER_BOUND('',#571,.T.);
#344=FACE_OUTER_BOUND('',#573,.T.);
#345=FACE_OUTER_BOUND('',#575,.T.);
#346=FACE_OUTER_BOUND('',#576,.T.);
#347=FACE_OUTER_BOUND('',#578,.T.);
#348=FACE_OUTER_BOUND('',#580,.T.);
#349=FACE_OUTER_BOUND('',#582,.T.);
#350=FACE_OUTER_BOUND('',#584,.T.);
#351=FACE_OUTER_BOUND('',#586,.T.);
#352=FACE_OUTER_BOUND('',#588,.T.);
#353=FACE_OUTER_BOUND('',#590,.T.);
#354=FACE_OUTER_BOUND('',#591,.T.);
#355=FACE_OUTER_BOUND('',#593,.T.);
#356=FACE_OUTER_BOUND('',#595,.T.);
#357=FACE_OUTER_BOUND('',#597,.T.);
#358=FACE_OUTER_BOUND('',#599,.T.);
#359=FACE_OUTER_BOUND('',#601,.T.);
#360=FACE_OUTER_BOUND('',#603,.T.);
#361=FACE_OUTER_BOUND('',#605,.T.);
#362=FACE_OUTER_BOUND('',#606,.T.);
#363=FACE_OUTER_BOUND('',#608,.T.);
#364=FACE_OUTER_BOUND('',#610,.T.);
#365=FACE_OUTER_BOUND('',#612,.T.);
#366=FACE_OUTER_BOUND('',#614,.T.);
#367=FACE_OUTER_BOUND('',#616,.T.);
#368=FACE_OUTER_BOUND('',#617,.T.);
#369=FACE_OUTER_BOUND('',#618,.T.);
#370=FACE_OUTER_BOUND('',#619,.T.);
#371=FACE_OUTER_BOUND('',#620,.T.);
#372=FACE_OUTER_BOUND('',#621,.T.);
#373=FACE_OUTER_BOUND('',#622,.T.);
#374=FACE_OUTER_BOUND('',#623,.T.);
#375=FACE_OUTER_BOUND('',#625,.T.);
#376=FACE_OUTER_BOUND('',#627,.T.);
#377=FACE_OUTER_BOUND('',#629,.T.);
#378=FACE_OUTER_BOUND('',#631,.T.);
#379=FACE_OUTER_BOUND('',#632,.T.);
#380=FACE_OUTER_BOUND('',#633,.T.);
#381=FACE_OUTER_BOUND('',#634,.T.);
#382=FACE_OUTER_BOUND('',#635,.T.);
#383=FACE_OUTER_BOUND('',#636,.T.);
#384=FACE_OUTER_BOUND('',#637,.T.);
#385=FACE_OUTER_BOUND('',#638,.T.);
#386=FACE_OUTER_BOUND('',#640,.T.);
#387=FACE_OUTER_BOUND('',#642,.T.);
#388=FACE_OUTER_BOUND('',#644,.T.);
#389=FACE_OUTER_BOUND('',#646,.T.);
#390=FACE_OUTER_BOUND('',#647,.T.);
#391=FACE_OUTER_BOUND('',#648,.T.);
#392=FACE_OUTER_BOUND('',#649,.T.);
#393=FACE_OUTER_BOUND('',#650,.T.);
#394=FACE_OUTER_BOUND('',#651,.T.);
#395=FACE_OUTER_BOUND('',#652,.T.);
#396=FACE_OUTER_BOUND('',#653,.T.);
#397=FACE_OUTER_BOUND('',#655,.T.);
#398=FACE_OUTER_BOUND('',#657,.T.);
#399=FACE_OUTER_BOUND('',#659,.T.);
#400=FACE_OUTER_BOUND('',#661,.T.);
#401=FACE_OUTER_BOUND('',#662,.T.);
#402=FACE_OUTER_BOUND('',#663,.T.);
#403=FACE_OUTER_BOUND('',#664,.T.);
#404=FACE_OUTER_BOUND('',#665,.T.);
#405=FACE_OUTER_BOUND('',#666,.T.);
#406=FACE_OUTER_BOUND('',#667,.T.);
#407=FACE_OUTER_BOUND('',#668,.T.);
#408=FACE_OUTER_BOUND('',#669,.T.);
#409=FACE_OUTER_BOUND('',#671,.T.);
#410=FACE_OUTER_BOUND('',#672,.T.);
#411=FACE_OUTER_BOUND('',#674,.T.);
#412=FACE_OUTER_BOUND('',#675,.T.);
#413=FACE_OUTER_BOUND('',#676,.T.);
#414=FACE_OUTER_BOUND('',#677,.T.);
#415=FACE_OUTER_BOUND('',#679,.T.);
#416=FACE_OUTER_BOUND('',#680,.T.);
#417=FACE_OUTER_BOUND('',#681,.T.);
#418=FACE_OUTER_BOUND('',#683,.T.);
#419=FACE_OUTER_BOUND('',#685,.T.);
#420=FACE_OUTER_BOUND('',#686,.T.);
#421=FACE_OUTER_BOUND('',#689,.T.);
#422=FACE_OUTER_BOUND('',#691,.T.);
#423=FACE_OUTER_BOUND('',#693,.T.);
#424=FACE_OUTER_BOUND('',#695,.T.);
#425=FACE_OUTER_BOUND('',#697,.T.);
#426=FACE_OUTER_BOUND('',#698,.T.);
#427=FACE_OUTER_BOUND('',#700,.T.);
#428=FACE_OUTER_BOUND('',#702,.T.);
#429=FACE_OUTER_BOUND('',#704,.T.);
#430=FACE_OUTER_BOUND('',#706,.T.);
#431=FACE_OUTER_BOUND('',#708,.T.);
#432=FACE_OUTER_BOUND('',#710,.T.);
#433=FACE_OUTER_BOUND('',#712,.T.);
#434=FACE_OUTER_BOUND('',#714,.T.);
#435=FACE_OUTER_BOUND('',#716,.T.);
#436=FACE_OUTER_BOUND('',#718,.T.);
#437=FACE_OUTER_BOUND('',#720,.T.);
#438=FACE_OUTER_BOUND('',#721,.T.);
#439=FACE_OUTER_BOUND('',#722,.T.);
#440=FACE_OUTER_BOUND('',#723,.T.);
#441=FACE_OUTER_BOUND('',#724,.T.);
#442=FACE_OUTER_BOUND('',#727,.T.);
#443=FACE_OUTER_BOUND('',#729,.T.);
#444=FACE_OUTER_BOUND('',#731,.T.);
#445=FACE_OUTER_BOUND('',#733,.T.);
#446=FACE_OUTER_BOUND('',#735,.T.);
#447=FACE_OUTER_BOUND('',#737,.T.);
#448=FACE_OUTER_BOUND('',#739,.T.);
#449=FACE_OUTER_BOUND('',#740,.T.);
#450=FACE_OUTER_BOUND('',#741,.T.);
#451=FACE_OUTER_BOUND('',#746,.T.);
#452=FACE_OUTER_BOUND('',#748,.T.);
#453=FACE_OUTER_BOUND('',#750,.T.);
#454=FACE_OUTER_BOUND('',#752,.T.);
#455=FACE_OUTER_BOUND('',#753,.T.);
#456=FACE_OUTER_BOUND('',#754,.T.);
#457=FACE_OUTER_BOUND('',#755,.T.);
#458=FACE_OUTER_BOUND('',#757,.T.);
#459=FACE_OUTER_BOUND('',#759,.T.);
#460=FACE_OUTER_BOUND('',#760,.T.);
#461=FACE_OUTER_BOUND('',#761,.T.);
#462=FACE_OUTER_BOUND('',#762,.T.);
#463=FACE_OUTER_BOUND('',#763,.T.);
#464=FACE_OUTER_BOUND('',#764,.T.);
#465=FACE_OUTER_BOUND('',#765,.T.);
#466=FACE_OUTER_BOUND('',#766,.T.);
#467=FACE_OUTER_BOUND('',#768,.T.);
#468=FACE_OUTER_BOUND('',#769,.T.);
#469=FACE_OUTER_BOUND('',#770,.T.);
#470=FACE_OUTER_BOUND('',#771,.T.);
#471=FACE_OUTER_BOUND('',#772,.T.);
#472=FACE_OUTER_BOUND('',#773,.T.);
#473=FACE_OUTER_BOUND('',#775,.T.);
#474=FACE_OUTER_BOUND('',#777,.T.);
#475=FACE_OUTER_BOUND('',#779,.T.);
#476=FACE_OUTER_BOUND('',#781,.T.);
#477=FACE_OUTER_BOUND('',#783,.T.);
#478=FACE_OUTER_BOUND('',#785,.T.);
#479=FACE_OUTER_BOUND('',#787,.T.);
#480=FACE_OUTER_BOUND('',#796,.T.);
#481=FACE_OUTER_BOUND('',#798,.T.);
#482=FACE_OUTER_BOUND('',#800,.T.);
#483=FACE_OUTER_BOUND('',#802,.T.);
#484=FACE_OUTER_BOUND('',#804,.T.);
#485=FACE_OUTER_BOUND('',#806,.T.);
#486=FACE_OUTER_BOUND('',#808,.T.);
#487=FACE_OUTER_BOUND('',#810,.T.);
#488=FACE_OUTER_BOUND('',#812,.T.);
#489=FACE_OUTER_BOUND('',#814,.T.);
#490=FACE_OUTER_BOUND('',#816,.T.);
#491=FACE_OUTER_BOUND('',#818,.T.);
#492=EDGE_LOOP('',(#2202,#2203,#2204,#2205,#2206,#2207));
#493=EDGE_LOOP('',(#2208,#2209,#2210,#2211));
#494=EDGE_LOOP('',(#2212,#2213,#2214,#2215,#2216,#2217,#2218,#2219));
#495=EDGE_LOOP('',(#2220,#2221,#2222,#2223));
#496=EDGE_LOOP('',(#2224,#2225,#2226,#2227,#2228,#2229));
#497=EDGE_LOOP('',(#2230,#2231,#2232,#2233));
#498=EDGE_LOOP('',(#2234,#2235,#2236,#2237));
#499=EDGE_LOOP('',(#2238,#2239,#2240,#2241));
#500=EDGE_LOOP('',(#2242,#2243,#2244,#2245));
#501=EDGE_LOOP('',(#2246,#2247,#2248,#2249,#2250,#2251,#2252,#2253));
#502=EDGE_LOOP('',(#2254,#2255,#2256,#2257));
#503=EDGE_LOOP('',(#2258,#2259,#2260,#2261,#2262,#2263,#2264,#2265,#2266,
#2267,#2268,#2269));
#504=EDGE_LOOP('',(#2270,#2271,#2272,#2273));
#505=EDGE_LOOP('',(#2274,#2275,#2276,#2277));
#506=EDGE_LOOP('',(#2278,#2279,#2280,#2281));
#507=EDGE_LOOP('',(#2282,#2283,#2284,#2285));
#508=EDGE_LOOP('',(#2286,#2287,#2288,#2289,#2290,#2291));
#509=EDGE_LOOP('',(#2292,#2293,#2294,#2295,#2296,#2297,#2298,#2299));
#510=EDGE_LOOP('',(#2300,#2301,#2302,#2303));
#511=EDGE_LOOP('',(#2304,#2305,#2306,#2307));
#512=EDGE_LOOP('',(#2308,#2309,#2310,#2311));
#513=EDGE_LOOP('',(#2312,#2313,#2314,#2315));
#514=EDGE_LOOP('',(#2316,#2317,#2318,#2319));
#515=EDGE_LOOP('',(#2320,#2321,#2322,#2323));
#516=EDGE_LOOP('',(#2324,#2325,#2326,#2327,#2328,#2329,#2330,#2331));
#517=EDGE_LOOP('',(#2332,#2333,#2334,#2335,#2336,#2337));
#518=EDGE_LOOP('',(#2338,#2339,#2340,#2341));
#519=EDGE_LOOP('',(#2342,#2343,#2344,#2345));
#520=EDGE_LOOP('',(#2346,#2347,#2348,#2349));
#521=EDGE_LOOP('',(#2350,#2351,#2352,#2353));
#522=EDGE_LOOP('',(#2354,#2355,#2356,#2357,#2358,#2359,#2360,#2361,#2362,
#2363,#2364,#2365));
#523=EDGE_LOOP('',(#2366,#2367,#2368,#2369));
#524=EDGE_LOOP('',(#2370,#2371,#2372,#2373));
#525=EDGE_LOOP('',(#2374,#2375,#2376,#2377));
#526=EDGE_LOOP('',(#2378,#2379,#2380,#2381));
#527=EDGE_LOOP('',(#2382,#2383,#2384,#2385));
#528=EDGE_LOOP('',(#2386,#2387,#2388,#2389));
#529=EDGE_LOOP('',(#2390,#2391,#2392,#2393,#2394,#2395,#2396,#2397,#2398,
#2399,#2400,#2401));
#530=EDGE_LOOP('',(#2402,#2403,#2404,#2405));
#531=EDGE_LOOP('',(#2406,#2407,#2408,#2409));
#532=EDGE_LOOP('',(#2410,#2411,#2412,#2413,#2414,#2415,#2416,#2417));
#533=EDGE_LOOP('',(#2418,#2419,#2420,#2421));
#534=EDGE_LOOP('',(#2422,#2423,#2424,#2425));
#535=EDGE_LOOP('',(#2426,#2427,#2428,#2429));
#536=EDGE_LOOP('',(#2430,#2431,#2432,#2433));
#537=EDGE_LOOP('',(#2434,#2435,#2436,#2437,#2438,#2439));
#538=EDGE_LOOP('',(#2440,#2441,#2442,#2443,#2444,#2445,#2446,#2447));
#539=EDGE_LOOP('',(#2448,#2449,#2450,#2451,#2452,#2453));
#540=EDGE_LOOP('',(#2454,#2455,#2456,#2457,#2458,#2459));
#541=EDGE_LOOP('',(#2460,#2461,#2462,#2463,#2464,#2465,#2466,#2467));
#542=EDGE_LOOP('',(#2468,#2469,#2470,#2471));
#543=EDGE_LOOP('',(#2472,#2473,#2474,#2475,#2476,#2477));
#544=EDGE_LOOP('',(#2478,#2479,#2480,#2481));
#545=EDGE_LOOP('',(#2482,#2483,#2484,#2485));
#546=EDGE_LOOP('',(#2486,#2487,#2488,#2489));
#547=EDGE_LOOP('',(#2490,#2491,#2492,#2493));
#548=EDGE_LOOP('',(#2494,#2495,#2496,#2497));
#549=EDGE_LOOP('',(#2498,#2499,#2500,#2501,#2502,#2503,#2504,#2505));
#550=EDGE_LOOP('',(#2506,#2507,#2508,#2509,#2510,#2511,#2512,#2513,#2514,
#2515,#2516,#2517));
#551=EDGE_LOOP('',(#2518,#2519,#2520,#2521));
#552=EDGE_LOOP('',(#2522,#2523,#2524,#2525));
#553=EDGE_LOOP('',(#2526,#2527,#2528,#2529));
#554=EDGE_LOOP('',(#2530,#2531,#2532,#2533));
#555=EDGE_LOOP('',(#2534,#2535,#2536,#2537));
#556=EDGE_LOOP('',(#2538));
#557=EDGE_LOOP('',(#2539));
#558=EDGE_LOOP('',(#2540));
#559=EDGE_LOOP('',(#2541));
#560=EDGE_LOOP('',(#2542));
#561=EDGE_LOOP('',(#2543));
#562=EDGE_LOOP('',(#2544));
#563=EDGE_LOOP('',(#2545));
#564=EDGE_LOOP('',(#2546));
#565=EDGE_LOOP('',(#2547));
#566=EDGE_LOOP('',(#2548));
#567=EDGE_LOOP('',(#2549));
#568=EDGE_LOOP('',(#2550));
#569=EDGE_LOOP('',(#2551));
#570=EDGE_LOOP('',(#2552));
#571=EDGE_LOOP('',(#2553));
#572=EDGE_LOOP('',(#2554));
#573=EDGE_LOOP('',(#2555));
#574=EDGE_LOOP('',(#2556));
#575=EDGE_LOOP('',(#2557));
#576=EDGE_LOOP('',(#2558));
#577=EDGE_LOOP('',(#2559));
#578=EDGE_LOOP('',(#2560));
#579=EDGE_LOOP('',(#2561));
#580=EDGE_LOOP('',(#2562));
#581=EDGE_LOOP('',(#2563));
#582=EDGE_LOOP('',(#2564));
#583=EDGE_LOOP('',(#2565));
#584=EDGE_LOOP('',(#2566));
#585=EDGE_LOOP('',(#2567));
#586=EDGE_LOOP('',(#2568));
#587=EDGE_LOOP('',(#2569));
#588=EDGE_LOOP('',(#2570));
#589=EDGE_LOOP('',(#2571));
#590=EDGE_LOOP('',(#2572));
#591=EDGE_LOOP('',(#2573));
#592=EDGE_LOOP('',(#2574));
#593=EDGE_LOOP('',(#2575));
#594=EDGE_LOOP('',(#2576));
#595=EDGE_LOOP('',(#2577));
#596=EDGE_LOOP('',(#2578));
#597=EDGE_LOOP('',(#2579));
#598=EDGE_LOOP('',(#2580));
#599=EDGE_LOOP('',(#2581));
#600=EDGE_LOOP('',(#2582));
#601=EDGE_LOOP('',(#2583));
#602=EDGE_LOOP('',(#2584));
#603=EDGE_LOOP('',(#2585));
#604=EDGE_LOOP('',(#2586));
#605=EDGE_LOOP('',(#2587));
#606=EDGE_LOOP('',(#2588));
#607=EDGE_LOOP('',(#2589));
#608=EDGE_LOOP('',(#2590));
#609=EDGE_LOOP('',(#2591));
#610=EDGE_LOOP('',(#2592));
#611=EDGE_LOOP('',(#2593));
#612=EDGE_LOOP('',(#2594));
#613=EDGE_LOOP('',(#2595));
#614=EDGE_LOOP('',(#2596));
#615=EDGE_LOOP('',(#2597));
#616=EDGE_LOOP('',(#2598,#2599,#2600,#2601));
#617=EDGE_LOOP('',(#2602,#2603,#2604,#2605));
#618=EDGE_LOOP('',(#2606,#2607,#2608,#2609));
#619=EDGE_LOOP('',(#2610,#2611,#2612,#2613));
#620=EDGE_LOOP('',(#2614,#2615,#2616,#2617));
#621=EDGE_LOOP('',(#2618,#2619,#2620,#2621));
#622=EDGE_LOOP('',(#2622,#2623,#2624,#2625,#2626,#2627));
#623=EDGE_LOOP('',(#2628));
#624=EDGE_LOOP('',(#2629,#2630,#2631,#2632,#2633,#2634));
#625=EDGE_LOOP('',(#2635));
#626=EDGE_LOOP('',(#2636));
#627=EDGE_LOOP('',(#2637));
#628=EDGE_LOOP('',(#2638));
#629=EDGE_LOOP('',(#2639));
#630=EDGE_LOOP('',(#2640));
#631=EDGE_LOOP('',(#2641,#2642,#2643,#2644));
#632=EDGE_LOOP('',(#2645,#2646,#2647,#2648));
#633=EDGE_LOOP('',(#2649,#2650,#2651,#2652));
#634=EDGE_LOOP('',(#2653,#2654,#2655,#2656));
#635=EDGE_LOOP('',(#2657,#2658,#2659,#2660));
#636=EDGE_LOOP('',(#2661,#2662,#2663,#2664));
#637=EDGE_LOOP('',(#2665,#2666,#2667,#2668,#2669,#2670));
#638=EDGE_LOOP('',(#2671));
#639=EDGE_LOOP('',(#2672,#2673,#2674,#2675,#2676,#2677));
#640=EDGE_LOOP('',(#2678));
#641=EDGE_LOOP('',(#2679));
#642=EDGE_LOOP('',(#2680));
#643=EDGE_LOOP('',(#2681));
#644=EDGE_LOOP('',(#2682));
#645=EDGE_LOOP('',(#2683));
#646=EDGE_LOOP('',(#2684,#2685,#2686,#2687));
#647=EDGE_LOOP('',(#2688,#2689,#2690,#2691));
#648=EDGE_LOOP('',(#2692,#2693,#2694,#2695));
#649=EDGE_LOOP('',(#2696,#2697,#2698,#2699));
#650=EDGE_LOOP('',(#2700,#2701,#2702,#2703));
#651=EDGE_LOOP('',(#2704,#2705,#2706,#2707));
#652=EDGE_LOOP('',(#2708,#2709,#2710,#2711,#2712,#2713));
#653=EDGE_LOOP('',(#2714));
#654=EDGE_LOOP('',(#2715,#2716,#2717,#2718,#2719,#2720));
#655=EDGE_LOOP('',(#2721));
#656=EDGE_LOOP('',(#2722));
#657=EDGE_LOOP('',(#2723));
#658=EDGE_LOOP('',(#2724));
#659=EDGE_LOOP('',(#2725));
#660=EDGE_LOOP('',(#2726));
#661=EDGE_LOOP('',(#2727,#2728,#2729,#2730));
#662=EDGE_LOOP('',(#2731,#2732,#2733,#2734));
#663=EDGE_LOOP('',(#2735,#2736,#2737,#2738));
#664=EDGE_LOOP('',(#2739,#2740,#2741,#2742));
#665=EDGE_LOOP('',(#2743,#2744,#2745,#2746));
#666=EDGE_LOOP('',(#2747,#2748,#2749,#2750));
#667=EDGE_LOOP('',(#2751,#2752,#2753,#2754));
#668=EDGE_LOOP('',(#2755,#2756,#2757,#2758));
#669=EDGE_LOOP('',(#2759));
#670=EDGE_LOOP('',(#2760,#2761,#2762,#2763,#2764,#2765,#2766,#2767,#2768,
#2769,#2770,#2771));
#671=EDGE_LOOP('',(#2772,#2773,#2774,#2775));
#672=EDGE_LOOP('',(#2776));
#673=EDGE_LOOP('',(#2777,#2778,#2779,#2780));
#674=EDGE_LOOP('',(#2781,#2782,#2783,#2784));
#675=EDGE_LOOP('',(#2785,#2786,#2787,#2788));
#676=EDGE_LOOP('',(#2789,#2790,#2791,#2792));
#677=EDGE_LOOP('',(#2793));
#678=EDGE_LOOP('',(#2794));
#679=EDGE_LOOP('',(#2795,#2796));
#680=EDGE_LOOP('',(#2797,#2798,#2799));
#681=EDGE_LOOP('',(#2800));
#682=EDGE_LOOP('',(#2801));
#683=EDGE_LOOP('',(#2802));
#684=EDGE_LOOP('',(#2803));
#685=EDGE_LOOP('',(#2804,#2805,#2806,#2807));
#686=EDGE_LOOP('',(#2808));
#687=EDGE_LOOP('',(#2809));
#688=EDGE_LOOP('',(#2810,#2811,#2812,#2813,#2814,#2815,#2816,#2817,#2818,
#2819,#2820,#2821,#2822));
#689=EDGE_LOOP('',(#2823));
#690=EDGE_LOOP('',(#2824));
#691=EDGE_LOOP('',(#2825));
#692=EDGE_LOOP('',(#2826));
#693=EDGE_LOOP('',(#2827));
#694=EDGE_LOOP('',(#2828));
#695=EDGE_LOOP('',(#2829));
#696=EDGE_LOOP('',(#2830));
#697=EDGE_LOOP('',(#2831));
#698=EDGE_LOOP('',(#2832));
#699=EDGE_LOOP('',(#2833));
#700=EDGE_LOOP('',(#2834));
#701=EDGE_LOOP('',(#2835));
#702=EDGE_LOOP('',(#2836));
#703=EDGE_LOOP('',(#2837));
#704=EDGE_LOOP('',(#2838));
#705=EDGE_LOOP('',(#2839));
#706=EDGE_LOOP('',(#2840));
#707=EDGE_LOOP('',(#2841));
#708=EDGE_LOOP('',(#2842));
#709=EDGE_LOOP('',(#2843));
#710=EDGE_LOOP('',(#2844));
#711=EDGE_LOOP('',(#2845));
#712=EDGE_LOOP('',(#2846));
#713=EDGE_LOOP('',(#2847));
#714=EDGE_LOOP('',(#2848));
#715=EDGE_LOOP('',(#2849,#2850));
#716=EDGE_LOOP('',(#2851,#2852));
#717=EDGE_LOOP('',(#2853,#2854));
#718=EDGE_LOOP('',(#2855,#2856));
#719=EDGE_LOOP('',(#2857));
#720=EDGE_LOOP('',(#2858,#2859,#2860,#2861,#2862,#2863,#2864,#2865,#2866,
#2867,#2868,#2869));
#721=EDGE_LOOP('',(#2870,#2871,#2872,#2873));
#722=EDGE_LOOP('',(#2874,#2875,#2876,#2877));
#723=EDGE_LOOP('',(#2878,#2879,#2880,#2881));
#724=EDGE_LOOP('',(#2882));
#725=EDGE_LOOP('',(#2883));
#726=EDGE_LOOP('',(#2884));
#727=EDGE_LOOP('',(#2885));
#728=EDGE_LOOP('',(#2886));
#729=EDGE_LOOP('',(#2887));
#730=EDGE_LOOP('',(#2888));
#731=EDGE_LOOP('',(#2889));
#732=EDGE_LOOP('',(#2890));
#733=EDGE_LOOP('',(#2891));
#734=EDGE_LOOP('',(#2892));
#735=EDGE_LOOP('',(#2893));
#736=EDGE_LOOP('',(#2894));
#737=EDGE_LOOP('',(#2895));
#738=EDGE_LOOP('',(#2896));
#739=EDGE_LOOP('',(#2897));
#740=EDGE_LOOP('',(#2898));
#741=EDGE_LOOP('',(#2899));
#742=EDGE_LOOP('',(#2900));
#743=EDGE_LOOP('',(#2901));
#744=EDGE_LOOP('',(#2902));
#745=EDGE_LOOP('',(#2903));
#746=EDGE_LOOP('',(#2904));
#747=EDGE_LOOP('',(#2905));
#748=EDGE_LOOP('',(#2906));
#749=EDGE_LOOP('',(#2907));
#750=EDGE_LOOP('',(#2908,#2909,#2910,#2911,#2912,#2913));
#751=EDGE_LOOP('',(#2914));
#752=EDGE_LOOP('',(#2915,#2916,#2917,#2918));
#753=EDGE_LOOP('',(#2919,#2920,#2921,#2922));
#754=EDGE_LOOP('',(#2923,#2924,#2925,#2926));
#755=EDGE_LOOP('',(#2927,#2928,#2929,#2930,#2931,#2932));
#756=EDGE_LOOP('',(#2933));
#757=EDGE_LOOP('',(#2934,#2935,#2936,#2937,#2938,#2939));
#758=EDGE_LOOP('',(#2940));
#759=EDGE_LOOP('',(#2941,#2942,#2943,#2944));
#760=EDGE_LOOP('',(#2945,#2946,#2947,#2948));
#761=EDGE_LOOP('',(#2949,#2950,#2951,#2952));
#762=EDGE_LOOP('',(#2953,#2954,#2955,#2956));
#763=EDGE_LOOP('',(#2957,#2958,#2959,#2960));
#764=EDGE_LOOP('',(#2961,#2962,#2963,#2964));
#765=EDGE_LOOP('',(#2965,#2966,#2967,#2968));
#766=EDGE_LOOP('',(#2969,#2970,#2971,#2972,#2973,#2974,#2975,#2976,#2977,
#2978,#2979,#2980));
#767=EDGE_LOOP('',(#2981));
#768=EDGE_LOOP('',(#2982,#2983,#2984,#2985));
#769=EDGE_LOOP('',(#2986,#2987,#2988,#2989));
#770=EDGE_LOOP('',(#2990,#2991,#2992,#2993));
#771=EDGE_LOOP('',(#2994,#2995,#2996,#2997));
#772=EDGE_LOOP('',(#2998,#2999,#3000,#3001));
#773=EDGE_LOOP('',(#3002));
#774=EDGE_LOOP('',(#3003));
#775=EDGE_LOOP('',(#3004));
#776=EDGE_LOOP('',(#3005));
#777=EDGE_LOOP('',(#3006));
#778=EDGE_LOOP('',(#3007));
#779=EDGE_LOOP('',(#3008));
#780=EDGE_LOOP('',(#3009));
#781=EDGE_LOOP('',(#3010));
#782=EDGE_LOOP('',(#3011));
#783=EDGE_LOOP('',(#3012));
#784=EDGE_LOOP('',(#3013));
#785=EDGE_LOOP('',(#3014));
#786=EDGE_LOOP('',(#3015));
#787=EDGE_LOOP('',(#3016,#3017,#3018,#3019,#3020,#3021,#3022,#3023,#3024,
#3025,#3026,#3027,#3028,#3029,#3030,#3031,#3032,#3033));
#788=EDGE_LOOP('',(#3034));
#789=EDGE_LOOP('',(#3035));
#790=EDGE_LOOP('',(#3036));
#791=EDGE_LOOP('',(#3037));
#792=EDGE_LOOP('',(#3038));
#793=EDGE_LOOP('',(#3039));
#794=EDGE_LOOP('',(#3040));
#795=EDGE_LOOP('',(#3041));
#796=EDGE_LOOP('',(#3042));
#797=EDGE_LOOP('',(#3043));
#798=EDGE_LOOP('',(#3044));
#799=EDGE_LOOP('',(#3045));
#800=EDGE_LOOP('',(#3046));
#801=EDGE_LOOP('',(#3047));
#802=EDGE_LOOP('',(#3048));
#803=EDGE_LOOP('',(#3049));
#804=EDGE_LOOP('',(#3050));
#805=EDGE_LOOP('',(#3051));
#806=EDGE_LOOP('',(#3052));
#807=EDGE_LOOP('',(#3053));
#808=EDGE_LOOP('',(#3054));
#809=EDGE_LOOP('',(#3055));
#810=EDGE_LOOP('',(#3056));
#811=EDGE_LOOP('',(#3057));
#812=EDGE_LOOP('',(#3058));
#813=EDGE_LOOP('',(#3059));
#814=EDGE_LOOP('',(#3060));
#815=EDGE_LOOP('',(#3061));
#816=EDGE_LOOP('',(#3062));
#817=EDGE_LOOP('',(#3063));
#818=EDGE_LOOP('',(#3064));
#819=EDGE_LOOP('',(#3065));
#820=CIRCLE('',#3607,0.079375);
#821=CIRCLE('',#3608,0.079375);
#822=CIRCLE('',#3609,0.079375);
#823=CIRCLE('',#3612,1.09855);
#824=CIRCLE('',#3613,1.11125);
#825=CIRCLE('',#3614,1.09855);
#826=CIRCLE('',#3615,1.12395);
#827=CIRCLE('',#3616,0.079375);
#828=CIRCLE('',#3619,0.079375);
#829=CIRCLE('',#3620,0.079375);
#830=CIRCLE('',#3622,1.12395);
#831=CIRCLE('',#3624,0.079375);
#832=CIRCLE('',#3625,0.079375);
#833=CIRCLE('',#3627,0.4445);
#834=CIRCLE('',#3628,0.4445);
#835=CIRCLE('',#3630,0.079375);
#836=CIRCLE('',#3631,0.079375);
#837=CIRCLE('',#3634,1.09855);
#838=CIRCLE('',#3636,1.09855);
#839=CIRCLE('',#3637,1.11125);
#840=CIRCLE('',#3643,0.079375);
#841=CIRCLE('',#3644,0.079375);
#842=CIRCLE('',#3645,0.079375);
#843=CIRCLE('',#3647,1.09855);
#844=CIRCLE('',#3648,1.12395);
#845=CIRCLE('',#3649,0.079375);
#846=CIRCLE('',#3650,1.09855);
#847=CIRCLE('',#3651,1.11125);
#848=CIRCLE('',#3654,0.079375);
#849=CIRCLE('',#3655,0.079375);
#850=CIRCLE('',#3657,0.4445);
#851=CIRCLE('',#3658,0.4445);
#852=CIRCLE('',#3660,0.079375);
#853=CIRCLE('',#3661,0.079375);
#854=CIRCLE('',#3664,1.12395);
#855=CIRCLE('',#3666,0.079375);
#856=CIRCLE('',#3668,0.079375);
#857=CIRCLE('',#3670,1.09855);
#858=CIRCLE('',#3674,1.09855);
#859=CIRCLE('',#3676,1.11125);
#860=CIRCLE('',#3681,1.09855);
#861=CIRCLE('',#3682,1.09855);
#862=CIRCLE('',#3684,1.09855);
#863=CIRCLE('',#3685,1.09855);
#864=CIRCLE('',#3687,1.11125);
#865=CIRCLE('',#3688,1.11125);
#866=CIRCLE('',#3690,0.079375);
#867=CIRCLE('',#3691,0.079375);
#868=CIRCLE('',#3692,0.4445);
#869=CIRCLE('',#3693,0.079375);
#870=CIRCLE('',#3694,0.079375);
#871=CIRCLE('',#3698,0.079375);
#872=CIRCLE('',#3699,0.079375);
#873=CIRCLE('',#3700,1.12395);
#874=CIRCLE('',#3701,0.079375);
#875=CIRCLE('',#3702,0.079375);
#876=CIRCLE('',#3703,0.4445);
#877=CIRCLE('',#3708,1.12395);
#878=CIRCLE('',#3710,0.079375);
#879=CIRCLE('',#3712,0.079375);
#880=CIRCLE('',#3715,0.079375);
#881=CIRCLE('',#3716,0.079375);
#882=CIRCLE('',#3717,0.079375);
#883=CIRCLE('',#3719,1.09855);
#884=CIRCLE('',#3720,1.11125);
#885=CIRCLE('',#3721,1.09855);
#886=CIRCLE('',#3722,1.12395);
#887=CIRCLE('',#3723,0.079375);
#888=CIRCLE('',#3726,0.079375);
#889=CIRCLE('',#3727,0.079375);
#890=CIRCLE('',#3729,1.12395);
#891=CIRCLE('',#3732,0.079375);
#892=CIRCLE('',#3733,0.079375);
#893=CIRCLE('',#3735,0.4445);
#894=CIRCLE('',#3736,0.4445);
#895=CIRCLE('',#3738,0.079375);
#896=CIRCLE('',#3739,0.079375);
#897=CIRCLE('',#3742,1.09855);
#898=CIRCLE('',#3743,1.11125);
#899=CIRCLE('',#3744,1.09855);
#900=CIRCLE('',#3751,0.0635);
#901=CIRCLE('',#3753,0.02794);
#902=CIRCLE('',#3754,0.02794);
#903=CIRCLE('',#3757,0.0635);
#904=CIRCLE('',#3759,0.0635);
#905=CIRCLE('',#3761,0.0635);
#906=CIRCLE('',#3763,0.0635);
#907=CIRCLE('',#3766,0.0635);
#908=CIRCLE('',#3768,0.02794);
#909=CIRCLE('',#3769,0.02794);
#910=CIRCLE('',#3772,0.0635);
#911=CIRCLE('',#3773,0.0635);
#912=CIRCLE('',#3775,0.0635);
#913=CIRCLE('',#3777,0.0635);
#914=CIRCLE('',#3781,0.0635);
#915=CIRCLE('',#3783,0.02794);
#916=CIRCLE('',#3784,0.02794);
#917=CIRCLE('',#3787,0.0635);
#918=CIRCLE('',#3789,0.0635);
#919=CIRCLE('',#3791,0.0635);
#920=CIRCLE('',#3793,0.0635);
#921=CIRCLE('',#3796,0.0635);
#922=CIRCLE('',#3798,0.02794);
#923=CIRCLE('',#3799,0.02794);
#924=CIRCLE('',#3802,0.0635);
#925=CIRCLE('',#3804,0.0635);
#926=CIRCLE('',#3806,0.0635);
#927=CIRCLE('',#3808,0.0635);
#928=CIRCLE('',#3818,0.1651);
#929=CIRCLE('',#3820,0.1778);
#930=CIRCLE('',#3822,0.1778);
#931=CIRCLE('',#3824,0.165100000000001);
#932=CIRCLE('',#3833,0.1651);
#933=CIRCLE('',#3835,0.1778);
#934=CIRCLE('',#3837,0.1778);
#935=CIRCLE('',#3839,0.165100000000002);
#936=CIRCLE('',#3848,0.1651);
#937=CIRCLE('',#3850,0.1778);
#938=CIRCLE('',#3852,0.1778);
#939=CIRCLE('',#3854,0.165100000000003);
#940=CIRCLE('',#3864,0.1651);
#941=CIRCLE('',#3867,0.4365625);
#942=CIRCLE('',#3868,0.4365625);
#943=CIRCLE('',#3869,0.4365625);
#944=CIRCLE('',#3871,0.3302);
#945=CIRCLE('',#3873,0.3175);
#946=CIRCLE('',#3875,0.3175);
#947=CIRCLE('',#3876,0.3302);
#948=CIRCLE('',#3878,0.15875);
#949=CIRCLE('',#3882,0.3705225);
#950=CIRCLE('',#3886,1.17475);
#951=CIRCLE('',#3887,1.17475);
#952=CIRCLE('',#3889,1.09855);
#953=CIRCLE('',#3890,1.09855);
#954=CIRCLE('',#3892,1.17475);
#955=CIRCLE('',#3894,1.17475);
#956=CIRCLE('',#3896,1.11125);
#957=CIRCLE('',#3898,0.12192);
#958=CIRCLE('',#3900,0.180340000000001);
#959=CIRCLE('',#3901,0.15875);
#960=CIRCLE('',#3903,0.12192);
#961=CIRCLE('',#3904,0.08509);
#962=CIRCLE('',#3906,0.08509);
#963=CIRCLE('',#3908,0.111125);
#964=CIRCLE('',#3910,0.14605);
#965=CIRCLE('',#3912,0.15875);
#966=CIRCLE('',#3916,0.1651);
#967=CIRCLE('',#3917,0.1778);
#968=CIRCLE('',#3918,0.1778);
#969=CIRCLE('',#3920,0.1778);
#970=CIRCLE('',#3921,0.1778);
#971=CIRCLE('',#3928,0.8382);
#972=CIRCLE('',#3929,0.07112);
#973=CIRCLE('',#3930,0.07112);
#974=CIRCLE('',#3932,0.8382);
#975=CIRCLE('',#3935,0.04572);
#976=CIRCLE('',#3937,0.04572);
#977=CIRCLE('',#3945,1.11125);
#978=CIRCLE('',#3947,1.5875);
#979=CIRCLE('',#3948,0.47625);
#980=CIRCLE('',#3949,1.17475);
#981=CIRCLE('',#3950,0.47625);
#982=CIRCLE('',#3951,0.118745);
#983=CIRCLE('',#3953,1.5875);
#984=CIRCLE('',#3955,1.5875);
#985=CIRCLE('',#3956,1.5875);
#986=CIRCLE('',#3958,1.5875);
#987=CIRCLE('',#3959,1.5875);
#988=CIRCLE('',#3961,0.47625);
#989=CIRCLE('',#3962,1.17475);
#990=CIRCLE('',#3963,0.47625);
#991=CIRCLE('',#3964,0.118745);
#992=CIRCLE('',#3966,0.47625);
#993=CIRCLE('',#3967,1.17475);
#994=CIRCLE('',#3968,0.47625);
#995=CIRCLE('',#3969,0.118745);
#996=CIRCLE('',#3974,0.47625);
#997=CIRCLE('',#3976,0.47625);
#998=CIRCLE('',#3979,0.47625);
#999=CIRCLE('',#3981,1.17475);
#1000=CIRCLE('',#3982,1.17475);
#1001=CIRCLE('',#3983,1.17475);
#1002=CIRCLE('',#3984,1.17475);
#1003=CIRCLE('',#3986,0.47625);
#1004=CIRCLE('',#3989,0.47625);
#1005=CIRCLE('',#3992,0.47625);
#1006=CIRCLE('',#3994,0.118745);
#1007=CIRCLE('',#3996,0.118745);
#1008=CIRCLE('',#3998,0.118745);
#1009=CIRCLE('',#4000,0.189865);
#1010=CIRCLE('',#4001,0.189865);
#1011=CIRCLE('',#4003,0.189865);
#1012=CIRCLE('',#4004,0.189865);
#1013=CIRCLE('',#4006,0.189865);
#1014=CIRCLE('',#4007,0.189865);
#1015=CIRCLE('',#4009,0.189865);
#1016=CIRCLE('',#4010,0.189865);
#1017=CIRCLE('',#4012,0.2921);
#1018=CIRCLE('',#4014,0.254);
#1019=CIRCLE('',#4016,0.254);
#1020=CIRCLE('',#4018,0.2413);
#1021=CIRCLE('',#4023,0.18542);
#1022=CIRCLE('',#4025,0.16002);
#1023=CIRCLE('',#4026,0.16002);
#1024=LINE('',#5099,#1236);
#1025=LINE('',#5103,#1237);
#1026=LINE('',#5107,#1238);
#1027=LINE('',#5111,#1239);
#1028=LINE('',#5113,#1240);
#1029=LINE('',#5114,#1241);
#1030=LINE('',#5120,#1242);
#1031=LINE('',#5124,#1243);
#1032=LINE('',#5132,#1244);
#1033=LINE('',#5134,#1245);
#1034=LINE('',#5136,#1246);
#1035=LINE('',#5137,#1247);
#1036=LINE('',#5140,#1248);
#1037=LINE('',#5142,#1249);
#1038=LINE('',#5152,#1250);
#1039=LINE('',#5158,#1251);
#1040=LINE('',#5166,#1252);
#1041=LINE('',#5171,#1253);
#1042=LINE('',#5174,#1254);
#1043=LINE('',#5176,#1255);
#1044=LINE('',#5178,#1256);
#1045=LINE('',#5180,#1257);
#1046=LINE('',#5185,#1258);
#1047=LINE('',#5189,#1259);
#1048=LINE('',#5193,#1260);
#1049=LINE('',#5205,#1261);
#1050=LINE('',#5208,#1262);
#1051=LINE('',#5211,#1263);
#1052=LINE('',#5213,#1264);
#1053=LINE('',#5214,#1265);
#1054=LINE('',#5219,#1266);
#1055=LINE('',#5225,#1267);
#1056=LINE('',#5231,#1268);
#1057=LINE('',#5235,#1269);
#1058=LINE('',#5237,#1270);
#1059=LINE('',#5238,#1271);
#1060=LINE('',#5242,#1272);
#1061=LINE('',#5247,#1273);
#1062=LINE('',#5251,#1274);
#1063=LINE('',#5255,#1275);
#1064=LINE('',#5256,#1276);
#1065=LINE('',#5259,#1277);
#1066=LINE('',#5261,#1278);
#1067=LINE('',#5262,#1279);
#1068=LINE('',#5271,#1280);
#1069=LINE('',#5273,#1281);
#1070=LINE('',#5275,#1282);
#1071=LINE('',#5276,#1283);
#1072=LINE('',#5280,#1284);
#1073=LINE('',#5282,#1285);
#1074=LINE('',#5284,#1286);
#1075=LINE('',#5285,#1287);
#1076=LINE('',#5291,#1288);
#1077=LINE('',#5295,#1289);
#1078=LINE('',#5305,#1290);
#1079=LINE('',#5313,#1291);
#1080=LINE('',#5317,#1292);
#1081=LINE('',#5319,#1293);
#1082=LINE('',#5320,#1294);
#1083=LINE('',#5323,#1295);
#1084=LINE('',#5325,#1296);
#1085=LINE('',#5326,#1297);
#1086=LINE('',#5339,#1298);
#1087=LINE('',#5341,#1299);
#1088=LINE('',#5347,#1300);
#1089=LINE('',#5348,#1301);
#1090=LINE('',#5357,#1302);
#1091=LINE('',#5361,#1303);
#1092=LINE('',#5365,#1304);
#1093=LINE('',#5372,#1305);
#1094=LINE('',#5376,#1306);
#1095=LINE('',#5384,#1307);
#1096=LINE('',#5386,#1308);
#1097=LINE('',#5388,#1309);
#1098=LINE('',#5389,#1310);
#1099=LINE('',#5392,#1311);
#1100=LINE('',#5394,#1312);
#1101=LINE('',#5401,#1313);
#1102=LINE('',#5403,#1314);
#1103=LINE('',#5404,#1315);
#1104=LINE('',#5410,#1316);
#1105=LINE('',#5416,#1317);
#1106=LINE('',#5425,#1318);
#1107=LINE('',#5429,#1319);
#1108=LINE('',#5432,#1320);
#1109=LINE('',#5433,#1321);
#1110=LINE('',#5435,#1322);
#1111=LINE('',#5437,#1323);
#1112=LINE('',#5671,#1324);
#1113=LINE('',#5673,#1325);
#1114=LINE('',#5675,#1326);
#1115=LINE('',#5676,#1327);
#1116=LINE('',#5679,#1328);
#1117=LINE('',#5681,#1329);
#1118=LINE('',#5682,#1330);
#1119=LINE('',#5685,#1331);
#1120=LINE('',#5687,#1332);
#1121=LINE('',#5688,#1333);
#1122=LINE('',#5691,#1334);
#1123=LINE('',#5693,#1335);
#1124=LINE('',#5694,#1336);
#1125=LINE('',#5697,#1337);
#1126=LINE('',#5699,#1338);
#1127=LINE('',#5700,#1339);
#1128=LINE('',#5702,#1340);
#1129=LINE('',#5703,#1341);
#1130=LINE('',#5720,#1342);
#1131=LINE('',#5722,#1343);
#1132=LINE('',#5724,#1344);
#1133=LINE('',#5725,#1345);
#1134=LINE('',#5728,#1346);
#1135=LINE('',#5730,#1347);
#1136=LINE('',#5731,#1348);
#1137=LINE('',#5734,#1349);
#1138=LINE('',#5736,#1350);
#1139=LINE('',#5737,#1351);
#1140=LINE('',#5740,#1352);
#1141=LINE('',#5742,#1353);
#1142=LINE('',#5743,#1354);
#1143=LINE('',#5746,#1355);
#1144=LINE('',#5748,#1356);
#1145=LINE('',#5749,#1357);
#1146=LINE('',#5751,#1358);
#1147=LINE('',#5752,#1359);
#1148=LINE('',#5769,#1360);
#1149=LINE('',#5771,#1361);
#1150=LINE('',#5773,#1362);
#1151=LINE('',#5774,#1363);
#1152=LINE('',#5777,#1364);
#1153=LINE('',#5779,#1365);
#1154=LINE('',#5780,#1366);
#1155=LINE('',#5783,#1367);
#1156=LINE('',#5785,#1368);
#1157=LINE('',#5786,#1369);
#1158=LINE('',#5789,#1370);
#1159=LINE('',#5791,#1371);
#1160=LINE('',#5792,#1372);
#1161=LINE('',#5795,#1373);
#1162=LINE('',#5797,#1374);
#1163=LINE('',#5798,#1375);
#1164=LINE('',#5800,#1376);
#1165=LINE('',#5801,#1377);
#1166=LINE('',#5818,#1378);
#1167=LINE('',#5820,#1379);
#1168=LINE('',#5822,#1380);
#1169=LINE('',#5823,#1381);
#1170=LINE('',#5827,#1382);
#1171=LINE('',#5829,#1383);
#1172=LINE('',#5831,#1384);
#1173=LINE('',#5832,#1385);
#1174=LINE('',#5836,#1386);
#1175=LINE('',#5838,#1387);
#1176=LINE('',#5840,#1388);
#1177=LINE('',#5841,#1389);
#1178=LINE('',#5845,#1390);
#1179=LINE('',#5847,#1391);
#1180=LINE('',#5849,#1392);
#1181=LINE('',#5850,#1393);
#1182=LINE('',#5854,#1394);
#1183=LINE('',#5856,#1395);
#1184=LINE('',#5858,#1396);
#1185=LINE('',#5859,#1397);
#1186=LINE('',#5863,#1398);
#1187=LINE('',#5865,#1399);
#1188=LINE('',#5867,#1400);
#1189=LINE('',#5868,#1401);
#1190=LINE('',#5870,#1402);
#1191=LINE('',#5871,#1403);
#1192=LINE('',#5873,#1404);
#1193=LINE('',#5874,#1405);
#1194=LINE('',#5878,#1406);
#1195=LINE('',#5879,#1407);
#1196=LINE('',#5880,#1408);
#1197=LINE('',#5881,#1409);
#1198=LINE('',#5883,#1410);
#1199=LINE('',#5907,#1411);
#1200=LINE('',#5910,#1412);
#1201=LINE('',#6054,#1413);
#1202=LINE('',#6055,#1414);
#1203=LINE('',#6116,#1415);
#1204=LINE('',#6117,#1416);
#1205=LINE('',#6118,#1417);
#1206=LINE('',#6221,#1418);
#1207=LINE('',#6225,#1419);
#1208=LINE('',#6235,#1420);
#1209=LINE('',#6238,#1421);
#1210=LINE('',#6242,#1422);
#1211=LINE('',#6246,#1423);
#1212=LINE('',#6251,#1424);
#1213=LINE('',#6255,#1425);
#1214=LINE('',#6259,#1426);
#1215=LINE('',#6266,#1427);
#1216=LINE('',#6271,#1428);
#1217=LINE('',#6273,#1429);
#1218=LINE('',#6283,#1430);
#1219=LINE('',#6284,#1431);
#1220=LINE('',#6287,#1432);
#1221=LINE('',#6288,#1433);
#1222=LINE('',#6291,#1434);
#1223=LINE('',#6292,#1435);
#1224=LINE('',#6295,#1436);
#1225=LINE('',#6299,#1437);
#1226=LINE('',#6303,#1438);
#1227=LINE('',#6304,#1439);
#1228=LINE('',#6308,#1440);
#1229=LINE('',#6311,#1441);
#1230=LINE('',#6315,#1442);
#1231=LINE('',#6317,#1443);
#1232=LINE('',#6325,#1444);
#1233=LINE('',#6326,#1445);
#1234=LINE('',#6331,#1446);
#1235=LINE('',#6332,#1447);
#1236=VECTOR('',#4035,0.144779999999999);
#1237=VECTOR('',#4038,0.0584200000000011);
#1238=VECTOR('',#4041,0.2032);
#1239=VECTOR('',#4046,0.523728037371656);
#1240=VECTOR('',#4047,0.0584200000000012);
#1241=VECTOR('',#4048,0.523728037371656);
#1242=VECTOR('',#4053,0.0127000000000002);
#1243=VECTOR('',#4056,0.0127);
#1244=VECTOR('',#4065,0.523728037371656);
#1245=VECTOR('',#4066,0.058420000000002);
#1246=VECTOR('',#4067,0.523728037371656);
#1247=VECTOR('',#4068,0.0584200000000017);
#1248=VECTOR('',#4071,0.144779999999999);
#1249=VECTOR('',#4072,0.2032);
#1250=VECTOR('',#4087,0.0584200000000017);
#1251=VECTOR('',#4094,0.0584200000000012);
#1252=VECTOR('',#4107,0.144779999999998);
#1253=VECTOR('',#4112,0.0126999999999999);
#1254=VECTOR('',#4115,0.0126999999999998);
#1255=VECTOR('',#4118,0.144779999999999);
#1256=VECTOR('',#4121,0.144779999999999);
#1257=VECTOR('',#4124,0.144779999999998);
#1258=VECTOR('',#4129,0.144779999999999);
#1259=VECTOR('',#4132,0.0584200000000011);
#1260=VECTOR('',#4135,0.2032);
#1261=VECTOR('',#4148,0.0126999999999999);
#1262=VECTOR('',#4151,0.0126999999999999);
#1263=VECTOR('',#4154,0.523728037371656);
#1264=VECTOR('',#4155,0.0584200000000012);
#1265=VECTOR('',#4156,0.523728037371656);
#1266=VECTOR('',#4161,0.0584200000000012);
#1267=VECTOR('',#4168,0.0584200000000008);
#1268=VECTOR('',#4175,0.0584200000000008);
#1269=VECTOR('',#4180,0.523728037371656);
#1270=VECTOR('',#4181,0.0584200000000003);
#1271=VECTOR('',#4182,0.523728037371656);
#1272=VECTOR('',#4187,0.2032);
#1273=VECTOR('',#4194,0.144779999999999);
#1274=VECTOR('',#4199,0.144779999999999);
#1275=VECTOR('',#4204,0.144779999999999);
#1276=VECTOR('',#4205,0.0126999999999999);
#1277=VECTOR('',#4208,0.14478);
#1278=VECTOR('',#4209,0.0126999999999999);
#1279=VECTOR('',#4210,0.14478);
#1280=VECTOR('',#4223,0.0126999999999999);
#1281=VECTOR('',#4224,0.144779999999998);
#1282=VECTOR('',#4225,0.0127);
#1283=VECTOR('',#4226,0.144779999999998);
#1284=VECTOR('',#4229,0.0126999999999999);
#1285=VECTOR('',#4230,0.144779999999999);
#1286=VECTOR('',#4231,0.0126999999999999);
#1287=VECTOR('',#4232,0.144779999999999);
#1288=VECTOR('',#4239,0.144779999999999);
#1289=VECTOR('',#4242,0.144779999999999);
#1290=VECTOR('',#4257,0.523728037371656);
#1291=VECTOR('',#4264,0.523728037371656);
#1292=VECTOR('',#4269,0.0584200000000016);
#1293=VECTOR('',#4270,0.523728037371656);
#1294=VECTOR('',#4271,0.0584200000000017);
#1295=VECTOR('',#4274,0.0584200000000017);
#1296=VECTOR('',#4275,0.523728037371656);
#1297=VECTOR('',#4276,0.058420000000002);
#1298=VECTOR('',#4293,0.0584200000000017);
#1299=VECTOR('',#4296,0.0584200000000017);
#1300=VECTOR('',#4303,0.2032);
#1301=VECTOR('',#4304,0.2032);
#1302=VECTOR('',#4317,0.144779999999999);
#1303=VECTOR('',#4320,0.0584200000000003);
#1304=VECTOR('',#4323,0.2032);
#1305=VECTOR('',#4330,0.0126999999999999);
#1306=VECTOR('',#4333,0.0126999999999999);
#1307=VECTOR('',#4342,0.523728037371656);
#1308=VECTOR('',#4343,0.0584200000000007);
#1309=VECTOR('',#4344,0.523728037371656);
#1310=VECTOR('',#4345,0.0584200000000008);
#1311=VECTOR('',#4348,0.144779999999999);
#1312=VECTOR('',#4349,0.2032);
#1313=VECTOR('',#4360,0.523728037371656);
#1314=VECTOR('',#4361,0.0584200000000008);
#1315=VECTOR('',#4362,0.523728037371656);
#1316=VECTOR('',#4369,0.0584200000000008);
#1317=VECTOR('',#4376,0.0584200000000008);
#1318=VECTOR('',#4389,0.0127);
#1319=VECTOR('',#4392,0.0126999999999999);
#1320=VECTOR('',#4397,0.144779999999999);
#1321=VECTOR('',#4398,0.14478);
#1322=VECTOR('',#4401,0.144779999999999);
#1323=VECTOR('',#4404,0.14478);
#1324=VECTOR('',#4531,0.114567944042316);
#1325=VECTOR('',#4532,0.10922);
#1326=VECTOR('',#4533,0.114567944042316);
#1327=VECTOR('',#4534,0.10922);
#1328=VECTOR('',#4537,0.114567944042316);
#1329=VECTOR('',#4538,0.114567944042316);
#1330=VECTOR('',#4539,0.10922);
#1331=VECTOR('',#4542,0.114567944042316);
#1332=VECTOR('',#4543,0.114567944042316);
#1333=VECTOR('',#4544,0.10922);
#1334=VECTOR('',#4547,0.114567944042316);
#1335=VECTOR('',#4548,0.114567944042316);
#1336=VECTOR('',#4549,0.10922);
#1337=VECTOR('',#4552,0.114567944042316);
#1338=VECTOR('',#4553,0.114567944042316);
#1339=VECTOR('',#4554,0.10922);
#1340=VECTOR('',#4557,0.114567944042316);
#1341=VECTOR('',#4558,0.114567944042316);
#1342=VECTOR('',#4579,0.114567944042316);
#1343=VECTOR('',#4580,0.10922);
#1344=VECTOR('',#4581,0.114567944042316);
#1345=VECTOR('',#4582,0.10922);
#1346=VECTOR('',#4585,0.114567944042316);
#1347=VECTOR('',#4586,0.114567944042316);
#1348=VECTOR('',#4587,0.10922);
#1349=VECTOR('',#4590,0.114567944042316);
#1350=VECTOR('',#4591,0.114567944042316);
#1351=VECTOR('',#4592,0.10922);
#1352=VECTOR('',#4595,0.114567944042316);
#1353=VECTOR('',#4596,0.114567944042316);
#1354=VECTOR('',#4597,0.10922);
#1355=VECTOR('',#4600,0.114567944042316);
#1356=VECTOR('',#4601,0.114567944042316);
#1357=VECTOR('',#4602,0.10922);
#1358=VECTOR('',#4605,0.114567944042316);
#1359=VECTOR('',#4606,0.114567944042316);
#1360=VECTOR('',#4627,0.114567944042316);
#1361=VECTOR('',#4628,0.10922);
#1362=VECTOR('',#4629,0.114567944042316);
#1363=VECTOR('',#4630,0.10922);
#1364=VECTOR('',#4633,0.114567944042316);
#1365=VECTOR('',#4634,0.114567944042316);
#1366=VECTOR('',#4635,0.10922);
#1367=VECTOR('',#4638,0.114567944042316);
#1368=VECTOR('',#4639,0.114567944042316);
#1369=VECTOR('',#4640,0.10922);
#1370=VECTOR('',#4643,0.114567944042316);
#1371=VECTOR('',#4644,0.114567944042316);
#1372=VECTOR('',#4645,0.10922);
#1373=VECTOR('',#4648,0.114567944042316);
#1374=VECTOR('',#4649,0.114567944042316);
#1375=VECTOR('',#4650,0.10922);
#1376=VECTOR('',#4653,0.114567944042316);
#1377=VECTOR('',#4654,0.114567944042316);
#1378=VECTOR('',#4675,0.10922);
#1379=VECTOR('',#4676,0.0572576362421948);
#1380=VECTOR('',#4677,0.10922);
#1381=VECTOR('',#4678,0.0572576362422304);
#1382=VECTOR('',#4681,0.10922);
#1383=VECTOR('',#4682,0.0572576362348154);
#1384=VECTOR('',#4683,0.10922);
#1385=VECTOR('',#4684,0.0572576362348012);
#1386=VECTOR('',#4687,0.10922);
#1387=VECTOR('',#4688,0.0572576362265079);
#1388=VECTOR('',#4689,0.10922);
#1389=VECTOR('',#4690,0.057257636226519);
#1390=VECTOR('',#4693,0.10922);
#1391=VECTOR('',#4694,0.0572576362255115);
#1392=VECTOR('',#4695,0.10922);
#1393=VECTOR('',#4696,0.0572576362254895);
#1394=VECTOR('',#4699,0.10922);
#1395=VECTOR('',#4700,0.0572576362412107);
#1396=VECTOR('',#4701,0.10922);
#1397=VECTOR('',#4702,0.0572576362412395);
#1398=VECTOR('',#4705,0.10922);
#1399=VECTOR('',#4706,0.057257636232863);
#1400=VECTOR('',#4707,0.10922);
#1401=VECTOR('',#4708,0.0572576362328601);
#1402=VECTOR('',#4711,0.0572576362254972);
#1403=VECTOR('',#4712,0.0572576362254615);
#1404=VECTOR('',#4715,0.057257636232885);
#1405=VECTOR('',#4716,0.0572576362328995);
#1406=VECTOR('',#4721,0.0572576362411757);
#1407=VECTOR('',#4722,0.0572576362421907);
#1408=VECTOR('',#4723,0.0572576362348087);
#1409=VECTOR('',#4724,0.0572576362264669);
#1410=VECTOR('',#4727,0.0572576362411868);
#1411=VECTOR('',#4738,0.108760244260828);
#1412=VECTOR('',#4741,0.108760244260828);
#1413=VECTOR('',#4768,0.108760244260828);
#1414=VECTOR('',#4769,0.108760244260828);
#1415=VECTOR('',#4848,0.057257636226438);
#1416=VECTOR('',#4849,0.0572576362348116);
#1417=VECTOR('',#4850,0.0572576362421687);
#1418=VECTOR('',#4897,0.0771461804091909);
#1419=VECTOR('',#4900,0.0771461804091909);
#1420=VECTOR('',#4911,0.1905);
#1421=VECTOR('',#4914,0.1905);
#1422=VECTOR('',#4917,0.1905);
#1423=VECTOR('',#4920,0.1905);
#1424=VECTOR('',#4925,0.1905);
#1425=VECTOR('',#4928,0.1905);
#1426=VECTOR('',#4933,0.0771461804091904);
#1427=VECTOR('',#4940,0.0771461804091906);
#1428=VECTOR('',#4945,0.0771461804091906);
#1429=VECTOR('',#4946,0.0771461804091904);
#1430=VECTOR('',#4957,0.1905);
#1431=VECTOR('',#4958,0.0771461804091906);
#1432=VECTOR('',#4961,0.1905);
#1433=VECTOR('',#4962,0.0771461804091906);
#1434=VECTOR('',#4965,0.1905);
#1435=VECTOR('',#4966,0.0771461804091909);
#1436=VECTOR('',#4969,0.1905);
#1437=VECTOR('',#4974,0.1905);
#1438=VECTOR('',#4979,0.1905);
#1439=VECTOR('',#4980,0.0771461804091905);
#1440=VECTOR('',#4985,0.1905);
#1441=VECTOR('',#4988,0.1905);
#1442=VECTOR('',#4993,0.1905);
#1443=VECTOR('',#4994,0.1905);
#1444=VECTOR('',#5005,0.1905);
#1445=VECTOR('',#5006,0.0771461804091904);
#1446=VECTOR('',#5013,0.1905);
#1447=VECTOR('',#5014,0.0771461804091909);
#1448=VERTEX_POINT('',#5097);
#1449=VERTEX_POINT('',#5098);
#1450=VERTEX_POINT('',#5100);
#1451=VERTEX_POINT('',#5102);
#1452=VERTEX_POINT('',#5104);
#1453=VERTEX_POINT('',#5106);
#1454=VERTEX_POINT('',#5110);
#1455=VERTEX_POINT('',#5112);
#1456=VERTEX_POINT('',#5116);
#1457=VERTEX_POINT('',#5117);
#1458=VERTEX_POINT('',#5119);
#1459=VERTEX_POINT('',#5121);
#1460=VERTEX_POINT('',#5123);
#1461=VERTEX_POINT('',#5126);
#1462=VERTEX_POINT('',#5130);
#1463=VERTEX_POINT('',#5131);
#1464=VERTEX_POINT('',#5133);
#1465=VERTEX_POINT('',#5135);
#1466=VERTEX_POINT('',#5139);
#1467=VERTEX_POINT('',#5141);
#1468=VERTEX_POINT('',#5148);
#1469=VERTEX_POINT('',#5150);
#1470=VERTEX_POINT('',#5154);
#1471=VERTEX_POINT('',#5156);
#1472=VERTEX_POINT('',#5164);
#1473=VERTEX_POINT('',#5168);
#1474=VERTEX_POINT('',#5170);
#1475=VERTEX_POINT('',#5172);
#1476=VERTEX_POINT('',#5183);
#1477=VERTEX_POINT('',#5184);
#1478=VERTEX_POINT('',#5186);
#1479=VERTEX_POINT('',#5188);
#1480=VERTEX_POINT('',#5190);
#1481=VERTEX_POINT('',#5192);
#1482=VERTEX_POINT('',#5196);
#1483=VERTEX_POINT('',#5198);
#1484=VERTEX_POINT('',#5200);
#1485=VERTEX_POINT('',#5202);
#1486=VERTEX_POINT('',#5204);
#1487=VERTEX_POINT('',#5206);
#1488=VERTEX_POINT('',#5210);
#1489=VERTEX_POINT('',#5212);
#1490=VERTEX_POINT('',#5216);
#1491=VERTEX_POINT('',#5218);
#1492=VERTEX_POINT('',#5222);
#1493=VERTEX_POINT('',#5224);
#1494=VERTEX_POINT('',#5228);
#1495=VERTEX_POINT('',#5230);
#1496=VERTEX_POINT('',#5234);
#1497=VERTEX_POINT('',#5236);
#1498=VERTEX_POINT('',#5240);
#1499=VERTEX_POINT('',#5246);
#1500=VERTEX_POINT('',#5250);
#1501=VERTEX_POINT('',#5254);
#1502=VERTEX_POINT('',#5258);
#1503=VERTEX_POINT('',#5260);
#1504=VERTEX_POINT('',#5269);
#1505=VERTEX_POINT('',#5270);
#1506=VERTEX_POINT('',#5272);
#1507=VERTEX_POINT('',#5274);
#1508=VERTEX_POINT('',#5278);
#1509=VERTEX_POINT('',#5279);
#1510=VERTEX_POINT('',#5281);
#1511=VERTEX_POINT('',#5283);
#1512=VERTEX_POINT('',#5287);
#1513=VERTEX_POINT('',#5289);
#1514=VERTEX_POINT('',#5293);
#1515=VERTEX_POINT('',#5294);
#1516=VERTEX_POINT('',#5302);
#1517=VERTEX_POINT('',#5304);
#1518=VERTEX_POINT('',#5306);
#1519=VERTEX_POINT('',#5308);
#1520=VERTEX_POINT('',#5310);
#1521=VERTEX_POINT('',#5312);
#1522=VERTEX_POINT('',#5316);
#1523=VERTEX_POINT('',#5318);
#1524=VERTEX_POINT('',#5322);
#1525=VERTEX_POINT('',#5324);
#1526=VERTEX_POINT('',#5328);
#1527=VERTEX_POINT('',#5330);
#1528=VERTEX_POINT('',#5332);
#1529=VERTEX_POINT('',#5335);
#1530=VERTEX_POINT('',#5344);
#1531=VERTEX_POINT('',#5345);
#1532=VERTEX_POINT('',#5355);
#1533=VERTEX_POINT('',#5356);
#1534=VERTEX_POINT('',#5358);
#1535=VERTEX_POINT('',#5360);
#1536=VERTEX_POINT('',#5362);
#1537=VERTEX_POINT('',#5364);
#1538=VERTEX_POINT('',#5368);
#1539=VERTEX_POINT('',#5369);
#1540=VERTEX_POINT('',#5371);
#1541=VERTEX_POINT('',#5373);
#1542=VERTEX_POINT('',#5375);
#1543=VERTEX_POINT('',#5378);
#1544=VERTEX_POINT('',#5382);
#1545=VERTEX_POINT('',#5383);
#1546=VERTEX_POINT('',#5385);
#1547=VERTEX_POINT('',#5387);
#1548=VERTEX_POINT('',#5391);
#1549=VERTEX_POINT('',#5393);
#1550=VERTEX_POINT('',#5400);
#1551=VERTEX_POINT('',#5402);
#1552=VERTEX_POINT('',#5406);
#1553=VERTEX_POINT('',#5408);
#1554=VERTEX_POINT('',#5412);
#1555=VERTEX_POINT('',#5414);
#1556=VERTEX_POINT('',#5422);
#1557=VERTEX_POINT('',#5424);
#1558=VERTEX_POINT('',#5426);
#1559=VERTEX_POINT('',#5428);
#1560=VERTEX_POINT('',#5441);
#1561=VERTEX_POINT('',#5443);
#1562=VERTEX_POINT('',#5479);
#1563=VERTEX_POINT('',#5481);
#1564=VERTEX_POINT('',#5485);
#1565=VERTEX_POINT('',#5488);
#1566=VERTEX_POINT('',#5491);
#1567=VERTEX_POINT('',#5494);
#1568=VERTEX_POINT('',#5498);
#1569=VERTEX_POINT('',#5500);
#1570=VERTEX_POINT('',#5536);
#1571=VERTEX_POINT('',#5538);
#1572=VERTEX_POINT('',#5542);
#1573=VERTEX_POINT('',#5544);
#1574=VERTEX_POINT('',#5547);
#1575=VERTEX_POINT('',#5550);
#1576=VERTEX_POINT('',#5555);
#1577=VERTEX_POINT('',#5557);
#1578=VERTEX_POINT('',#5593);
#1579=VERTEX_POINT('',#5595);
#1580=VERTEX_POINT('',#5599);
#1581=VERTEX_POINT('',#5602);
#1582=VERTEX_POINT('',#5605);
#1583=VERTEX_POINT('',#5608);
#1584=VERTEX_POINT('',#5612);
#1585=VERTEX_POINT('',#5614);
#1586=VERTEX_POINT('',#5650);
#1587=VERTEX_POINT('',#5652);
#1588=VERTEX_POINT('',#5656);
#1589=VERTEX_POINT('',#5659);
#1590=VERTEX_POINT('',#5662);
#1591=VERTEX_POINT('',#5665);
#1592=VERTEX_POINT('',#5669);
#1593=VERTEX_POINT('',#5670);
#1594=VERTEX_POINT('',#5672);
#1595=VERTEX_POINT('',#5674);
#1596=VERTEX_POINT('',#5678);
#1597=VERTEX_POINT('',#5680);
#1598=VERTEX_POINT('',#5684);
#1599=VERTEX_POINT('',#5686);
#1600=VERTEX_POINT('',#5690);
#1601=VERTEX_POINT('',#5692);
#1602=VERTEX_POINT('',#5696);
#1603=VERTEX_POINT('',#5698);
#1604=VERTEX_POINT('',#5706);
#1605=VERTEX_POINT('',#5709);
#1606=VERTEX_POINT('',#5712);
#1607=VERTEX_POINT('',#5715);
#1608=VERTEX_POINT('',#5718);
#1609=VERTEX_POINT('',#5719);
#1610=VERTEX_POINT('',#5721);
#1611=VERTEX_POINT('',#5723);
#1612=VERTEX_POINT('',#5727);
#1613=VERTEX_POINT('',#5729);
#1614=VERTEX_POINT('',#5733);
#1615=VERTEX_POINT('',#5735);
#1616=VERTEX_POINT('',#5739);
#1617=VERTEX_POINT('',#5741);
#1618=VERTEX_POINT('',#5745);
#1619=VERTEX_POINT('',#5747);
#1620=VERTEX_POINT('',#5755);
#1621=VERTEX_POINT('',#5758);
#1622=VERTEX_POINT('',#5761);
#1623=VERTEX_POINT('',#5764);
#1624=VERTEX_POINT('',#5767);
#1625=VERTEX_POINT('',#5768);
#1626=VERTEX_POINT('',#5770);
#1627=VERTEX_POINT('',#5772);
#1628=VERTEX_POINT('',#5776);
#1629=VERTEX_POINT('',#5778);
#1630=VERTEX_POINT('',#5782);
#1631=VERTEX_POINT('',#5784);
#1632=VERTEX_POINT('',#5788);
#1633=VERTEX_POINT('',#5790);
#1634=VERTEX_POINT('',#5794);
#1635=VERTEX_POINT('',#5796);
#1636=VERTEX_POINT('',#5804);
#1637=VERTEX_POINT('',#5807);
#1638=VERTEX_POINT('',#5810);
#1639=VERTEX_POINT('',#5813);
#1640=VERTEX_POINT('',#5816);
#1641=VERTEX_POINT('',#5817);
#1642=VERTEX_POINT('',#5819);
#1643=VERTEX_POINT('',#5821);
#1644=VERTEX_POINT('',#5825);
#1645=VERTEX_POINT('',#5826);
#1646=VERTEX_POINT('',#5828);
#1647=VERTEX_POINT('',#5830);
#1648=VERTEX_POINT('',#5834);
#1649=VERTEX_POINT('',#5835);
#1650=VERTEX_POINT('',#5837);
#1651=VERTEX_POINT('',#5839);
#1652=VERTEX_POINT('',#5843);
#1653=VERTEX_POINT('',#5844);
#1654=VERTEX_POINT('',#5846);
#1655=VERTEX_POINT('',#5848);
#1656=VERTEX_POINT('',#5852);
#1657=VERTEX_POINT('',#5853);
#1658=VERTEX_POINT('',#5855);
#1659=VERTEX_POINT('',#5857);
#1660=VERTEX_POINT('',#5861);
#1661=VERTEX_POINT('',#5862);
#1662=VERTEX_POINT('',#5864);
#1663=VERTEX_POINT('',#5866);
#1664=VERTEX_POINT('',#5876);
#1665=VERTEX_POINT('',#5885);
#1666=VERTEX_POINT('',#5887);
#1667=VERTEX_POINT('',#5888);
#1668=VERTEX_POINT('',#5895);
#1669=VERTEX_POINT('',#5897);
#1670=VERTEX_POINT('',#5906);
#1671=VERTEX_POINT('',#5908);
#1672=VERTEX_POINT('',#5912);
#1673=VERTEX_POINT('',#5927);
#1674=VERTEX_POINT('',#5944);
#1675=VERTEX_POINT('',#5945);
#1676=VERTEX_POINT('',#5960);
#1677=VERTEX_POINT('',#5962);
#1678=VERTEX_POINT('',#5979);
#1679=VERTEX_POINT('',#5981);
#1680=VERTEX_POINT('',#6032);
#1681=VERTEX_POINT('',#6050);
#1682=VERTEX_POINT('',#6057);
#1683=VERTEX_POINT('',#6059);
#1684=VERTEX_POINT('',#6062);
#1685=VERTEX_POINT('',#6064);
#1686=VERTEX_POINT('',#6067);
#1687=VERTEX_POINT('',#6070);
#1688=VERTEX_POINT('',#6073);
#1689=VERTEX_POINT('',#6076);
#1690=VERTEX_POINT('',#6079);
#1691=VERTEX_POINT('',#6081);
#1692=VERTEX_POINT('',#6084);
#1693=VERTEX_POINT('',#6086);
#1694=VERTEX_POINT('',#6089);
#1695=VERTEX_POINT('',#6092);
#1696=VERTEX_POINT('',#6095);
#1697=VERTEX_POINT('',#6098);
#1698=VERTEX_POINT('',#6103);
#1699=VERTEX_POINT('',#6105);
#1700=VERTEX_POINT('',#6106);
#1701=VERTEX_POINT('',#6110);
#1702=VERTEX_POINT('',#6111);
#1703=VERTEX_POINT('',#6123);
#1704=VERTEX_POINT('',#6125);
#1705=VERTEX_POINT('',#6127);
#1706=VERTEX_POINT('',#6130);
#1707=VERTEX_POINT('',#6134);
#1708=VERTEX_POINT('',#6137);
#1709=VERTEX_POINT('',#6140);
#1710=VERTEX_POINT('',#6176);
#1711=VERTEX_POINT('',#6216);
#1712=VERTEX_POINT('',#6219);
#1713=VERTEX_POINT('',#6220);
#1714=VERTEX_POINT('',#6222);
#1715=VERTEX_POINT('',#6224);
#1716=VERTEX_POINT('',#6226);
#1717=VERTEX_POINT('',#6228);
#1718=VERTEX_POINT('',#6231);
#1719=VERTEX_POINT('',#6234);
#1720=VERTEX_POINT('',#6236);
#1721=VERTEX_POINT('',#6240);
#1722=VERTEX_POINT('',#6241);
#1723=VERTEX_POINT('',#6243);
#1724=VERTEX_POINT('',#6245);
#1725=VERTEX_POINT('',#6249);
#1726=VERTEX_POINT('',#6250);
#1727=VERTEX_POINT('',#6252);
#1728=VERTEX_POINT('',#6254);
#1729=VERTEX_POINT('',#6258);
#1730=VERTEX_POINT('',#6260);
#1731=VERTEX_POINT('',#6262);
#1732=VERTEX_POINT('',#6264);
#1733=VERTEX_POINT('',#6267);
#1734=VERTEX_POINT('',#6270);
#1735=VERTEX_POINT('',#6272);
#1736=VERTEX_POINT('',#6274);
#1737=VERTEX_POINT('',#6276);
#1738=VERTEX_POINT('',#6279);
#1739=VERTEX_POINT('',#6282);
#1740=VERTEX_POINT('',#6286);
#1741=VERTEX_POINT('',#6290);
#1742=VERTEX_POINT('',#6294);
#1743=VERTEX_POINT('',#6298);
#1744=VERTEX_POINT('',#6302);
#1745=VERTEX_POINT('',#6306);
#1746=VERTEX_POINT('',#6310);
#1747=VERTEX_POINT('',#6313);
#1748=VERTEX_POINT('',#6316);
#1749=VERTEX_POINT('',#6319);
#1750=VERTEX_POINT('',#6324);
#1751=VERTEX_POINT('',#6330);
#1752=VERTEX_POINT('',#6336);
#1753=VERTEX_POINT('',#6339);
#1754=VERTEX_POINT('',#6342);
#1755=VERTEX_POINT('',#6345);
#1756=VERTEX_POINT('',#6347);
#1757=VERTEX_POINT('',#6350);
#1758=VERTEX_POINT('',#6352);
#1759=VERTEX_POINT('',#6355);
#1760=VERTEX_POINT('',#6357);
#1761=VERTEX_POINT('',#6360);
#1762=VERTEX_POINT('',#6362);
#1763=VERTEX_POINT('',#6365);
#1764=VERTEX_POINT('',#6368);
#1765=VERTEX_POINT('',#6371);
#1766=VERTEX_POINT('',#6374);
#1767=VERTEX_POINT('',#6380);
#1768=VERTEX_POINT('',#6383);
#1769=VERTEX_POINT('',#6385);
#1770=EDGE_CURVE('',#1448,#1449,#1024,.T.);
#1771=EDGE_CURVE('',#1450,#1448,#820,.T.);
#1772=EDGE_CURVE('',#1450,#1451,#1025,.T.);
#1773=EDGE_CURVE('',#1452,#1451,#821,.T.);
#1774=EDGE_CURVE('',#1452,#1453,#1026,.T.);
#1775=EDGE_CURVE('',#1453,#1449,#822,.T.);
#1776=EDGE_CURVE('',#1454,#1450,#1027,.T.);
#1777=EDGE_CURVE('',#1455,#1454,#1028,.T.);
#1778=EDGE_CURVE('',#1451,#1455,#1029,.T.);
#1779=EDGE_CURVE('',#1456,#1457,#823,.T.);
#1780=EDGE_CURVE('',#1458,#1456,#1030,.T.);
#1781=EDGE_CURVE('',#1459,#1458,#824,.T.);
#1782=EDGE_CURVE('',#1460,#1459,#1031,.T.);
#1783=EDGE_CURVE('',#1449,#1460,#825,.T.);
#1784=EDGE_CURVE('',#1461,#1453,#826,.T.);
#1785=EDGE_CURVE('',#1457,#1461,#827,.T.);
#1786=EDGE_CURVE('',#1462,#1463,#1032,.T.);
#1787=EDGE_CURVE('',#1464,#1462,#1033,.T.);
#1788=EDGE_CURVE('',#1465,#1464,#1034,.T.);
#1789=EDGE_CURVE('',#1463,#1465,#1035,.T.);
#1790=EDGE_CURVE('',#1457,#1466,#1036,.T.);
#1791=EDGE_CURVE('',#1461,#1467,#1037,.T.);
#1792=EDGE_CURVE('',#1464,#1467,#828,.T.);
#1793=EDGE_CURVE('',#1466,#1462,#829,.T.);
#1794=EDGE_CURVE('',#1467,#1452,#830,.T.);
#1795=EDGE_CURVE('',#1463,#1468,#831,.T.);
#1796=EDGE_CURVE('',#1469,#1465,#832,.T.);
#1797=EDGE_CURVE('',#1469,#1468,#1038,.T.);
#1798=EDGE_CURVE('',#1468,#1470,#833,.T.);
#1799=EDGE_CURVE('',#1471,#1469,#834,.T.);
#1800=EDGE_CURVE('',#1470,#1471,#1039,.T.);
#1801=EDGE_CURVE('',#1470,#1454,#835,.T.);
#1802=EDGE_CURVE('',#1455,#1471,#836,.T.);
#1803=EDGE_CURVE('',#1466,#1472,#837,.T.);
#1804=EDGE_CURVE('',#1456,#1472,#1040,.T.);
#1805=EDGE_CURVE('',#1473,#1448,#838,.T.);
#1806=EDGE_CURVE('',#1473,#1474,#1041,.T.);
#1807=EDGE_CURVE('',#1475,#1474,#839,.T.);
#1808=EDGE_CURVE('',#1475,#1472,#1042,.T.);
#1809=EDGE_CURVE('',#1473,#1460,#1043,.T.);
#1810=EDGE_CURVE('',#1474,#1459,#1044,.T.);
#1811=EDGE_CURVE('',#1458,#1475,#1045,.T.);
#1812=EDGE_CURVE('',#1476,#1477,#1046,.T.);
#1813=EDGE_CURVE('',#1478,#1476,#840,.T.);
#1814=EDGE_CURVE('',#1478,#1479,#1047,.T.);
#1815=EDGE_CURVE('',#1480,#1479,#841,.T.);
#1816=EDGE_CURVE('',#1480,#1481,#1048,.T.);
#1817=EDGE_CURVE('',#1481,#1477,#842,.T.);
#1818=EDGE_CURVE('',#1477,#1482,#843,.T.);
#1819=EDGE_CURVE('',#1483,#1481,#844,.T.);
#1820=EDGE_CURVE('',#1484,#1483,#845,.T.);
#1821=EDGE_CURVE('',#1485,#1484,#846,.T.);
#1822=EDGE_CURVE('',#1486,#1485,#1049,.T.);
#1823=EDGE_CURVE('',#1487,#1486,#847,.T.);
#1824=EDGE_CURVE('',#1482,#1487,#1050,.T.);
#1825=EDGE_CURVE('',#1488,#1478,#1051,.T.);
#1826=EDGE_CURVE('',#1489,#1488,#1052,.T.);
#1827=EDGE_CURVE('',#1479,#1489,#1053,.T.);
#1828=EDGE_CURVE('',#1490,#1488,#848,.T.);
#1829=EDGE_CURVE('',#1490,#1491,#1054,.T.);
#1830=EDGE_CURVE('',#1489,#1491,#849,.T.);
#1831=EDGE_CURVE('',#1492,#1490,#850,.T.);
#1832=EDGE_CURVE('',#1493,#1492,#1055,.T.);
#1833=EDGE_CURVE('',#1491,#1493,#851,.T.);
#1834=EDGE_CURVE('',#1494,#1492,#852,.T.);
#1835=EDGE_CURVE('',#1494,#1495,#1056,.T.);
#1836=EDGE_CURVE('',#1493,#1495,#853,.T.);
#1837=EDGE_CURVE('',#1496,#1494,#1057,.T.);
#1838=EDGE_CURVE('',#1497,#1496,#1058,.T.);
#1839=EDGE_CURVE('',#1495,#1497,#1059,.T.);
#1840=EDGE_CURVE('',#1498,#1480,#854,.T.);
#1841=EDGE_CURVE('',#1483,#1498,#1060,.T.);
#1842=EDGE_CURVE('',#1497,#1498,#855,.T.);
#1843=EDGE_CURVE('',#1484,#1499,#1061,.T.);
#1844=EDGE_CURVE('',#1499,#1496,#856,.T.);
#1845=EDGE_CURVE('',#1500,#1482,#1062,.T.);
#1846=EDGE_CURVE('',#1500,#1476,#857,.T.);
#1847=EDGE_CURVE('',#1501,#1487,#1063,.T.);
#1848=EDGE_CURVE('',#1500,#1501,#1064,.T.);
#1849=EDGE_CURVE('',#1485,#1502,#1065,.T.);
#1850=EDGE_CURVE('',#1503,#1502,#1066,.T.);
#1851=EDGE_CURVE('',#1486,#1503,#1067,.T.);
#1852=EDGE_CURVE('',#1499,#1502,#858,.T.);
#1853=EDGE_CURVE('',#1503,#1501,#859,.T.);
#1854=EDGE_CURVE('',#1504,#1505,#1068,.T.);
#1855=EDGE_CURVE('',#1506,#1505,#1069,.T.);
#1856=EDGE_CURVE('',#1507,#1506,#1070,.T.);
#1857=EDGE_CURVE('',#1507,#1504,#1071,.T.);
#1858=EDGE_CURVE('',#1508,#1509,#1072,.T.);
#1859=EDGE_CURVE('',#1509,#1510,#1073,.T.);
#1860=EDGE_CURVE('',#1511,#1510,#1074,.T.);
#1861=EDGE_CURVE('',#1508,#1511,#1075,.T.);
#1862=EDGE_CURVE('',#1512,#1504,#860,.T.);
#1863=EDGE_CURVE('',#1507,#1513,#861,.T.);
#1864=EDGE_CURVE('',#1513,#1512,#1076,.T.);
#1865=EDGE_CURVE('',#1514,#1515,#1077,.T.);
#1866=EDGE_CURVE('',#1515,#1510,#862,.T.);
#1867=EDGE_CURVE('',#1509,#1514,#863,.T.);
#1868=EDGE_CURVE('',#1505,#1508,#864,.T.);
#1869=EDGE_CURVE('',#1511,#1506,#865,.T.);
#1870=EDGE_CURVE('',#1515,#1516,#866,.T.);
#1871=EDGE_CURVE('',#1516,#1517,#1078,.T.);
#1872=EDGE_CURVE('',#1517,#1518,#867,.T.);
#1873=EDGE_CURVE('',#1518,#1519,#868,.T.);
#1874=EDGE_CURVE('',#1519,#1520,#869,.T.);
#1875=EDGE_CURVE('',#1520,#1521,#1079,.T.);
#1876=EDGE_CURVE('',#1521,#1513,#870,.T.);
#1877=EDGE_CURVE('',#1522,#1516,#1080,.T.);
#1878=EDGE_CURVE('',#1523,#1522,#1081,.T.);
#1879=EDGE_CURVE('',#1517,#1523,#1082,.T.);
#1880=EDGE_CURVE('',#1524,#1520,#1083,.T.);
#1881=EDGE_CURVE('',#1525,#1524,#1084,.T.);
#1882=EDGE_CURVE('',#1521,#1525,#1085,.T.);
#1883=EDGE_CURVE('',#1526,#1523,#871,.T.);
#1884=EDGE_CURVE('',#1522,#1527,#872,.T.);
#1885=EDGE_CURVE('',#1527,#1528,#873,.T.);
#1886=EDGE_CURVE('',#1528,#1525,#874,.T.);
#1887=EDGE_CURVE('',#1524,#1529,#875,.T.);
#1888=EDGE_CURVE('',#1529,#1526,#876,.T.);
#1889=EDGE_CURVE('',#1519,#1529,#1086,.T.);
#1890=EDGE_CURVE('',#1526,#1518,#1087,.T.);
#1891=EDGE_CURVE('',#1530,#1531,#877,.T.);
#1892=EDGE_CURVE('',#1528,#1531,#1088,.T.);
#1893=EDGE_CURVE('',#1530,#1527,#1089,.T.);
#1894=EDGE_CURVE('',#1514,#1530,#878,.T.);
#1895=EDGE_CURVE('',#1531,#1512,#879,.T.);
#1896=EDGE_CURVE('',#1532,#1533,#1090,.T.);
#1897=EDGE_CURVE('',#1534,#1532,#880,.T.);
#1898=EDGE_CURVE('',#1534,#1535,#1091,.T.);
#1899=EDGE_CURVE('',#1536,#1535,#881,.T.);
#1900=EDGE_CURVE('',#1536,#1537,#1092,.T.);
#1901=EDGE_CURVE('',#1537,#1533,#882,.T.);
#1902=EDGE_CURVE('',#1538,#1539,#883,.T.);
#1903=EDGE_CURVE('',#1540,#1538,#1093,.T.);
#1904=EDGE_CURVE('',#1541,#1540,#884,.T.);
#1905=EDGE_CURVE('',#1542,#1541,#1094,.T.);
#1906=EDGE_CURVE('',#1533,#1542,#885,.T.);
#1907=EDGE_CURVE('',#1543,#1537,#886,.T.);
#1908=EDGE_CURVE('',#1539,#1543,#887,.T.);
#1909=EDGE_CURVE('',#1544,#1545,#1095,.T.);
#1910=EDGE_CURVE('',#1546,#1544,#1096,.T.);
#1911=EDGE_CURVE('',#1547,#1546,#1097,.T.);
#1912=EDGE_CURVE('',#1545,#1547,#1098,.T.);
#1913=EDGE_CURVE('',#1539,#1548,#1099,.T.);
#1914=EDGE_CURVE('',#1543,#1549,#1100,.T.);
#1915=EDGE_CURVE('',#1546,#1549,#888,.T.);
#1916=EDGE_CURVE('',#1548,#1544,#889,.T.);
#1917=EDGE_CURVE('',#1549,#1536,#890,.T.);
#1918=EDGE_CURVE('',#1550,#1534,#1101,.T.);
#1919=EDGE_CURVE('',#1551,#1550,#1102,.T.);
#1920=EDGE_CURVE('',#1535,#1551,#1103,.T.);
#1921=EDGE_CURVE('',#1545,#1552,#891,.T.);
#1922=EDGE_CURVE('',#1553,#1547,#892,.T.);
#1923=EDGE_CURVE('',#1553,#1552,#1104,.T.);
#1924=EDGE_CURVE('',#1552,#1554,#893,.T.);
#1925=EDGE_CURVE('',#1555,#1553,#894,.T.);
#1926=EDGE_CURVE('',#1554,#1555,#1105,.T.);
#1927=EDGE_CURVE('',#1554,#1550,#895,.T.);
#1928=EDGE_CURVE('',#1551,#1555,#896,.T.);
#1929=EDGE_CURVE('',#1556,#1532,#897,.T.);
#1930=EDGE_CURVE('',#1556,#1557,#1106,.T.);
#1931=EDGE_CURVE('',#1558,#1557,#898,.T.);
#1932=EDGE_CURVE('',#1558,#1559,#1107,.T.);
#1933=EDGE_CURVE('',#1548,#1559,#899,.T.);
#1934=EDGE_CURVE('',#1540,#1558,#1108,.T.);
#1935=EDGE_CURVE('',#1557,#1541,#1109,.T.);
#1936=EDGE_CURVE('',#1538,#1559,#1110,.T.);
#1937=EDGE_CURVE('',#1556,#1542,#1111,.T.);
#1938=EDGE_CURVE('',#1560,#1560,#900,.T.);
#1939=EDGE_CURVE('',#1561,#1561,#150,.T.);
#1940=EDGE_CURVE('',#1562,#1562,#901,.T.);
#1941=EDGE_CURVE('',#1563,#1563,#902,.T.);
#1942=EDGE_CURVE('',#1564,#1564,#903,.T.);
#1943=EDGE_CURVE('',#1565,#1565,#904,.T.);
#1944=EDGE_CURVE('',#1566,#1566,#905,.T.);
#1945=EDGE_CURVE('',#1567,#1567,#906,.T.);
#1946=EDGE_CURVE('',#1568,#1568,#907,.T.);
#1947=EDGE_CURVE('',#1569,#1569,#151,.T.);
#1948=EDGE_CURVE('',#1570,#1570,#908,.T.);
#1949=EDGE_CURVE('',#1571,#1571,#909,.T.);
#1950=EDGE_CURVE('',#1572,#1572,#910,.T.);
#1951=EDGE_CURVE('',#1573,#1573,#911,.T.);
#1952=EDGE_CURVE('',#1574,#1574,#912,.T.);
#1953=EDGE_CURVE('',#1575,#1575,#913,.T.);
#1954=EDGE_CURVE('',#1576,#1576,#914,.T.);
#1955=EDGE_CURVE('',#1577,#1577,#152,.T.);
#1956=EDGE_CURVE('',#1578,#1578,#915,.T.);
#1957=EDGE_CURVE('',#1579,#1579,#916,.T.);
#1958=EDGE_CURVE('',#1580,#1580,#917,.T.);
#1959=EDGE_CURVE('',#1581,#1581,#918,.T.);
#1960=EDGE_CURVE('',#1582,#1582,#919,.T.);
#1961=EDGE_CURVE('',#1583,#1583,#920,.T.);
#1962=EDGE_CURVE('',#1584,#1584,#921,.T.);
#1963=EDGE_CURVE('',#1585,#1585,#153,.T.);
#1964=EDGE_CURVE('',#1586,#1586,#922,.T.);
#1965=EDGE_CURVE('',#1587,#1587,#923,.T.);
#1966=EDGE_CURVE('',#1588,#1588,#924,.T.);
#1967=EDGE_CURVE('',#1589,#1589,#925,.T.);
#1968=EDGE_CURVE('',#1590,#1590,#926,.T.);
#1969=EDGE_CURVE('',#1591,#1591,#927,.T.);
#1970=EDGE_CURVE('',#1592,#1593,#1112,.T.);
#1971=EDGE_CURVE('',#1594,#1592,#1113,.T.);
#1972=EDGE_CURVE('',#1595,#1594,#1114,.T.);
#1973=EDGE_CURVE('',#1595,#1593,#1115,.T.);
#1974=EDGE_CURVE('',#1593,#1596,#1116,.T.);
#1975=EDGE_CURVE('',#1597,#1595,#1117,.T.);
#1976=EDGE_CURVE('',#1597,#1596,#1118,.T.);
#1977=EDGE_CURVE('',#1596,#1598,#1119,.T.);
#1978=EDGE_CURVE('',#1599,#1597,#1120,.T.);
#1979=EDGE_CURVE('',#1599,#1598,#1121,.T.);
#1980=EDGE_CURVE('',#1598,#1600,#1122,.T.);
#1981=EDGE_CURVE('',#1601,#1599,#1123,.T.);
#1982=EDGE_CURVE('',#1601,#1600,#1124,.T.);
#1983=EDGE_CURVE('',#1600,#1602,#1125,.T.);
#1984=EDGE_CURVE('',#1603,#1601,#1126,.T.);
#1985=EDGE_CURVE('',#1603,#1602,#1127,.T.);
#1986=EDGE_CURVE('',#1602,#1592,#1128,.T.);
#1987=EDGE_CURVE('',#1594,#1603,#1129,.T.);
#1988=EDGE_CURVE('',#1604,#1604,#928,.T.);
#1989=EDGE_CURVE('',#1605,#1605,#929,.T.);
#1990=EDGE_CURVE('',#1606,#1606,#930,.T.);
#1991=EDGE_CURVE('',#1607,#1607,#931,.T.);
#1992=EDGE_CURVE('',#1608,#1609,#1130,.T.);
#1993=EDGE_CURVE('',#1610,#1608,#1131,.T.);
#1994=EDGE_CURVE('',#1611,#1610,#1132,.T.);
#1995=EDGE_CURVE('',#1611,#1609,#1133,.T.);
#1996=EDGE_CURVE('',#1609,#1612,#1134,.T.);
#1997=EDGE_CURVE('',#1613,#1611,#1135,.T.);
#1998=EDGE_CURVE('',#1613,#1612,#1136,.T.);
#1999=EDGE_CURVE('',#1612,#1614,#1137,.T.);
#2000=EDGE_CURVE('',#1615,#1613,#1138,.T.);
#2001=EDGE_CURVE('',#1615,#1614,#1139,.T.);
#2002=EDGE_CURVE('',#1614,#1616,#1140,.T.);
#2003=EDGE_CURVE('',#1617,#1615,#1141,.T.);
#2004=EDGE_CURVE('',#1617,#1616,#1142,.T.);
#2005=EDGE_CURVE('',#1616,#1618,#1143,.T.);
#2006=EDGE_CURVE('',#1619,#1617,#1144,.T.);
#2007=EDGE_CURVE('',#1619,#1618,#1145,.T.);
#2008=EDGE_CURVE('',#1618,#1608,#1146,.T.);
#2009=EDGE_CURVE('',#1610,#1619,#1147,.T.);
#2010=EDGE_CURVE('',#1620,#1620,#932,.T.);
#2011=EDGE_CURVE('',#1621,#1621,#933,.T.);
#2012=EDGE_CURVE('',#1622,#1622,#934,.T.);
#2013=EDGE_CURVE('',#1623,#1623,#935,.T.);
#2014=EDGE_CURVE('',#1624,#1625,#1148,.T.);
#2015=EDGE_CURVE('',#1626,#1624,#1149,.T.);
#2016=EDGE_CURVE('',#1627,#1626,#1150,.T.);
#2017=EDGE_CURVE('',#1627,#1625,#1151,.T.);
#2018=EDGE_CURVE('',#1625,#1628,#1152,.T.);
#2019=EDGE_CURVE('',#1629,#1627,#1153,.T.);
#2020=EDGE_CURVE('',#1629,#1628,#1154,.T.);
#2021=EDGE_CURVE('',#1628,#1630,#1155,.T.);
#2022=EDGE_CURVE('',#1631,#1629,#1156,.T.);
#2023=EDGE_CURVE('',#1631,#1630,#1157,.T.);
#2024=EDGE_CURVE('',#1630,#1632,#1158,.T.);
#2025=EDGE_CURVE('',#1633,#1631,#1159,.T.);
#2026=EDGE_CURVE('',#1633,#1632,#1160,.T.);
#2027=EDGE_CURVE('',#1632,#1634,#1161,.T.);
#2028=EDGE_CURVE('',#1635,#1633,#1162,.T.);
#2029=EDGE_CURVE('',#1635,#1634,#1163,.T.);
#2030=EDGE_CURVE('',#1634,#1624,#1164,.T.);
#2031=EDGE_CURVE('',#1626,#1635,#1165,.T.);
#2032=EDGE_CURVE('',#1636,#1636,#936,.T.);
#2033=EDGE_CURVE('',#1637,#1637,#937,.T.);
#2034=EDGE_CURVE('',#1638,#1638,#938,.T.);
#2035=EDGE_CURVE('',#1639,#1639,#939,.T.);
#2036=EDGE_CURVE('',#1640,#1641,#1166,.T.);
#2037=EDGE_CURVE('',#1642,#1640,#1167,.T.);
#2038=EDGE_CURVE('',#1643,#1642,#1168,.T.);
#2039=EDGE_CURVE('',#1641,#1643,#1169,.T.);
#2040=EDGE_CURVE('',#1644,#1645,#1170,.T.);
#2041=EDGE_CURVE('',#1646,#1644,#1171,.T.);
#2042=EDGE_CURVE('',#1647,#1646,#1172,.T.);
#2043=EDGE_CURVE('',#1645,#1647,#1173,.T.);
#2044=EDGE_CURVE('',#1648,#1649,#1174,.T.);
#2045=EDGE_CURVE('',#1650,#1648,#1175,.T.);
#2046=EDGE_CURVE('',#1651,#1650,#1176,.T.);
#2047=EDGE_CURVE('',#1649,#1651,#1177,.T.);
#2048=EDGE_CURVE('',#1652,#1653,#1178,.T.);
#2049=EDGE_CURVE('',#1654,#1652,#1179,.T.);
#2050=EDGE_CURVE('',#1655,#1654,#1180,.T.);
#2051=EDGE_CURVE('',#1653,#1655,#1181,.T.);
#2052=EDGE_CURVE('',#1656,#1657,#1182,.T.);
#2053=EDGE_CURVE('',#1658,#1656,#1183,.T.);
#2054=EDGE_CURVE('',#1659,#1658,#1184,.T.);
#2055=EDGE_CURVE('',#1657,#1659,#1185,.T.);
#2056=EDGE_CURVE('',#1660,#1661,#1186,.T.);
#2057=EDGE_CURVE('',#1662,#1660,#1187,.T.);
#2058=EDGE_CURVE('',#1663,#1662,#1188,.T.);
#2059=EDGE_CURVE('',#1661,#1663,#1189,.T.);
#2060=EDGE_CURVE('',#1644,#1642,#1190,.T.);
#2061=EDGE_CURVE('',#1643,#1645,#1191,.T.);
#2062=EDGE_CURVE('',#1648,#1646,#1192,.T.);
#2063=EDGE_CURVE('',#1647,#1649,#1193,.T.);
#2064=EDGE_CURVE('',#1664,#1664,#940,.T.);
#2065=EDGE_CURVE('',#1651,#1653,#1194,.T.);
#2066=EDGE_CURVE('',#1655,#1662,#1195,.T.);
#2067=EDGE_CURVE('',#1660,#1658,#1196,.T.);
#2068=EDGE_CURVE('',#1656,#1641,#1197,.T.);
#2069=EDGE_CURVE('',#1652,#1650,#1198,.T.);
#2070=EDGE_CURVE('',#1665,#1665,#941,.T.);
#2071=EDGE_CURVE('',#1666,#1667,#154,.T.);
#2072=EDGE_CURVE('',#1666,#1668,#942,.T.);
#2073=EDGE_CURVE('',#1669,#1668,#155,.T.);
#2074=EDGE_CURVE('',#1669,#1667,#943,.T.);
#2075=EDGE_CURVE('',#1670,#1666,#1199,.T.);
#2076=EDGE_CURVE('',#1670,#1671,#944,.T.);
#2077=EDGE_CURVE('',#1668,#1671,#1200,.T.);
#2078=EDGE_CURVE('',#1672,#1670,#156,.T.);
#2079=EDGE_CURVE('',#1672,#1673,#945,.T.);
#2080=EDGE_CURVE('',#1671,#1673,#157,.T.);
#2081=EDGE_CURVE('',#1674,#1675,#158,.T.);
#2082=EDGE_CURVE('',#1674,#1676,#946,.T.);
#2083=EDGE_CURVE('',#1677,#1676,#159,.T.);
#2084=EDGE_CURVE('',#1675,#1677,#947,.T.);
#2085=EDGE_CURVE('',#1678,#1678,#948,.T.);
#2086=EDGE_CURVE('',#1679,#1679,#160,.T.);
#2087=EDGE_CURVE('',#1673,#1672,#161,.T.);
#2088=EDGE_CURVE('',#1680,#1674,#162,.T.);
#2089=EDGE_CURVE('',#1676,#1680,#163,.T.);
#2090=EDGE_CURVE('',#1681,#1681,#949,.T.);
#2091=EDGE_CURVE('',#1675,#1669,#1201,.T.);
#2092=EDGE_CURVE('',#1667,#1677,#1202,.T.);
#2093=EDGE_CURVE('',#1682,#1682,#950,.T.);
#2094=EDGE_CURVE('',#1683,#1683,#951,.T.);
#2095=EDGE_CURVE('',#1684,#1684,#952,.T.);
#2096=EDGE_CURVE('',#1685,#1685,#953,.T.);
#2097=EDGE_CURVE('',#1686,#1686,#954,.T.);
#2098=EDGE_CURVE('',#1687,#1687,#955,.T.);
#2099=EDGE_CURVE('',#1688,#1688,#956,.T.);
#2100=EDGE_CURVE('',#1689,#1689,#957,.T.);
#2101=EDGE_CURVE('',#1690,#1690,#958,.T.);
#2102=EDGE_CURVE('',#1691,#1691,#959,.T.);
#2103=EDGE_CURVE('',#1692,#1692,#960,.T.);
#2104=EDGE_CURVE('',#1693,#1693,#961,.T.);
#2105=EDGE_CURVE('',#1694,#1694,#962,.T.);
#2106=EDGE_CURVE('',#1695,#1695,#963,.T.);
#2107=EDGE_CURVE('',#1696,#1696,#964,.T.);
#2108=EDGE_CURVE('',#1697,#1697,#965,.T.);
#2109=EDGE_CURVE('',#1698,#1698,#966,.T.);
#2110=EDGE_CURVE('',#1699,#1700,#967,.T.);
#2111=EDGE_CURVE('',#1700,#1699,#968,.T.);
#2112=EDGE_CURVE('',#1701,#1702,#969,.T.);
#2113=EDGE_CURVE('',#1702,#1701,#970,.T.);
#2114=EDGE_CURVE('',#1640,#1657,#1203,.T.);
#2115=EDGE_CURVE('',#1659,#1661,#1204,.T.);
#2116=EDGE_CURVE('',#1663,#1654,#1205,.T.);
#2117=EDGE_CURVE('',#1703,#1703,#971,.T.);
#2118=EDGE_CURVE('',#1704,#1704,#972,.T.);
#2119=EDGE_CURVE('',#1705,#1705,#973,.T.);
#2120=EDGE_CURVE('',#1706,#1706,#974,.T.);
#2121=EDGE_CURVE('',#1707,#1707,#975,.T.);
#2122=EDGE_CURVE('',#1708,#1708,#976,.T.);
#2123=EDGE_CURVE('',#1709,#1709,#164,.T.);
#2124=EDGE_CURVE('',#1710,#1710,#165,.T.);
#2125=EDGE_CURVE('',#1711,#1711,#977,.T.);
#2126=EDGE_CURVE('',#1712,#1713,#1206,.T.);
#2127=EDGE_CURVE('',#1713,#1714,#978,.T.);
#2128=EDGE_CURVE('',#1714,#1715,#1207,.T.);
#2129=EDGE_CURVE('',#1716,#1715,#979,.T.);
#2130=EDGE_CURVE('',#1717,#1716,#980,.T.);
#2131=EDGE_CURVE('',#1712,#1717,#981,.T.);
#2132=EDGE_CURVE('',#1718,#1718,#982,.T.);
#2133=EDGE_CURVE('',#1713,#1719,#1208,.T.);
#2134=EDGE_CURVE('',#1719,#1720,#983,.T.);
#2135=EDGE_CURVE('',#1720,#1714,#1209,.T.);
#2136=EDGE_CURVE('',#1721,#1722,#1210,.T.);
#2137=EDGE_CURVE('',#1723,#1722,#984,.T.);
#2138=EDGE_CURVE('',#1723,#1724,#1211,.T.);
#2139=EDGE_CURVE('',#1724,#1721,#985,.T.);
#2140=EDGE_CURVE('',#1725,#1726,#1212,.T.);
#2141=EDGE_CURVE('',#1726,#1727,#986,.T.);
#2142=EDGE_CURVE('',#1727,#1728,#1213,.T.);
#2143=EDGE_CURVE('',#1725,#1728,#987,.T.);
#2144=EDGE_CURVE('',#1722,#1729,#1214,.T.);
#2145=EDGE_CURVE('',#1730,#1729,#988,.T.);
#2146=EDGE_CURVE('',#1731,#1730,#989,.T.);
#2147=EDGE_CURVE('',#1732,#1731,#990,.T.);
#2148=EDGE_CURVE('',#1732,#1723,#1215,.T.);
#2149=EDGE_CURVE('',#1733,#1733,#991,.T.);
#2150=EDGE_CURVE('',#1734,#1725,#1216,.T.);
#2151=EDGE_CURVE('',#1728,#1735,#1217,.T.);
#2152=EDGE_CURVE('',#1736,#1735,#992,.T.);
#2153=EDGE_CURVE('',#1737,#1736,#993,.T.);
#2154=EDGE_CURVE('',#1734,#1737,#994,.T.);
#2155=EDGE_CURVE('',#1738,#1738,#995,.T.);
#2156=EDGE_CURVE('',#1739,#1732,#1218,.T.);
#2157=EDGE_CURVE('',#1724,#1739,#1219,.T.);
#2158=EDGE_CURVE('',#1740,#1734,#1220,.T.);
#2159=EDGE_CURVE('',#1726,#1740,#1221,.T.);
#2160=EDGE_CURVE('',#1741,#1712,#1222,.T.);
#2161=EDGE_CURVE('',#1719,#1741,#1223,.T.);
#2162=EDGE_CURVE('',#1717,#1742,#1224,.T.);
#2163=EDGE_CURVE('',#1742,#1741,#996,.T.);
#2164=EDGE_CURVE('',#1737,#1743,#1225,.T.);
#2165=EDGE_CURVE('',#1743,#1740,#997,.T.);
#2166=EDGE_CURVE('',#1735,#1744,#1226,.T.);
#2167=EDGE_CURVE('',#1744,#1727,#1227,.T.);
#2168=EDGE_CURVE('',#1744,#1745,#998,.T.);
#2169=EDGE_CURVE('',#1745,#1736,#1228,.T.);
#2170=EDGE_CURVE('',#1746,#1716,#1229,.T.);
#2171=EDGE_CURVE('',#1743,#1746,#999,.T.);
#2172=EDGE_CURVE('',#1747,#1745,#1000,.T.);
#2173=EDGE_CURVE('',#1731,#1747,#1230,.T.);
#2174=EDGE_CURVE('',#1748,#1730,#1231,.T.);
#2175=EDGE_CURVE('',#1742,#1748,#1001,.T.);
#2176=EDGE_CURVE('',#1749,#1749,#1002,.T.);
#2177=EDGE_CURVE('',#1747,#1739,#1003,.T.);
#2178=EDGE_CURVE('',#1729,#1750,#1232,.T.);
#2179=EDGE_CURVE('',#1750,#1721,#1233,.T.);
#2180=EDGE_CURVE('',#1750,#1748,#1004,.T.);
#2181=EDGE_CURVE('',#1715,#1751,#1234,.T.);
#2182=EDGE_CURVE('',#1751,#1720,#1235,.T.);
#2183=EDGE_CURVE('',#1751,#1746,#1005,.T.);
#2184=EDGE_CURVE('',#1752,#1752,#1006,.T.);
#2185=EDGE_CURVE('',#1753,#1753,#1007,.T.);
#2186=EDGE_CURVE('',#1754,#1754,#1008,.T.);
#2187=EDGE_CURVE('',#1755,#1755,#1009,.T.);
#2188=EDGE_CURVE('',#1756,#1756,#1010,.T.);
#2189=EDGE_CURVE('',#1757,#1757,#1011,.T.);
#2190=EDGE_CURVE('',#1758,#1758,#1012,.T.);
#2191=EDGE_CURVE('',#1759,#1759,#1013,.T.);
#2192=EDGE_CURVE('',#1760,#1760,#1014,.T.);
#2193=EDGE_CURVE('',#1761,#1761,#1015,.T.);
#2194=EDGE_CURVE('',#1762,#1762,#1016,.T.);
#2195=EDGE_CURVE('',#1763,#1763,#1017,.T.);
#2196=EDGE_CURVE('',#1764,#1764,#1018,.T.);
#2197=EDGE_CURVE('',#1765,#1765,#1019,.T.);
#2198=EDGE_CURVE('',#1766,#1766,#1020,.T.);
#2199=EDGE_CURVE('',#1767,#1767,#1021,.T.);
#2200=EDGE_CURVE('',#1768,#1768,#1022,.T.);
#2201=EDGE_CURVE('',#1769,#1769,#1023,.T.);
#2202=ORIENTED_EDGE('',*,*,#1770,.F.);
#2203=ORIENTED_EDGE('',*,*,#1771,.F.);
#2204=ORIENTED_EDGE('',*,*,#1772,.T.);
#2205=ORIENTED_EDGE('',*,*,#1773,.F.);
#2206=ORIENTED_EDGE('',*,*,#1774,.T.);
#2207=ORIENTED_EDGE('',*,*,#1775,.T.);
#2208=ORIENTED_EDGE('',*,*,#1776,.F.);
#2209=ORIENTED_EDGE('',*,*,#1777,.F.);
#2210=ORIENTED_EDGE('',*,*,#1778,.F.);
#2211=ORIENTED_EDGE('',*,*,#1772,.F.);
#2212=ORIENTED_EDGE('',*,*,#1779,.F.);
#2213=ORIENTED_EDGE('',*,*,#1780,.F.);
#2214=ORIENTED_EDGE('',*,*,#1781,.F.);
#2215=ORIENTED_EDGE('',*,*,#1782,.F.);
#2216=ORIENTED_EDGE('',*,*,#1783,.F.);
#2217=ORIENTED_EDGE('',*,*,#1775,.F.);
#2218=ORIENTED_EDGE('',*,*,#1784,.F.);
#2219=ORIENTED_EDGE('',*,*,#1785,.F.);
#2220=ORIENTED_EDGE('',*,*,#1786,.F.);
#2221=ORIENTED_EDGE('',*,*,#1787,.F.);
#2222=ORIENTED_EDGE('',*,*,#1788,.F.);
#2223=ORIENTED_EDGE('',*,*,#1789,.F.);
#2224=ORIENTED_EDGE('',*,*,#1790,.F.);
#2225=ORIENTED_EDGE('',*,*,#1785,.T.);
#2226=ORIENTED_EDGE('',*,*,#1791,.T.);
#2227=ORIENTED_EDGE('',*,*,#1792,.F.);
#2228=ORIENTED_EDGE('',*,*,#1787,.T.);
#2229=ORIENTED_EDGE('',*,*,#1793,.F.);
#2230=ORIENTED_EDGE('',*,*,#1784,.T.);
#2231=ORIENTED_EDGE('',*,*,#1774,.F.);
#2232=ORIENTED_EDGE('',*,*,#1794,.F.);
#2233=ORIENTED_EDGE('',*,*,#1791,.F.);
#2234=ORIENTED_EDGE('',*,*,#1795,.F.);
#2235=ORIENTED_EDGE('',*,*,#1789,.T.);
#2236=ORIENTED_EDGE('',*,*,#1796,.F.);
#2237=ORIENTED_EDGE('',*,*,#1797,.T.);
#2238=ORIENTED_EDGE('',*,*,#1798,.F.);
#2239=ORIENTED_EDGE('',*,*,#1797,.F.);
#2240=ORIENTED_EDGE('',*,*,#1799,.F.);
#2241=ORIENTED_EDGE('',*,*,#1800,.F.);
#2242=ORIENTED_EDGE('',*,*,#1801,.F.);
#2243=ORIENTED_EDGE('',*,*,#1800,.T.);
#2244=ORIENTED_EDGE('',*,*,#1802,.F.);
#2245=ORIENTED_EDGE('',*,*,#1777,.T.);
#2246=ORIENTED_EDGE('',*,*,#1796,.T.);
#2247=ORIENTED_EDGE('',*,*,#1788,.T.);
#2248=ORIENTED_EDGE('',*,*,#1792,.T.);
#2249=ORIENTED_EDGE('',*,*,#1794,.T.);
#2250=ORIENTED_EDGE('',*,*,#1773,.T.);
#2251=ORIENTED_EDGE('',*,*,#1778,.T.);
#2252=ORIENTED_EDGE('',*,*,#1802,.T.);
#2253=ORIENTED_EDGE('',*,*,#1799,.T.);
#2254=ORIENTED_EDGE('',*,*,#1779,.T.);
#2255=ORIENTED_EDGE('',*,*,#1790,.T.);
#2256=ORIENTED_EDGE('',*,*,#1803,.T.);
#2257=ORIENTED_EDGE('',*,*,#1804,.F.);
#2258=ORIENTED_EDGE('',*,*,#1793,.T.);
#2259=ORIENTED_EDGE('',*,*,#1786,.T.);
#2260=ORIENTED_EDGE('',*,*,#1795,.T.);
#2261=ORIENTED_EDGE('',*,*,#1798,.T.);
#2262=ORIENTED_EDGE('',*,*,#1801,.T.);
#2263=ORIENTED_EDGE('',*,*,#1776,.T.);
#2264=ORIENTED_EDGE('',*,*,#1771,.T.);
#2265=ORIENTED_EDGE('',*,*,#1805,.F.);
#2266=ORIENTED_EDGE('',*,*,#1806,.T.);
#2267=ORIENTED_EDGE('',*,*,#1807,.F.);
#2268=ORIENTED_EDGE('',*,*,#1808,.T.);
#2269=ORIENTED_EDGE('',*,*,#1803,.F.);
#2270=ORIENTED_EDGE('',*,*,#1783,.T.);
#2271=ORIENTED_EDGE('',*,*,#1809,.F.);
#2272=ORIENTED_EDGE('',*,*,#1805,.T.);
#2273=ORIENTED_EDGE('',*,*,#1770,.T.);
#2274=ORIENTED_EDGE('',*,*,#1782,.T.);
#2275=ORIENTED_EDGE('',*,*,#1810,.F.);
#2276=ORIENTED_EDGE('',*,*,#1806,.F.);
#2277=ORIENTED_EDGE('',*,*,#1809,.T.);
#2278=ORIENTED_EDGE('',*,*,#1781,.T.);
#2279=ORIENTED_EDGE('',*,*,#1811,.T.);
#2280=ORIENTED_EDGE('',*,*,#1807,.T.);
#2281=ORIENTED_EDGE('',*,*,#1810,.T.);
#2282=ORIENTED_EDGE('',*,*,#1780,.T.);
#2283=ORIENTED_EDGE('',*,*,#1804,.T.);
#2284=ORIENTED_EDGE('',*,*,#1808,.F.);
#2285=ORIENTED_EDGE('',*,*,#1811,.F.);
#2286=ORIENTED_EDGE('',*,*,#1812,.F.);
#2287=ORIENTED_EDGE('',*,*,#1813,.F.);
#2288=ORIENTED_EDGE('',*,*,#1814,.T.);
#2289=ORIENTED_EDGE('',*,*,#1815,.F.);
#2290=ORIENTED_EDGE('',*,*,#1816,.T.);
#2291=ORIENTED_EDGE('',*,*,#1817,.T.);
#2292=ORIENTED_EDGE('',*,*,#1818,.F.);
#2293=ORIENTED_EDGE('',*,*,#1817,.F.);
#2294=ORIENTED_EDGE('',*,*,#1819,.F.);
#2295=ORIENTED_EDGE('',*,*,#1820,.F.);
#2296=ORIENTED_EDGE('',*,*,#1821,.F.);
#2297=ORIENTED_EDGE('',*,*,#1822,.F.);
#2298=ORIENTED_EDGE('',*,*,#1823,.F.);
#2299=ORIENTED_EDGE('',*,*,#1824,.F.);
#2300=ORIENTED_EDGE('',*,*,#1825,.F.);
#2301=ORIENTED_EDGE('',*,*,#1826,.F.);
#2302=ORIENTED_EDGE('',*,*,#1827,.F.);
#2303=ORIENTED_EDGE('',*,*,#1814,.F.);
#2304=ORIENTED_EDGE('',*,*,#1828,.F.);
#2305=ORIENTED_EDGE('',*,*,#1829,.T.);
#2306=ORIENTED_EDGE('',*,*,#1830,.F.);
#2307=ORIENTED_EDGE('',*,*,#1826,.T.);
#2308=ORIENTED_EDGE('',*,*,#1831,.F.);
#2309=ORIENTED_EDGE('',*,*,#1832,.F.);
#2310=ORIENTED_EDGE('',*,*,#1833,.F.);
#2311=ORIENTED_EDGE('',*,*,#1829,.F.);
#2312=ORIENTED_EDGE('',*,*,#1834,.F.);
#2313=ORIENTED_EDGE('',*,*,#1835,.T.);
#2314=ORIENTED_EDGE('',*,*,#1836,.F.);
#2315=ORIENTED_EDGE('',*,*,#1832,.T.);
#2316=ORIENTED_EDGE('',*,*,#1837,.F.);
#2317=ORIENTED_EDGE('',*,*,#1838,.F.);
#2318=ORIENTED_EDGE('',*,*,#1839,.F.);
#2319=ORIENTED_EDGE('',*,*,#1835,.F.);
#2320=ORIENTED_EDGE('',*,*,#1819,.T.);
#2321=ORIENTED_EDGE('',*,*,#1816,.F.);
#2322=ORIENTED_EDGE('',*,*,#1840,.F.);
#2323=ORIENTED_EDGE('',*,*,#1841,.F.);
#2324=ORIENTED_EDGE('',*,*,#1836,.T.);
#2325=ORIENTED_EDGE('',*,*,#1839,.T.);
#2326=ORIENTED_EDGE('',*,*,#1842,.T.);
#2327=ORIENTED_EDGE('',*,*,#1840,.T.);
#2328=ORIENTED_EDGE('',*,*,#1815,.T.);
#2329=ORIENTED_EDGE('',*,*,#1827,.T.);
#2330=ORIENTED_EDGE('',*,*,#1830,.T.);
#2331=ORIENTED_EDGE('',*,*,#1833,.T.);
#2332=ORIENTED_EDGE('',*,*,#1843,.F.);
#2333=ORIENTED_EDGE('',*,*,#1820,.T.);
#2334=ORIENTED_EDGE('',*,*,#1841,.T.);
#2335=ORIENTED_EDGE('',*,*,#1842,.F.);
#2336=ORIENTED_EDGE('',*,*,#1838,.T.);
#2337=ORIENTED_EDGE('',*,*,#1844,.F.);
#2338=ORIENTED_EDGE('',*,*,#1812,.T.);
#2339=ORIENTED_EDGE('',*,*,#1818,.T.);
#2340=ORIENTED_EDGE('',*,*,#1845,.F.);
#2341=ORIENTED_EDGE('',*,*,#1846,.T.);
#2342=ORIENTED_EDGE('',*,*,#1824,.T.);
#2343=ORIENTED_EDGE('',*,*,#1847,.F.);
#2344=ORIENTED_EDGE('',*,*,#1848,.F.);
#2345=ORIENTED_EDGE('',*,*,#1845,.T.);
#2346=ORIENTED_EDGE('',*,*,#1822,.T.);
#2347=ORIENTED_EDGE('',*,*,#1849,.T.);
#2348=ORIENTED_EDGE('',*,*,#1850,.F.);
#2349=ORIENTED_EDGE('',*,*,#1851,.F.);
#2350=ORIENTED_EDGE('',*,*,#1821,.T.);
#2351=ORIENTED_EDGE('',*,*,#1843,.T.);
#2352=ORIENTED_EDGE('',*,*,#1852,.T.);
#2353=ORIENTED_EDGE('',*,*,#1849,.F.);
#2354=ORIENTED_EDGE('',*,*,#1813,.T.);
#2355=ORIENTED_EDGE('',*,*,#1846,.F.);
#2356=ORIENTED_EDGE('',*,*,#1848,.T.);
#2357=ORIENTED_EDGE('',*,*,#1853,.F.);
#2358=ORIENTED_EDGE('',*,*,#1850,.T.);
#2359=ORIENTED_EDGE('',*,*,#1852,.F.);
#2360=ORIENTED_EDGE('',*,*,#1844,.T.);
#2361=ORIENTED_EDGE('',*,*,#1837,.T.);
#2362=ORIENTED_EDGE('',*,*,#1834,.T.);
#2363=ORIENTED_EDGE('',*,*,#1831,.T.);
#2364=ORIENTED_EDGE('',*,*,#1828,.T.);
#2365=ORIENTED_EDGE('',*,*,#1825,.T.);
#2366=ORIENTED_EDGE('',*,*,#1823,.T.);
#2367=ORIENTED_EDGE('',*,*,#1851,.T.);
#2368=ORIENTED_EDGE('',*,*,#1853,.T.);
#2369=ORIENTED_EDGE('',*,*,#1847,.T.);
#2370=ORIENTED_EDGE('',*,*,#1854,.T.);
#2371=ORIENTED_EDGE('',*,*,#1855,.F.);
#2372=ORIENTED_EDGE('',*,*,#1856,.F.);
#2373=ORIENTED_EDGE('',*,*,#1857,.T.);
#2374=ORIENTED_EDGE('',*,*,#1858,.T.);
#2375=ORIENTED_EDGE('',*,*,#1859,.T.);
#2376=ORIENTED_EDGE('',*,*,#1860,.F.);
#2377=ORIENTED_EDGE('',*,*,#1861,.F.);
#2378=ORIENTED_EDGE('',*,*,#1862,.T.);
#2379=ORIENTED_EDGE('',*,*,#1857,.F.);
#2380=ORIENTED_EDGE('',*,*,#1863,.T.);
#2381=ORIENTED_EDGE('',*,*,#1864,.T.);
#2382=ORIENTED_EDGE('',*,*,#1865,.T.);
#2383=ORIENTED_EDGE('',*,*,#1866,.T.);
#2384=ORIENTED_EDGE('',*,*,#1859,.F.);
#2385=ORIENTED_EDGE('',*,*,#1867,.T.);
#2386=ORIENTED_EDGE('',*,*,#1868,.T.);
#2387=ORIENTED_EDGE('',*,*,#1861,.T.);
#2388=ORIENTED_EDGE('',*,*,#1869,.T.);
#2389=ORIENTED_EDGE('',*,*,#1855,.T.);
#2390=ORIENTED_EDGE('',*,*,#1870,.T.);
#2391=ORIENTED_EDGE('',*,*,#1871,.T.);
#2392=ORIENTED_EDGE('',*,*,#1872,.T.);
#2393=ORIENTED_EDGE('',*,*,#1873,.T.);
#2394=ORIENTED_EDGE('',*,*,#1874,.T.);
#2395=ORIENTED_EDGE('',*,*,#1875,.T.);
#2396=ORIENTED_EDGE('',*,*,#1876,.T.);
#2397=ORIENTED_EDGE('',*,*,#1863,.F.);
#2398=ORIENTED_EDGE('',*,*,#1856,.T.);
#2399=ORIENTED_EDGE('',*,*,#1869,.F.);
#2400=ORIENTED_EDGE('',*,*,#1860,.T.);
#2401=ORIENTED_EDGE('',*,*,#1866,.F.);
#2402=ORIENTED_EDGE('',*,*,#1871,.F.);
#2403=ORIENTED_EDGE('',*,*,#1877,.F.);
#2404=ORIENTED_EDGE('',*,*,#1878,.F.);
#2405=ORIENTED_EDGE('',*,*,#1879,.F.);
#2406=ORIENTED_EDGE('',*,*,#1875,.F.);
#2407=ORIENTED_EDGE('',*,*,#1880,.F.);
#2408=ORIENTED_EDGE('',*,*,#1881,.F.);
#2409=ORIENTED_EDGE('',*,*,#1882,.F.);
#2410=ORIENTED_EDGE('',*,*,#1883,.T.);
#2411=ORIENTED_EDGE('',*,*,#1878,.T.);
#2412=ORIENTED_EDGE('',*,*,#1884,.T.);
#2413=ORIENTED_EDGE('',*,*,#1885,.T.);
#2414=ORIENTED_EDGE('',*,*,#1886,.T.);
#2415=ORIENTED_EDGE('',*,*,#1881,.T.);
#2416=ORIENTED_EDGE('',*,*,#1887,.T.);
#2417=ORIENTED_EDGE('',*,*,#1888,.T.);
#2418=ORIENTED_EDGE('',*,*,#1874,.F.);
#2419=ORIENTED_EDGE('',*,*,#1889,.T.);
#2420=ORIENTED_EDGE('',*,*,#1887,.F.);
#2421=ORIENTED_EDGE('',*,*,#1880,.T.);
#2422=ORIENTED_EDGE('',*,*,#1873,.F.);
#2423=ORIENTED_EDGE('',*,*,#1890,.F.);
#2424=ORIENTED_EDGE('',*,*,#1888,.F.);
#2425=ORIENTED_EDGE('',*,*,#1889,.F.);
#2426=ORIENTED_EDGE('',*,*,#1872,.F.);
#2427=ORIENTED_EDGE('',*,*,#1879,.T.);
#2428=ORIENTED_EDGE('',*,*,#1883,.F.);
#2429=ORIENTED_EDGE('',*,*,#1890,.T.);
#2430=ORIENTED_EDGE('',*,*,#1891,.T.);
#2431=ORIENTED_EDGE('',*,*,#1892,.F.);
#2432=ORIENTED_EDGE('',*,*,#1885,.F.);
#2433=ORIENTED_EDGE('',*,*,#1893,.F.);
#2434=ORIENTED_EDGE('',*,*,#1865,.F.);
#2435=ORIENTED_EDGE('',*,*,#1894,.T.);
#2436=ORIENTED_EDGE('',*,*,#1893,.T.);
#2437=ORIENTED_EDGE('',*,*,#1884,.F.);
#2438=ORIENTED_EDGE('',*,*,#1877,.T.);
#2439=ORIENTED_EDGE('',*,*,#1870,.F.);
#2440=ORIENTED_EDGE('',*,*,#1867,.F.);
#2441=ORIENTED_EDGE('',*,*,#1858,.F.);
#2442=ORIENTED_EDGE('',*,*,#1868,.F.);
#2443=ORIENTED_EDGE('',*,*,#1854,.F.);
#2444=ORIENTED_EDGE('',*,*,#1862,.F.);
#2445=ORIENTED_EDGE('',*,*,#1895,.F.);
#2446=ORIENTED_EDGE('',*,*,#1891,.F.);
#2447=ORIENTED_EDGE('',*,*,#1894,.F.);
#2448=ORIENTED_EDGE('',*,*,#1864,.F.);
#2449=ORIENTED_EDGE('',*,*,#1876,.F.);
#2450=ORIENTED_EDGE('',*,*,#1882,.T.);
#2451=ORIENTED_EDGE('',*,*,#1886,.F.);
#2452=ORIENTED_EDGE('',*,*,#1892,.T.);
#2453=ORIENTED_EDGE('',*,*,#1895,.T.);
#2454=ORIENTED_EDGE('',*,*,#1896,.F.);
#2455=ORIENTED_EDGE('',*,*,#1897,.F.);
#2456=ORIENTED_EDGE('',*,*,#1898,.T.);
#2457=ORIENTED_EDGE('',*,*,#1899,.F.);
#2458=ORIENTED_EDGE('',*,*,#1900,.T.);
#2459=ORIENTED_EDGE('',*,*,#1901,.T.);
#2460=ORIENTED_EDGE('',*,*,#1902,.F.);
#2461=ORIENTED_EDGE('',*,*,#1903,.F.);
#2462=ORIENTED_EDGE('',*,*,#1904,.F.);
#2463=ORIENTED_EDGE('',*,*,#1905,.F.);
#2464=ORIENTED_EDGE('',*,*,#1906,.F.);
#2465=ORIENTED_EDGE('',*,*,#1901,.F.);
#2466=ORIENTED_EDGE('',*,*,#1907,.F.);
#2467=ORIENTED_EDGE('',*,*,#1908,.F.);
#2468=ORIENTED_EDGE('',*,*,#1909,.F.);
#2469=ORIENTED_EDGE('',*,*,#1910,.F.);
#2470=ORIENTED_EDGE('',*,*,#1911,.F.);
#2471=ORIENTED_EDGE('',*,*,#1912,.F.);
#2472=ORIENTED_EDGE('',*,*,#1913,.F.);
#2473=ORIENTED_EDGE('',*,*,#1908,.T.);
#2474=ORIENTED_EDGE('',*,*,#1914,.T.);
#2475=ORIENTED_EDGE('',*,*,#1915,.F.);
#2476=ORIENTED_EDGE('',*,*,#1910,.T.);
#2477=ORIENTED_EDGE('',*,*,#1916,.F.);
#2478=ORIENTED_EDGE('',*,*,#1907,.T.);
#2479=ORIENTED_EDGE('',*,*,#1900,.F.);
#2480=ORIENTED_EDGE('',*,*,#1917,.F.);
#2481=ORIENTED_EDGE('',*,*,#1914,.F.);
#2482=ORIENTED_EDGE('',*,*,#1918,.F.);
#2483=ORIENTED_EDGE('',*,*,#1919,.F.);
#2484=ORIENTED_EDGE('',*,*,#1920,.F.);
#2485=ORIENTED_EDGE('',*,*,#1898,.F.);
#2486=ORIENTED_EDGE('',*,*,#1921,.F.);
#2487=ORIENTED_EDGE('',*,*,#1912,.T.);
#2488=ORIENTED_EDGE('',*,*,#1922,.F.);
#2489=ORIENTED_EDGE('',*,*,#1923,.T.);
#2490=ORIENTED_EDGE('',*,*,#1924,.F.);
#2491=ORIENTED_EDGE('',*,*,#1923,.F.);
#2492=ORIENTED_EDGE('',*,*,#1925,.F.);
#2493=ORIENTED_EDGE('',*,*,#1926,.F.);
#2494=ORIENTED_EDGE('',*,*,#1927,.F.);
#2495=ORIENTED_EDGE('',*,*,#1926,.T.);
#2496=ORIENTED_EDGE('',*,*,#1928,.F.);
#2497=ORIENTED_EDGE('',*,*,#1919,.T.);
#2498=ORIENTED_EDGE('',*,*,#1922,.T.);
#2499=ORIENTED_EDGE('',*,*,#1911,.T.);
#2500=ORIENTED_EDGE('',*,*,#1915,.T.);
#2501=ORIENTED_EDGE('',*,*,#1917,.T.);
#2502=ORIENTED_EDGE('',*,*,#1899,.T.);
#2503=ORIENTED_EDGE('',*,*,#1920,.T.);
#2504=ORIENTED_EDGE('',*,*,#1928,.T.);
#2505=ORIENTED_EDGE('',*,*,#1925,.T.);
#2506=ORIENTED_EDGE('',*,*,#1916,.T.);
#2507=ORIENTED_EDGE('',*,*,#1909,.T.);
#2508=ORIENTED_EDGE('',*,*,#1921,.T.);
#2509=ORIENTED_EDGE('',*,*,#1924,.T.);
#2510=ORIENTED_EDGE('',*,*,#1927,.T.);
#2511=ORIENTED_EDGE('',*,*,#1918,.T.);
#2512=ORIENTED_EDGE('',*,*,#1897,.T.);
#2513=ORIENTED_EDGE('',*,*,#1929,.F.);
#2514=ORIENTED_EDGE('',*,*,#1930,.T.);
#2515=ORIENTED_EDGE('',*,*,#1931,.F.);
#2516=ORIENTED_EDGE('',*,*,#1932,.T.);
#2517=ORIENTED_EDGE('',*,*,#1933,.F.);
#2518=ORIENTED_EDGE('',*,*,#1904,.T.);
#2519=ORIENTED_EDGE('',*,*,#1934,.T.);
#2520=ORIENTED_EDGE('',*,*,#1931,.T.);
#2521=ORIENTED_EDGE('',*,*,#1935,.T.);
#2522=ORIENTED_EDGE('',*,*,#1913,.T.);
#2523=ORIENTED_EDGE('',*,*,#1933,.T.);
#2524=ORIENTED_EDGE('',*,*,#1936,.F.);
#2525=ORIENTED_EDGE('',*,*,#1902,.T.);
#2526=ORIENTED_EDGE('',*,*,#1906,.T.);
#2527=ORIENTED_EDGE('',*,*,#1937,.F.);
#2528=ORIENTED_EDGE('',*,*,#1929,.T.);
#2529=ORIENTED_EDGE('',*,*,#1896,.T.);
#2530=ORIENTED_EDGE('',*,*,#1903,.T.);
#2531=ORIENTED_EDGE('',*,*,#1936,.T.);
#2532=ORIENTED_EDGE('',*,*,#1932,.F.);
#2533=ORIENTED_EDGE('',*,*,#1934,.F.);
#2534=ORIENTED_EDGE('',*,*,#1905,.T.);
#2535=ORIENTED_EDGE('',*,*,#1935,.F.);
#2536=ORIENTED_EDGE('',*,*,#1930,.F.);
#2537=ORIENTED_EDGE('',*,*,#1937,.T.);
#2538=ORIENTED_EDGE('',*,*,#1938,.T.);
#2539=ORIENTED_EDGE('',*,*,#1939,.F.);
#2540=ORIENTED_EDGE('',*,*,#1940,.T.);
#2541=ORIENTED_EDGE('',*,*,#1941,.F.);
#2542=ORIENTED_EDGE('',*,*,#1940,.F.);
#2543=ORIENTED_EDGE('',*,*,#1942,.F.);
#2544=ORIENTED_EDGE('',*,*,#1941,.T.);
#2545=ORIENTED_EDGE('',*,*,#1942,.T.);
#2546=ORIENTED_EDGE('',*,*,#1943,.F.);
#2547=ORIENTED_EDGE('',*,*,#1943,.T.);
#2548=ORIENTED_EDGE('',*,*,#1944,.F.);
#2549=ORIENTED_EDGE('',*,*,#1944,.T.);
#2550=ORIENTED_EDGE('',*,*,#1945,.F.);
#2551=ORIENTED_EDGE('',*,*,#1945,.T.);
#2552=ORIENTED_EDGE('',*,*,#1938,.F.);
#2553=ORIENTED_EDGE('',*,*,#1946,.T.);
#2554=ORIENTED_EDGE('',*,*,#1947,.F.);
#2555=ORIENTED_EDGE('',*,*,#1948,.T.);
#2556=ORIENTED_EDGE('',*,*,#1949,.F.);
#2557=ORIENTED_EDGE('',*,*,#1948,.F.);
#2558=ORIENTED_EDGE('',*,*,#1950,.T.);
#2559=ORIENTED_EDGE('',*,*,#1951,.F.);
#2560=ORIENTED_EDGE('',*,*,#1951,.T.);
#2561=ORIENTED_EDGE('',*,*,#1952,.F.);
#2562=ORIENTED_EDGE('',*,*,#1952,.T.);
#2563=ORIENTED_EDGE('',*,*,#1953,.F.);
#2564=ORIENTED_EDGE('',*,*,#1953,.T.);
#2565=ORIENTED_EDGE('',*,*,#1946,.F.);
#2566=ORIENTED_EDGE('',*,*,#1950,.F.);
#2567=ORIENTED_EDGE('',*,*,#1949,.T.);
#2568=ORIENTED_EDGE('',*,*,#1954,.T.);
#2569=ORIENTED_EDGE('',*,*,#1955,.F.);
#2570=ORIENTED_EDGE('',*,*,#1956,.T.);
#2571=ORIENTED_EDGE('',*,*,#1957,.F.);
#2572=ORIENTED_EDGE('',*,*,#1956,.F.);
#2573=ORIENTED_EDGE('',*,*,#1958,.F.);
#2574=ORIENTED_EDGE('',*,*,#1957,.T.);
#2575=ORIENTED_EDGE('',*,*,#1958,.T.);
#2576=ORIENTED_EDGE('',*,*,#1959,.F.);
#2577=ORIENTED_EDGE('',*,*,#1959,.T.);
#2578=ORIENTED_EDGE('',*,*,#1960,.F.);
#2579=ORIENTED_EDGE('',*,*,#1960,.T.);
#2580=ORIENTED_EDGE('',*,*,#1961,.F.);
#2581=ORIENTED_EDGE('',*,*,#1961,.T.);
#2582=ORIENTED_EDGE('',*,*,#1954,.F.);
#2583=ORIENTED_EDGE('',*,*,#1962,.T.);
#2584=ORIENTED_EDGE('',*,*,#1963,.F.);
#2585=ORIENTED_EDGE('',*,*,#1964,.T.);
#2586=ORIENTED_EDGE('',*,*,#1965,.F.);
#2587=ORIENTED_EDGE('',*,*,#1964,.F.);
#2588=ORIENTED_EDGE('',*,*,#1966,.F.);
#2589=ORIENTED_EDGE('',*,*,#1965,.T.);
#2590=ORIENTED_EDGE('',*,*,#1966,.T.);
#2591=ORIENTED_EDGE('',*,*,#1967,.F.);
#2592=ORIENTED_EDGE('',*,*,#1967,.T.);
#2593=ORIENTED_EDGE('',*,*,#1968,.F.);
#2594=ORIENTED_EDGE('',*,*,#1968,.T.);
#2595=ORIENTED_EDGE('',*,*,#1969,.F.);
#2596=ORIENTED_EDGE('',*,*,#1969,.T.);
#2597=ORIENTED_EDGE('',*,*,#1962,.F.);
#2598=ORIENTED_EDGE('',*,*,#1970,.F.);
#2599=ORIENTED_EDGE('',*,*,#1971,.F.);
#2600=ORIENTED_EDGE('',*,*,#1972,.F.);
#2601=ORIENTED_EDGE('',*,*,#1973,.T.);
#2602=ORIENTED_EDGE('',*,*,#1974,.F.);
#2603=ORIENTED_EDGE('',*,*,#1973,.F.);
#2604=ORIENTED_EDGE('',*,*,#1975,.F.);
#2605=ORIENTED_EDGE('',*,*,#1976,.T.);
#2606=ORIENTED_EDGE('',*,*,#1977,.F.);
#2607=ORIENTED_EDGE('',*,*,#1976,.F.);
#2608=ORIENTED_EDGE('',*,*,#1978,.F.);
#2609=ORIENTED_EDGE('',*,*,#1979,.T.);
#2610=ORIENTED_EDGE('',*,*,#1980,.F.);
#2611=ORIENTED_EDGE('',*,*,#1979,.F.);
#2612=ORIENTED_EDGE('',*,*,#1981,.F.);
#2613=ORIENTED_EDGE('',*,*,#1982,.T.);
#2614=ORIENTED_EDGE('',*,*,#1983,.F.);
#2615=ORIENTED_EDGE('',*,*,#1982,.F.);
#2616=ORIENTED_EDGE('',*,*,#1984,.F.);
#2617=ORIENTED_EDGE('',*,*,#1985,.T.);
#2618=ORIENTED_EDGE('',*,*,#1986,.F.);
#2619=ORIENTED_EDGE('',*,*,#1985,.F.);
#2620=ORIENTED_EDGE('',*,*,#1987,.F.);
#2621=ORIENTED_EDGE('',*,*,#1971,.T.);
#2622=ORIENTED_EDGE('',*,*,#1970,.T.);
#2623=ORIENTED_EDGE('',*,*,#1974,.T.);
#2624=ORIENTED_EDGE('',*,*,#1977,.T.);
#2625=ORIENTED_EDGE('',*,*,#1980,.T.);
#2626=ORIENTED_EDGE('',*,*,#1983,.T.);
#2627=ORIENTED_EDGE('',*,*,#1986,.T.);
#2628=ORIENTED_EDGE('',*,*,#1988,.F.);
#2629=ORIENTED_EDGE('',*,*,#1972,.T.);
#2630=ORIENTED_EDGE('',*,*,#1987,.T.);
#2631=ORIENTED_EDGE('',*,*,#1984,.T.);
#2632=ORIENTED_EDGE('',*,*,#1981,.T.);
#2633=ORIENTED_EDGE('',*,*,#1978,.T.);
#2634=ORIENTED_EDGE('',*,*,#1975,.T.);
#2635=ORIENTED_EDGE('',*,*,#1989,.F.);
#2636=ORIENTED_EDGE('',*,*,#1988,.T.);
#2637=ORIENTED_EDGE('',*,*,#1990,.F.);
#2638=ORIENTED_EDGE('',*,*,#1989,.T.);
#2639=ORIENTED_EDGE('',*,*,#1991,.F.);
#2640=ORIENTED_EDGE('',*,*,#1990,.T.);
#2641=ORIENTED_EDGE('',*,*,#1992,.F.);
#2642=ORIENTED_EDGE('',*,*,#1993,.F.);
#2643=ORIENTED_EDGE('',*,*,#1994,.F.);
#2644=ORIENTED_EDGE('',*,*,#1995,.T.);
#2645=ORIENTED_EDGE('',*,*,#1996,.F.);
#2646=ORIENTED_EDGE('',*,*,#1995,.F.);
#2647=ORIENTED_EDGE('',*,*,#1997,.F.);
#2648=ORIENTED_EDGE('',*,*,#1998,.T.);
#2649=ORIENTED_EDGE('',*,*,#1999,.F.);
#2650=ORIENTED_EDGE('',*,*,#1998,.F.);
#2651=ORIENTED_EDGE('',*,*,#2000,.F.);
#2652=ORIENTED_EDGE('',*,*,#2001,.T.);
#2653=ORIENTED_EDGE('',*,*,#2002,.F.);
#2654=ORIENTED_EDGE('',*,*,#2001,.F.);
#2655=ORIENTED_EDGE('',*,*,#2003,.F.);
#2656=ORIENTED_EDGE('',*,*,#2004,.T.);
#2657=ORIENTED_EDGE('',*,*,#2005,.F.);
#2658=ORIENTED_EDGE('',*,*,#2004,.F.);
#2659=ORIENTED_EDGE('',*,*,#2006,.F.);
#2660=ORIENTED_EDGE('',*,*,#2007,.T.);
#2661=ORIENTED_EDGE('',*,*,#2008,.F.);
#2662=ORIENTED_EDGE('',*,*,#2007,.F.);
#2663=ORIENTED_EDGE('',*,*,#2009,.F.);
#2664=ORIENTED_EDGE('',*,*,#1993,.T.);
#2665=ORIENTED_EDGE('',*,*,#1992,.T.);
#2666=ORIENTED_EDGE('',*,*,#1996,.T.);
#2667=ORIENTED_EDGE('',*,*,#1999,.T.);
#2668=ORIENTED_EDGE('',*,*,#2002,.T.);
#2669=ORIENTED_EDGE('',*,*,#2005,.T.);
#2670=ORIENTED_EDGE('',*,*,#2008,.T.);
#2671=ORIENTED_EDGE('',*,*,#2010,.F.);
#2672=ORIENTED_EDGE('',*,*,#1994,.T.);
#2673=ORIENTED_EDGE('',*,*,#2009,.T.);
#2674=ORIENTED_EDGE('',*,*,#2006,.T.);
#2675=ORIENTED_EDGE('',*,*,#2003,.T.);
#2676=ORIENTED_EDGE('',*,*,#2000,.T.);
#2677=ORIENTED_EDGE('',*,*,#1997,.T.);
#2678=ORIENTED_EDGE('',*,*,#2011,.F.);
#2679=ORIENTED_EDGE('',*,*,#2010,.T.);
#2680=ORIENTED_EDGE('',*,*,#2012,.F.);
#2681=ORIENTED_EDGE('',*,*,#2011,.T.);
#2682=ORIENTED_EDGE('',*,*,#2013,.F.);
#2683=ORIENTED_EDGE('',*,*,#2012,.T.);
#2684=ORIENTED_EDGE('',*,*,#2014,.F.);
#2685=ORIENTED_EDGE('',*,*,#2015,.F.);
#2686=ORIENTED_EDGE('',*,*,#2016,.F.);
#2687=ORIENTED_EDGE('',*,*,#2017,.T.);
#2688=ORIENTED_EDGE('',*,*,#2018,.F.);
#2689=ORIENTED_EDGE('',*,*,#2017,.F.);
#2690=ORIENTED_EDGE('',*,*,#2019,.F.);
#2691=ORIENTED_EDGE('',*,*,#2020,.T.);
#2692=ORIENTED_EDGE('',*,*,#2021,.F.);
#2693=ORIENTED_EDGE('',*,*,#2020,.F.);
#2694=ORIENTED_EDGE('',*,*,#2022,.F.);
#2695=ORIENTED_EDGE('',*,*,#2023,.T.);
#2696=ORIENTED_EDGE('',*,*,#2024,.F.);
#2697=ORIENTED_EDGE('',*,*,#2023,.F.);
#2698=ORIENTED_EDGE('',*,*,#2025,.F.);
#2699=ORIENTED_EDGE('',*,*,#2026,.T.);
#2700=ORIENTED_EDGE('',*,*,#2027,.F.);
#2701=ORIENTED_EDGE('',*,*,#2026,.F.);
#2702=ORIENTED_EDGE('',*,*,#2028,.F.);
#2703=ORIENTED_EDGE('',*,*,#2029,.T.);
#2704=ORIENTED_EDGE('',*,*,#2030,.F.);
#2705=ORIENTED_EDGE('',*,*,#2029,.F.);
#2706=ORIENTED_EDGE('',*,*,#2031,.F.);
#2707=ORIENTED_EDGE('',*,*,#2015,.T.);
#2708=ORIENTED_EDGE('',*,*,#2014,.T.);
#2709=ORIENTED_EDGE('',*,*,#2018,.T.);
#2710=ORIENTED_EDGE('',*,*,#2021,.T.);
#2711=ORIENTED_EDGE('',*,*,#2024,.T.);
#2712=ORIENTED_EDGE('',*,*,#2027,.T.);
#2713=ORIENTED_EDGE('',*,*,#2030,.T.);
#2714=ORIENTED_EDGE('',*,*,#2032,.F.);
#2715=ORIENTED_EDGE('',*,*,#2016,.T.);
#2716=ORIENTED_EDGE('',*,*,#2031,.T.);
#2717=ORIENTED_EDGE('',*,*,#2028,.T.);
#2718=ORIENTED_EDGE('',*,*,#2025,.T.);
#2719=ORIENTED_EDGE('',*,*,#2022,.T.);
#2720=ORIENTED_EDGE('',*,*,#2019,.T.);
#2721=ORIENTED_EDGE('',*,*,#2033,.F.);
#2722=ORIENTED_EDGE('',*,*,#2032,.T.);
#2723=ORIENTED_EDGE('',*,*,#2034,.F.);
#2724=ORIENTED_EDGE('',*,*,#2033,.T.);
#2725=ORIENTED_EDGE('',*,*,#2035,.F.);
#2726=ORIENTED_EDGE('',*,*,#2034,.T.);
#2727=ORIENTED_EDGE('',*,*,#2036,.F.);
#2728=ORIENTED_EDGE('',*,*,#2037,.F.);
#2729=ORIENTED_EDGE('',*,*,#2038,.F.);
#2730=ORIENTED_EDGE('',*,*,#2039,.F.);
#2731=ORIENTED_EDGE('',*,*,#2040,.F.);
#2732=ORIENTED_EDGE('',*,*,#2041,.F.);
#2733=ORIENTED_EDGE('',*,*,#2042,.F.);
#2734=ORIENTED_EDGE('',*,*,#2043,.F.);
#2735=ORIENTED_EDGE('',*,*,#2044,.F.);
#2736=ORIENTED_EDGE('',*,*,#2045,.F.);
#2737=ORIENTED_EDGE('',*,*,#2046,.F.);
#2738=ORIENTED_EDGE('',*,*,#2047,.F.);
#2739=ORIENTED_EDGE('',*,*,#2048,.F.);
#2740=ORIENTED_EDGE('',*,*,#2049,.F.);
#2741=ORIENTED_EDGE('',*,*,#2050,.F.);
#2742=ORIENTED_EDGE('',*,*,#2051,.F.);
#2743=ORIENTED_EDGE('',*,*,#2052,.F.);
#2744=ORIENTED_EDGE('',*,*,#2053,.F.);
#2745=ORIENTED_EDGE('',*,*,#2054,.F.);
#2746=ORIENTED_EDGE('',*,*,#2055,.F.);
#2747=ORIENTED_EDGE('',*,*,#2056,.F.);
#2748=ORIENTED_EDGE('',*,*,#2057,.F.);
#2749=ORIENTED_EDGE('',*,*,#2058,.F.);
#2750=ORIENTED_EDGE('',*,*,#2059,.F.);
#2751=ORIENTED_EDGE('',*,*,#2038,.T.);
#2752=ORIENTED_EDGE('',*,*,#2060,.F.);
#2753=ORIENTED_EDGE('',*,*,#2040,.T.);
#2754=ORIENTED_EDGE('',*,*,#2061,.F.);
#2755=ORIENTED_EDGE('',*,*,#2042,.T.);
#2756=ORIENTED_EDGE('',*,*,#2062,.F.);
#2757=ORIENTED_EDGE('',*,*,#2044,.T.);
#2758=ORIENTED_EDGE('',*,*,#2063,.F.);
#2759=ORIENTED_EDGE('',*,*,#2064,.F.);
#2760=ORIENTED_EDGE('',*,*,#2039,.T.);
#2761=ORIENTED_EDGE('',*,*,#2061,.T.);
#2762=ORIENTED_EDGE('',*,*,#2043,.T.);
#2763=ORIENTED_EDGE('',*,*,#2063,.T.);
#2764=ORIENTED_EDGE('',*,*,#2047,.T.);
#2765=ORIENTED_EDGE('',*,*,#2065,.T.);
#2766=ORIENTED_EDGE('',*,*,#2051,.T.);
#2767=ORIENTED_EDGE('',*,*,#2066,.T.);
#2768=ORIENTED_EDGE('',*,*,#2057,.T.);
#2769=ORIENTED_EDGE('',*,*,#2067,.T.);
#2770=ORIENTED_EDGE('',*,*,#2053,.T.);
#2771=ORIENTED_EDGE('',*,*,#2068,.T.);
#2772=ORIENTED_EDGE('',*,*,#2046,.T.);
#2773=ORIENTED_EDGE('',*,*,#2069,.F.);
#2774=ORIENTED_EDGE('',*,*,#2048,.T.);
#2775=ORIENTED_EDGE('',*,*,#2065,.F.);
#2776=ORIENTED_EDGE('',*,*,#2070,.F.);
#2777=ORIENTED_EDGE('',*,*,#2071,.F.);
#2778=ORIENTED_EDGE('',*,*,#2072,.T.);
#2779=ORIENTED_EDGE('',*,*,#2073,.F.);
#2780=ORIENTED_EDGE('',*,*,#2074,.T.);
#2781=ORIENTED_EDGE('',*,*,#2075,.F.);
#2782=ORIENTED_EDGE('',*,*,#2076,.T.);
#2783=ORIENTED_EDGE('',*,*,#2077,.F.);
#2784=ORIENTED_EDGE('',*,*,#2072,.F.);
#2785=ORIENTED_EDGE('',*,*,#2078,.F.);
#2786=ORIENTED_EDGE('',*,*,#2079,.T.);
#2787=ORIENTED_EDGE('',*,*,#2080,.F.);
#2788=ORIENTED_EDGE('',*,*,#2076,.F.);
#2789=ORIENTED_EDGE('',*,*,#2081,.F.);
#2790=ORIENTED_EDGE('',*,*,#2082,.T.);
#2791=ORIENTED_EDGE('',*,*,#2083,.F.);
#2792=ORIENTED_EDGE('',*,*,#2084,.F.);
#2793=ORIENTED_EDGE('',*,*,#2085,.T.);
#2794=ORIENTED_EDGE('',*,*,#2086,.F.);
#2795=ORIENTED_EDGE('',*,*,#2087,.F.);
#2796=ORIENTED_EDGE('',*,*,#2079,.F.);
#2797=ORIENTED_EDGE('',*,*,#2088,.F.);
#2798=ORIENTED_EDGE('',*,*,#2089,.F.);
#2799=ORIENTED_EDGE('',*,*,#2082,.F.);
#2800=ORIENTED_EDGE('',*,*,#2090,.F.);
#2801=ORIENTED_EDGE('',*,*,#2070,.T.);
#2802=ORIENTED_EDGE('',*,*,#2090,.T.);
#2803=ORIENTED_EDGE('',*,*,#2085,.F.);
#2804=ORIENTED_EDGE('',*,*,#2091,.F.);
#2805=ORIENTED_EDGE('',*,*,#2084,.T.);
#2806=ORIENTED_EDGE('',*,*,#2092,.F.);
#2807=ORIENTED_EDGE('',*,*,#2074,.F.);
#2808=ORIENTED_EDGE('',*,*,#2093,.T.);
#2809=ORIENTED_EDGE('',*,*,#2094,.F.);
#2810=ORIENTED_EDGE('',*,*,#2081,.T.);
#2811=ORIENTED_EDGE('',*,*,#2091,.T.);
#2812=ORIENTED_EDGE('',*,*,#2073,.T.);
#2813=ORIENTED_EDGE('',*,*,#2077,.T.);
#2814=ORIENTED_EDGE('',*,*,#2080,.T.);
#2815=ORIENTED_EDGE('',*,*,#2087,.T.);
#2816=ORIENTED_EDGE('',*,*,#2078,.T.);
#2817=ORIENTED_EDGE('',*,*,#2075,.T.);
#2818=ORIENTED_EDGE('',*,*,#2071,.T.);
#2819=ORIENTED_EDGE('',*,*,#2092,.T.);
#2820=ORIENTED_EDGE('',*,*,#2083,.T.);
#2821=ORIENTED_EDGE('',*,*,#2089,.T.);
#2822=ORIENTED_EDGE('',*,*,#2088,.T.);
#2823=ORIENTED_EDGE('',*,*,#2095,.T.);
#2824=ORIENTED_EDGE('',*,*,#2096,.T.);
#2825=ORIENTED_EDGE('',*,*,#2097,.T.);
#2826=ORIENTED_EDGE('',*,*,#2096,.F.);
#2827=ORIENTED_EDGE('',*,*,#2097,.F.);
#2828=ORIENTED_EDGE('',*,*,#2098,.T.);
#2829=ORIENTED_EDGE('',*,*,#2098,.F.);
#2830=ORIENTED_EDGE('',*,*,#2099,.T.);
#2831=ORIENTED_EDGE('',*,*,#2100,.T.);
#2832=ORIENTED_EDGE('',*,*,#2101,.T.);
#2833=ORIENTED_EDGE('',*,*,#2102,.T.);
#2834=ORIENTED_EDGE('',*,*,#2103,.T.);
#2835=ORIENTED_EDGE('',*,*,#2104,.T.);
#2836=ORIENTED_EDGE('',*,*,#2104,.F.);
#2837=ORIENTED_EDGE('',*,*,#2105,.T.);
#2838=ORIENTED_EDGE('',*,*,#2106,.F.);
#2839=ORIENTED_EDGE('',*,*,#2105,.F.);
#2840=ORIENTED_EDGE('',*,*,#2107,.F.);
#2841=ORIENTED_EDGE('',*,*,#2106,.T.);
#2842=ORIENTED_EDGE('',*,*,#2107,.T.);
#2843=ORIENTED_EDGE('',*,*,#2108,.T.);
#2844=ORIENTED_EDGE('',*,*,#2108,.F.);
#2845=ORIENTED_EDGE('',*,*,#2102,.F.);
#2846=ORIENTED_EDGE('',*,*,#2103,.F.);
#2847=ORIENTED_EDGE('',*,*,#2100,.F.);
#2848=ORIENTED_EDGE('',*,*,#2109,.F.);
#2849=ORIENTED_EDGE('',*,*,#2110,.T.);
#2850=ORIENTED_EDGE('',*,*,#2111,.T.);
#2851=ORIENTED_EDGE('',*,*,#2110,.F.);
#2852=ORIENTED_EDGE('',*,*,#2111,.F.);
#2853=ORIENTED_EDGE('',*,*,#2112,.T.);
#2854=ORIENTED_EDGE('',*,*,#2113,.T.);
#2855=ORIENTED_EDGE('',*,*,#2112,.F.);
#2856=ORIENTED_EDGE('',*,*,#2113,.F.);
#2857=ORIENTED_EDGE('',*,*,#2064,.T.);
#2858=ORIENTED_EDGE('',*,*,#2037,.T.);
#2859=ORIENTED_EDGE('',*,*,#2114,.T.);
#2860=ORIENTED_EDGE('',*,*,#2055,.T.);
#2861=ORIENTED_EDGE('',*,*,#2115,.T.);
#2862=ORIENTED_EDGE('',*,*,#2059,.T.);
#2863=ORIENTED_EDGE('',*,*,#2116,.T.);
#2864=ORIENTED_EDGE('',*,*,#2049,.T.);
#2865=ORIENTED_EDGE('',*,*,#2069,.T.);
#2866=ORIENTED_EDGE('',*,*,#2045,.T.);
#2867=ORIENTED_EDGE('',*,*,#2062,.T.);
#2868=ORIENTED_EDGE('',*,*,#2041,.T.);
#2869=ORIENTED_EDGE('',*,*,#2060,.T.);
#2870=ORIENTED_EDGE('',*,*,#2036,.T.);
#2871=ORIENTED_EDGE('',*,*,#2068,.F.);
#2872=ORIENTED_EDGE('',*,*,#2052,.T.);
#2873=ORIENTED_EDGE('',*,*,#2114,.F.);
#2874=ORIENTED_EDGE('',*,*,#2058,.T.);
#2875=ORIENTED_EDGE('',*,*,#2066,.F.);
#2876=ORIENTED_EDGE('',*,*,#2050,.T.);
#2877=ORIENTED_EDGE('',*,*,#2116,.F.);
#2878=ORIENTED_EDGE('',*,*,#2054,.T.);
#2879=ORIENTED_EDGE('',*,*,#2067,.F.);
#2880=ORIENTED_EDGE('',*,*,#2056,.T.);
#2881=ORIENTED_EDGE('',*,*,#2115,.F.);
#2882=ORIENTED_EDGE('',*,*,#2117,.T.);
#2883=ORIENTED_EDGE('',*,*,#2118,.T.);
#2884=ORIENTED_EDGE('',*,*,#2119,.T.);
#2885=ORIENTED_EDGE('',*,*,#2117,.F.);
#2886=ORIENTED_EDGE('',*,*,#2120,.T.);
#2887=ORIENTED_EDGE('',*,*,#2120,.F.);
#2888=ORIENTED_EDGE('',*,*,#2094,.T.);
#2889=ORIENTED_EDGE('',*,*,#2119,.F.);
#2890=ORIENTED_EDGE('',*,*,#2121,.F.);
#2891=ORIENTED_EDGE('',*,*,#2118,.F.);
#2892=ORIENTED_EDGE('',*,*,#2122,.F.);
#2893=ORIENTED_EDGE('',*,*,#2121,.T.);
#2894=ORIENTED_EDGE('',*,*,#2123,.F.);
#2895=ORIENTED_EDGE('',*,*,#2122,.T.);
#2896=ORIENTED_EDGE('',*,*,#2124,.F.);
#2897=ORIENTED_EDGE('',*,*,#2124,.T.);
#2898=ORIENTED_EDGE('',*,*,#2123,.T.);
#2899=ORIENTED_EDGE('',*,*,#2086,.T.);
#2900=ORIENTED_EDGE('',*,*,#1939,.T.);
#2901=ORIENTED_EDGE('',*,*,#1947,.T.);
#2902=ORIENTED_EDGE('',*,*,#1955,.T.);
#2903=ORIENTED_EDGE('',*,*,#1963,.T.);
#2904=ORIENTED_EDGE('',*,*,#2093,.F.);
#2905=ORIENTED_EDGE('',*,*,#2095,.F.);
#2906=ORIENTED_EDGE('',*,*,#2099,.F.);
#2907=ORIENTED_EDGE('',*,*,#2125,.T.);
#2908=ORIENTED_EDGE('',*,*,#2126,.T.);
#2909=ORIENTED_EDGE('',*,*,#2127,.T.);
#2910=ORIENTED_EDGE('',*,*,#2128,.T.);
#2911=ORIENTED_EDGE('',*,*,#2129,.F.);
#2912=ORIENTED_EDGE('',*,*,#2130,.F.);
#2913=ORIENTED_EDGE('',*,*,#2131,.F.);
#2914=ORIENTED_EDGE('',*,*,#2132,.T.);
#2915=ORIENTED_EDGE('',*,*,#2133,.T.);
#2916=ORIENTED_EDGE('',*,*,#2134,.T.);
#2917=ORIENTED_EDGE('',*,*,#2135,.T.);
#2918=ORIENTED_EDGE('',*,*,#2127,.F.);
#2919=ORIENTED_EDGE('',*,*,#2136,.T.);
#2920=ORIENTED_EDGE('',*,*,#2137,.F.);
#2921=ORIENTED_EDGE('',*,*,#2138,.T.);
#2922=ORIENTED_EDGE('',*,*,#2139,.T.);
#2923=ORIENTED_EDGE('',*,*,#2140,.T.);
#2924=ORIENTED_EDGE('',*,*,#2141,.T.);
#2925=ORIENTED_EDGE('',*,*,#2142,.T.);
#2926=ORIENTED_EDGE('',*,*,#2143,.F.);
#2927=ORIENTED_EDGE('',*,*,#2144,.T.);
#2928=ORIENTED_EDGE('',*,*,#2145,.F.);
#2929=ORIENTED_EDGE('',*,*,#2146,.F.);
#2930=ORIENTED_EDGE('',*,*,#2147,.F.);
#2931=ORIENTED_EDGE('',*,*,#2148,.T.);
#2932=ORIENTED_EDGE('',*,*,#2137,.T.);
#2933=ORIENTED_EDGE('',*,*,#2149,.T.);
#2934=ORIENTED_EDGE('',*,*,#2150,.T.);
#2935=ORIENTED_EDGE('',*,*,#2143,.T.);
#2936=ORIENTED_EDGE('',*,*,#2151,.T.);
#2937=ORIENTED_EDGE('',*,*,#2152,.F.);
#2938=ORIENTED_EDGE('',*,*,#2153,.F.);
#2939=ORIENTED_EDGE('',*,*,#2154,.F.);
#2940=ORIENTED_EDGE('',*,*,#2155,.T.);
#2941=ORIENTED_EDGE('',*,*,#2156,.F.);
#2942=ORIENTED_EDGE('',*,*,#2157,.F.);
#2943=ORIENTED_EDGE('',*,*,#2138,.F.);
#2944=ORIENTED_EDGE('',*,*,#2148,.F.);
#2945=ORIENTED_EDGE('',*,*,#2158,.F.);
#2946=ORIENTED_EDGE('',*,*,#2159,.F.);
#2947=ORIENTED_EDGE('',*,*,#2140,.F.);
#2948=ORIENTED_EDGE('',*,*,#2150,.F.);
#2949=ORIENTED_EDGE('',*,*,#2160,.F.);
#2950=ORIENTED_EDGE('',*,*,#2161,.F.);
#2951=ORIENTED_EDGE('',*,*,#2133,.F.);
#2952=ORIENTED_EDGE('',*,*,#2126,.F.);
#2953=ORIENTED_EDGE('',*,*,#2131,.T.);
#2954=ORIENTED_EDGE('',*,*,#2162,.T.);
#2955=ORIENTED_EDGE('',*,*,#2163,.T.);
#2956=ORIENTED_EDGE('',*,*,#2160,.T.);
#2957=ORIENTED_EDGE('',*,*,#2154,.T.);
#2958=ORIENTED_EDGE('',*,*,#2164,.T.);
#2959=ORIENTED_EDGE('',*,*,#2165,.T.);
#2960=ORIENTED_EDGE('',*,*,#2158,.T.);
#2961=ORIENTED_EDGE('',*,*,#2166,.F.);
#2962=ORIENTED_EDGE('',*,*,#2151,.F.);
#2963=ORIENTED_EDGE('',*,*,#2142,.F.);
#2964=ORIENTED_EDGE('',*,*,#2167,.F.);
#2965=ORIENTED_EDGE('',*,*,#2152,.T.);
#2966=ORIENTED_EDGE('',*,*,#2166,.T.);
#2967=ORIENTED_EDGE('',*,*,#2168,.T.);
#2968=ORIENTED_EDGE('',*,*,#2169,.T.);
#2969=ORIENTED_EDGE('',*,*,#2170,.F.);
#2970=ORIENTED_EDGE('',*,*,#2171,.F.);
#2971=ORIENTED_EDGE('',*,*,#2164,.F.);
#2972=ORIENTED_EDGE('',*,*,#2153,.T.);
#2973=ORIENTED_EDGE('',*,*,#2169,.F.);
#2974=ORIENTED_EDGE('',*,*,#2172,.F.);
#2975=ORIENTED_EDGE('',*,*,#2173,.F.);
#2976=ORIENTED_EDGE('',*,*,#2146,.T.);
#2977=ORIENTED_EDGE('',*,*,#2174,.F.);
#2978=ORIENTED_EDGE('',*,*,#2175,.F.);
#2979=ORIENTED_EDGE('',*,*,#2162,.F.);
#2980=ORIENTED_EDGE('',*,*,#2130,.T.);
#2981=ORIENTED_EDGE('',*,*,#2176,.F.);
#2982=ORIENTED_EDGE('',*,*,#2147,.T.);
#2983=ORIENTED_EDGE('',*,*,#2173,.T.);
#2984=ORIENTED_EDGE('',*,*,#2177,.T.);
#2985=ORIENTED_EDGE('',*,*,#2156,.T.);
#2986=ORIENTED_EDGE('',*,*,#2178,.F.);
#2987=ORIENTED_EDGE('',*,*,#2144,.F.);
#2988=ORIENTED_EDGE('',*,*,#2136,.F.);
#2989=ORIENTED_EDGE('',*,*,#2179,.F.);
#2990=ORIENTED_EDGE('',*,*,#2145,.T.);
#2991=ORIENTED_EDGE('',*,*,#2178,.T.);
#2992=ORIENTED_EDGE('',*,*,#2180,.T.);
#2993=ORIENTED_EDGE('',*,*,#2174,.T.);
#2994=ORIENTED_EDGE('',*,*,#2181,.F.);
#2995=ORIENTED_EDGE('',*,*,#2128,.F.);
#2996=ORIENTED_EDGE('',*,*,#2135,.F.);
#2997=ORIENTED_EDGE('',*,*,#2182,.F.);
#2998=ORIENTED_EDGE('',*,*,#2129,.T.);
#2999=ORIENTED_EDGE('',*,*,#2181,.T.);
#3000=ORIENTED_EDGE('',*,*,#2183,.T.);
#3001=ORIENTED_EDGE('',*,*,#2170,.T.);
#3002=ORIENTED_EDGE('',*,*,#2132,.F.);
#3003=ORIENTED_EDGE('',*,*,#2184,.F.);
#3004=ORIENTED_EDGE('',*,*,#2149,.F.);
#3005=ORIENTED_EDGE('',*,*,#2185,.F.);
#3006=ORIENTED_EDGE('',*,*,#2155,.F.);
#3007=ORIENTED_EDGE('',*,*,#2186,.F.);
#3008=ORIENTED_EDGE('',*,*,#2187,.F.);
#3009=ORIENTED_EDGE('',*,*,#2188,.F.);
#3010=ORIENTED_EDGE('',*,*,#2189,.F.);
#3011=ORIENTED_EDGE('',*,*,#2190,.F.);
#3012=ORIENTED_EDGE('',*,*,#2191,.F.);
#3013=ORIENTED_EDGE('',*,*,#2192,.F.);
#3014=ORIENTED_EDGE('',*,*,#2193,.F.);
#3015=ORIENTED_EDGE('',*,*,#2194,.F.);
#3016=ORIENTED_EDGE('',*,*,#2161,.T.);
#3017=ORIENTED_EDGE('',*,*,#2163,.F.);
#3018=ORIENTED_EDGE('',*,*,#2175,.T.);
#3019=ORIENTED_EDGE('',*,*,#2180,.F.);
#3020=ORIENTED_EDGE('',*,*,#2179,.T.);
#3021=ORIENTED_EDGE('',*,*,#2139,.F.);
#3022=ORIENTED_EDGE('',*,*,#2157,.T.);
#3023=ORIENTED_EDGE('',*,*,#2177,.F.);
#3024=ORIENTED_EDGE('',*,*,#2172,.T.);
#3025=ORIENTED_EDGE('',*,*,#2168,.F.);
#3026=ORIENTED_EDGE('',*,*,#2167,.T.);
#3027=ORIENTED_EDGE('',*,*,#2141,.F.);
#3028=ORIENTED_EDGE('',*,*,#2159,.T.);
#3029=ORIENTED_EDGE('',*,*,#2165,.F.);
#3030=ORIENTED_EDGE('',*,*,#2171,.T.);
#3031=ORIENTED_EDGE('',*,*,#2183,.F.);
#3032=ORIENTED_EDGE('',*,*,#2182,.T.);
#3033=ORIENTED_EDGE('',*,*,#2134,.F.);
#3034=ORIENTED_EDGE('',*,*,#2184,.T.);
#3035=ORIENTED_EDGE('',*,*,#2185,.T.);
#3036=ORIENTED_EDGE('',*,*,#2186,.T.);
#3037=ORIENTED_EDGE('',*,*,#2187,.T.);
#3038=ORIENTED_EDGE('',*,*,#2189,.T.);
#3039=ORIENTED_EDGE('',*,*,#2191,.T.);
#3040=ORIENTED_EDGE('',*,*,#2193,.T.);
#3041=ORIENTED_EDGE('',*,*,#2195,.F.);
#3042=ORIENTED_EDGE('',*,*,#2196,.T.);
#3043=ORIENTED_EDGE('',*,*,#2195,.T.);
#3044=ORIENTED_EDGE('',*,*,#2196,.F.);
#3045=ORIENTED_EDGE('',*,*,#2197,.F.);
#3046=ORIENTED_EDGE('',*,*,#2198,.T.);
#3047=ORIENTED_EDGE('',*,*,#2197,.T.);
#3048=ORIENTED_EDGE('',*,*,#2190,.T.);
#3049=ORIENTED_EDGE('',*,*,#1991,.T.);
#3050=ORIENTED_EDGE('',*,*,#2192,.T.);
#3051=ORIENTED_EDGE('',*,*,#2013,.T.);
#3052=ORIENTED_EDGE('',*,*,#2188,.T.);
#3053=ORIENTED_EDGE('',*,*,#2035,.T.);
#3054=ORIENTED_EDGE('',*,*,#2198,.F.);
#3055=ORIENTED_EDGE('',*,*,#2199,.F.);
#3056=ORIENTED_EDGE('',*,*,#2200,.F.);
#3057=ORIENTED_EDGE('',*,*,#2201,.F.);
#3058=ORIENTED_EDGE('',*,*,#2201,.T.);
#3059=ORIENTED_EDGE('',*,*,#2199,.T.);
#3060=ORIENTED_EDGE('',*,*,#2176,.T.);
#3061=ORIENTED_EDGE('',*,*,#2125,.F.);
#3062=ORIENTED_EDGE('',*,*,#2194,.T.);
#3063=ORIENTED_EDGE('',*,*,#2109,.T.);
#3064=ORIENTED_EDGE('',*,*,#2200,.T.);
#3065=ORIENTED_EDGE('',*,*,#2101,.F.);
#3066=CYLINDRICAL_SURFACE('',#3606,0.079375);
#3067=CYLINDRICAL_SURFACE('',#3618,0.079375);
#3068=CYLINDRICAL_SURFACE('',#3621,1.12395);
#3069=CYLINDRICAL_SURFACE('',#3623,0.079375);
#3070=CYLINDRICAL_SURFACE('',#3626,0.4445);
#3071=CYLINDRICAL_SURFACE('',#3629,0.079375);
#3072=CYLINDRICAL_SURFACE('',#3633,1.09855);
#3073=CYLINDRICAL_SURFACE('',#3638,1.09855);
#3074=CYLINDRICAL_SURFACE('',#3640,1.11125);
#3075=CYLINDRICAL_SURFACE('',#3642,0.079375);
#3076=CYLINDRICAL_SURFACE('',#3653,0.079375);
#3077=CYLINDRICAL_SURFACE('',#3656,0.4445);
#3078=CYLINDRICAL_SURFACE('',#3659,0.079375);
#3079=CYLINDRICAL_SURFACE('',#3663,1.12395);
#3080=CYLINDRICAL_SURFACE('',#3667,0.079375);
#3081=CYLINDRICAL_SURFACE('',#3669,1.09855);
#3082=CYLINDRICAL_SURFACE('',#3673,1.09855);
#3083=CYLINDRICAL_SURFACE('',#3677,1.11125);
#3084=CYLINDRICAL_SURFACE('',#3680,1.09855);
#3085=CYLINDRICAL_SURFACE('',#3683,1.09855);
#3086=CYLINDRICAL_SURFACE('',#3686,1.11125);
#3087=CYLINDRICAL_SURFACE('',#3704,0.079375);
#3088=CYLINDRICAL_SURFACE('',#3705,0.4445);
#3089=CYLINDRICAL_SURFACE('',#3706,0.079375);
#3090=CYLINDRICAL_SURFACE('',#3707,1.12395);
#3091=CYLINDRICAL_SURFACE('',#3709,0.079375);
#3092=CYLINDRICAL_SURFACE('',#3713,0.079375);
#3093=CYLINDRICAL_SURFACE('',#3714,0.079375);
#3094=CYLINDRICAL_SURFACE('',#3725,0.079375);
#3095=CYLINDRICAL_SURFACE('',#3728,1.12395);
#3096=CYLINDRICAL_SURFACE('',#3731,0.079375);
#3097=CYLINDRICAL_SURFACE('',#3734,0.4445);
#3098=CYLINDRICAL_SURFACE('',#3737,0.079375);
#3099=CYLINDRICAL_SURFACE('',#3745,1.11125);
#3100=CYLINDRICAL_SURFACE('',#3746,1.09855);
#3101=CYLINDRICAL_SURFACE('',#3747,1.09855);
#3102=CYLINDRICAL_SURFACE('',#3750,0.0635);
#3103=CYLINDRICAL_SURFACE('',#3752,0.02794);
#3104=CYLINDRICAL_SURFACE('',#3758,0.0635);
#3105=CYLINDRICAL_SURFACE('',#3762,0.0635);
#3106=CYLINDRICAL_SURFACE('',#3765,0.0635);
#3107=CYLINDRICAL_SURFACE('',#3767,0.02794);
#3108=CYLINDRICAL_SURFACE('',#3771,0.0635);
#3109=CYLINDRICAL_SURFACE('',#3776,0.0635);
#3110=CYLINDRICAL_SURFACE('',#3780,0.0635);
#3111=CYLINDRICAL_SURFACE('',#3782,0.02794);
#3112=CYLINDRICAL_SURFACE('',#3788,0.0635);
#3113=CYLINDRICAL_SURFACE('',#3792,0.0635);
#3114=CYLINDRICAL_SURFACE('',#3795,0.0635);
#3115=CYLINDRICAL_SURFACE('',#3797,0.02794);
#3116=CYLINDRICAL_SURFACE('',#3803,0.0635);
#3117=CYLINDRICAL_SURFACE('',#3807,0.0635);
#3118=CYLINDRICAL_SURFACE('',#3821,0.1778);
#3119=CYLINDRICAL_SURFACE('',#3836,0.1778);
#3120=CYLINDRICAL_SURFACE('',#3851,0.1778);
#3121=CYLINDRICAL_SURFACE('',#3866,0.4365625);
#3122=CYLINDRICAL_SURFACE('',#3877,0.15875);
#3123=CYLINDRICAL_SURFACE('',#3879,0.3175);
#3124=CYLINDRICAL_SURFACE('',#3880,0.3175);
#3125=CYLINDRICAL_SURFACE('',#3885,1.17475);
#3126=CYLINDRICAL_SURFACE('',#3888,1.09855);
#3127=CYLINDRICAL_SURFACE('',#3893,1.17475);
#3128=CYLINDRICAL_SURFACE('',#3905,0.08509);
#3129=CYLINDRICAL_SURFACE('',#3913,0.15875);
#3130=CYLINDRICAL_SURFACE('',#3914,0.12192);
#3131=CYLINDRICAL_SURFACE('',#3919,0.1778);
#3132=CYLINDRICAL_SURFACE('',#3931,0.8382);
#3133=CYLINDRICAL_SURFACE('',#3938,0.04572);
#3134=CYLINDRICAL_SURFACE('',#3939,0.04572);
#3135=CYLINDRICAL_SURFACE('',#3942,1.11125);
#3136=CYLINDRICAL_SURFACE('',#3944,1.11125);
#3137=CYLINDRICAL_SURFACE('',#3952,1.5875);
#3138=CYLINDRICAL_SURFACE('',#3954,1.5875);
#3139=CYLINDRICAL_SURFACE('',#3957,1.5875);
#3140=CYLINDRICAL_SURFACE('',#3973,0.47625);
#3141=CYLINDRICAL_SURFACE('',#3975,0.47625);
#3142=CYLINDRICAL_SURFACE('',#3978,0.47625);
#3143=CYLINDRICAL_SURFACE('',#3980,1.17475);
#3144=CYLINDRICAL_SURFACE('',#3985,0.47625);
#3145=CYLINDRICAL_SURFACE('',#3988,0.47625);
#3146=CYLINDRICAL_SURFACE('',#3991,0.47625);
#3147=CYLINDRICAL_SURFACE('',#3993,0.118745);
#3148=CYLINDRICAL_SURFACE('',#3995,0.118745);
#3149=CYLINDRICAL_SURFACE('',#3997,0.118745);
#3150=CYLINDRICAL_SURFACE('',#3999,0.189865);
#3151=CYLINDRICAL_SURFACE('',#4002,0.189865);
#3152=CYLINDRICAL_SURFACE('',#4005,0.189865);
#3153=CYLINDRICAL_SURFACE('',#4008,0.189865);
#3154=CYLINDRICAL_SURFACE('',#4015,0.254);
#3155=CYLINDRICAL_SURFACE('',#4024,0.16002);
#3156=STYLED_ITEM('',(#6414),#3378);
#3157=STYLED_ITEM('',(#6414),#3379);
#3158=STYLED_ITEM('',(#6413),#3380);
#3159=STYLED_ITEM('',(#6414),#3381);
#3160=STYLED_ITEM('',(#6414),#3382);
#3161=STYLED_ITEM('',(#6414),#3383);
#3162=STYLED_ITEM('',(#6414),#3384);
#3163=STYLED_ITEM('',(#6414),#3385);
#3164=STYLED_ITEM('',(#6414),#3386);
#3165=STYLED_ITEM('',(#6414),#3387);
#3166=STYLED_ITEM('',(#6415),#3388);
#3167=STYLED_ITEM('',(#6413),#3389);
#3168=STYLED_ITEM('',(#6415),#3390);
#3169=STYLED_ITEM('',(#6415),#3391);
#3170=STYLED_ITEM('',(#6415),#3392);
#3171=STYLED_ITEM('',(#6415),#3393);
#3172=STYLED_ITEM('',(#6414),#3394);
#3173=STYLED_ITEM('',(#6413),#3395);
#3174=STYLED_ITEM('',(#6414),#3396);
#3175=STYLED_ITEM('',(#6414),#3397);
#3176=STYLED_ITEM('',(#6414),#3398);
#3177=STYLED_ITEM('',(#6414),#3399);
#3178=STYLED_ITEM('',(#6414),#3400);
#3179=STYLED_ITEM('',(#6414),#3401);
#3180=STYLED_ITEM('',(#6414),#3402);
#3181=STYLED_ITEM('',(#6414),#3403);
#3182=STYLED_ITEM('',(#6415),#3404);
#3183=STYLED_ITEM('',(#6415),#3405);
#3184=STYLED_ITEM('',(#6415),#3406);
#3185=STYLED_ITEM('',(#6415),#3407);
#3186=STYLED_ITEM('',(#6413),#3408);
#3187=STYLED_ITEM('',(#6415),#3409);
#3188=STYLED_ITEM('',(#6415),#3410);
#3189=STYLED_ITEM('',(#6415),#3411);
#3190=STYLED_ITEM('',(#6415),#3412);
#3191=STYLED_ITEM('',(#6415),#3413);
#3192=STYLED_ITEM('',(#6415),#3414);
#3193=STYLED_ITEM('',(#6413),#3415);
#3194=STYLED_ITEM('',(#6414),#3416);
#3195=STYLED_ITEM('',(#6414),#3417);
#3196=STYLED_ITEM('',(#6414),#3418);
#3197=STYLED_ITEM('',(#6414),#3419);
#3198=STYLED_ITEM('',(#6414),#3420);
#3199=STYLED_ITEM('',(#6414),#3421);
#3200=STYLED_ITEM('',(#6414),#3422);
#3201=STYLED_ITEM('',(#6414),#3423);
#3202=STYLED_ITEM('',(#6413),#3424);
#3203=STYLED_ITEM('',(#6414),#3425);
#3204=STYLED_ITEM('',(#6414),#3426);
#3205=STYLED_ITEM('',(#6413),#3427);
#3206=STYLED_ITEM('',(#6414),#3428);
#3207=STYLED_ITEM('',(#6414),#3429);
#3208=STYLED_ITEM('',(#6414),#3430);
#3209=STYLED_ITEM('',(#6414),#3431);
#3210=STYLED_ITEM('',(#6414),#3432);
#3211=STYLED_ITEM('',(#6414),#3433);
#3212=STYLED_ITEM('',(#6414),#3434);
#3213=STYLED_ITEM('',(#6414),#3435);
#3214=STYLED_ITEM('',(#6413),#3436);
#3215=STYLED_ITEM('',(#6415),#3437);
#3216=STYLED_ITEM('',(#6415),#3438);
#3217=STYLED_ITEM('',(#6415),#3439);
#3218=STYLED_ITEM('',(#6415),#3440);
#3219=STYLED_ITEM('',(#6415),#3441);
#3220=STYLED_ITEM('',(#6420),#3442);
#3221=STYLED_ITEM('',(#6421),#3443);
#3222=STYLED_ITEM('',(#6421),#3444);
#3223=STYLED_ITEM('',(#6420),#3445);
#3224=STYLED_ITEM('',(#6420),#3446);
#3225=STYLED_ITEM('',(#6420),#3447);
#3226=STYLED_ITEM('',(#6420),#3448);
#3227=STYLED_ITEM('',(#6420),#3449);
#3228=STYLED_ITEM('',(#6422),#3450);
#3229=STYLED_ITEM('',(#6421),#3451);
#3230=STYLED_ITEM('',(#6421),#3452);
#3231=STYLED_ITEM('',(#6422),#3453);
#3232=STYLED_ITEM('',(#6422),#3454);
#3233=STYLED_ITEM('',(#6422),#3455);
#3234=STYLED_ITEM('',(#6422),#3456);
#3235=STYLED_ITEM('',(#6422),#3457);
#3236=STYLED_ITEM('',(#6423),#3458);
#3237=STYLED_ITEM('',(#6421),#3459);
#3238=STYLED_ITEM('',(#6421),#3460);
#3239=STYLED_ITEM('',(#6424),#3461);
#3240=STYLED_ITEM('',(#6423),#3462);
#3241=STYLED_ITEM('',(#6423),#3463);
#3242=STYLED_ITEM('',(#6423),#3464);
#3243=STYLED_ITEM('',(#6423),#3465);
#3244=STYLED_ITEM('',(#6425),#3466);
#3245=STYLED_ITEM('',(#6421),#3467);
#3246=STYLED_ITEM('',(#6421),#3468);
#3247=STYLED_ITEM('',(#6425),#3469);
#3248=STYLED_ITEM('',(#6425),#3470);
#3249=STYLED_ITEM('',(#6425),#3471);
#3250=STYLED_ITEM('',(#6425),#3472);
#3251=STYLED_ITEM('',(#6425),#3473);
#3252=STYLED_ITEM('',(#6416),#3474);
#3253=STYLED_ITEM('',(#6416),#3475);
#3254=STYLED_ITEM('',(#6416),#3476);
#3255=STYLED_ITEM('',(#6416),#3477);
#3256=STYLED_ITEM('',(#6416),#3478);
#3257=STYLED_ITEM('',(#6416),#3479);
#3258=STYLED_ITEM('',(#6416),#3480);
#3259=STYLED_ITEM('',(#6416),#3481);
#3260=STYLED_ITEM('',(#6416),#3482);
#3261=STYLED_ITEM('',(#6416),#3483);
#3262=STYLED_ITEM('',(#6416),#3484);
#3263=STYLED_ITEM('',(#6416),#3485);
#3264=STYLED_ITEM('',(#6416),#3486);
#3265=STYLED_ITEM('',(#6416),#3487);
#3266=STYLED_ITEM('',(#6416),#3488);
#3267=STYLED_ITEM('',(#6416),#3489);
#3268=STYLED_ITEM('',(#6416),#3490);
#3269=STYLED_ITEM('',(#6416),#3491);
#3270=STYLED_ITEM('',(#6416),#3492);
#3271=STYLED_ITEM('',(#6416),#3493);
#3272=STYLED_ITEM('',(#6416),#3494);
#3273=STYLED_ITEM('',(#6416),#3495);
#3274=STYLED_ITEM('',(#6416),#3496);
#3275=STYLED_ITEM('',(#6416),#3497);
#3276=STYLED_ITEM('',(#6416),#3498);
#3277=STYLED_ITEM('',(#6416),#3499);
#3278=STYLED_ITEM('',(#6416),#3500);
#3279=STYLED_ITEM('',(#6416),#3501);
#3280=STYLED_ITEM('',(#6416),#3502);
#3281=STYLED_ITEM('',(#6416),#3503);
#3282=STYLED_ITEM('',(#6416),#3504);
#3283=STYLED_ITEM('',(#6416),#3505);
#3284=STYLED_ITEM('',(#6416),#3506);
#3285=STYLED_ITEM('',(#6416),#3507);
#3286=STYLED_ITEM('',(#6416),#3508);
#3287=STYLED_ITEM('',(#6416),#3509);
#3288=STYLED_ITEM('',(#6416),#3510);
#3289=STYLED_ITEM('',(#6416),#3511);
#3290=STYLED_ITEM('',(#6416),#3512);
#3291=STYLED_ITEM('',(#6416),#3513);
#3292=STYLED_ITEM('',(#6416),#3514);
#3293=STYLED_ITEM('',(#6416),#3515);
#3294=STYLED_ITEM('',(#6416),#3516);
#3295=STYLED_ITEM('',(#6417),#3517);
#3296=STYLED_ITEM('',(#6417),#3518);
#3297=STYLED_ITEM('',(#6417),#3519);
#3298=STYLED_ITEM('',(#6417),#3520);
#3299=STYLED_ITEM('',(#6417),#3521);
#3300=STYLED_ITEM('',(#6417),#3522);
#3301=STYLED_ITEM('',(#6417),#3523);
#3302=STYLED_ITEM('',(#6417),#3524);
#3303=STYLED_ITEM('',(#6417),#3525);
#3304=STYLED_ITEM('',(#6417),#3526);
#3305=STYLED_ITEM('',(#6418),#3527);
#3306=STYLED_ITEM('',(#6415),#3528);
#3307=STYLED_ITEM('',(#6415),#3529);
#3308=STYLED_ITEM('',(#6415),#3530);
#3309=STYLED_ITEM('',(#6415),#3531);
#3310=STYLED_ITEM('',(#6413),#3532);
#3311=STYLED_ITEM('',(#6413),#3533);
#3312=STYLED_ITEM('',(#6419),#3534);
#3313=STYLED_ITEM('',(#6419),#3535);
#3314=STYLED_ITEM('',(#6419),#3536);
#3315=STYLED_ITEM('',(#6419),#3537);
#3316=STYLED_ITEM('',(#6419),#3538);
#3317=STYLED_ITEM('',(#6419),#3539);
#3318=STYLED_ITEM('',(#6419),#3540);
#3319=STYLED_ITEM('',(#6416),#3541);
#3320=STYLED_ITEM('',(#6416),#3542);
#3321=STYLED_ITEM('',(#6416),#3543);
#3322=STYLED_ITEM('',(#6416),#3544);
#3323=STYLED_ITEM('',(#6416),#3545);
#3324=STYLED_ITEM('',(#6416),#3546);
#3325=STYLED_ITEM('',(#6416),#3547);
#3326=STYLED_ITEM('',(#6418),#3548);
#3327=STYLED_ITEM('',(#6418),#3549);
#3328=STYLED_ITEM('',(#6418),#3550);
#3329=STYLED_ITEM('',(#6418),#3551);
#3330=STYLED_ITEM('',(#6418),#3552);
#3331=STYLED_ITEM('',(#6418),#3553);
#3332=STYLED_ITEM('',(#6418),#3554);
#3333=STYLED_ITEM('',(#6418),#3555);
#3334=STYLED_ITEM('',(#6418),#3556);
#3335=STYLED_ITEM('',(#6418),#3557);
#3336=STYLED_ITEM('',(#6418),#3558);
#3337=STYLED_ITEM('',(#6415),#3559);
#3338=STYLED_ITEM('',(#6414),#3560);
#3339=STYLED_ITEM('',(#6414),#3561);
#3340=STYLED_ITEM('',(#6414),#3562);
#3341=STYLED_ITEM('',(#6414),#3563);
#3342=STYLED_ITEM('',(#6414),#3564);
#3343=STYLED_ITEM('',(#6414),#3565);
#3344=STYLED_ITEM('',(#6414),#3566);
#3345=STYLED_ITEM('',(#6414),#3567);
#3346=STYLED_ITEM('',(#6414),#3568);
#3347=STYLED_ITEM('',(#6414),#3569);
#3348=STYLED_ITEM('',(#6414),#3570);
#3349=STYLED_ITEM('',(#6414),#3571);
#3350=STYLED_ITEM('',(#6414),#3572);
#3351=STYLED_ITEM('',(#6414),#3573);
#3352=STYLED_ITEM('',(#6414),#3574);
#3353=STYLED_ITEM('',(#6414),#3575);
#3354=STYLED_ITEM('',(#6414),#3576);
#3355=STYLED_ITEM('',(#6414),#3577);
#3356=STYLED_ITEM('',(#6414),#3578);
#3357=STYLED_ITEM('',(#6414),#3579);
#3358=STYLED_ITEM('',(#6414),#3580);
#3359=STYLED_ITEM('',(#6414),#3581);
#3360=STYLED_ITEM('',(#6414),#3582);
#3361=STYLED_ITEM('',(#6414),#3583);
#3362=STYLED_ITEM('',(#6414),#3584);
#3363=STYLED_ITEM('',(#6414),#3585);
#3364=STYLED_ITEM('',(#6414),#3586);
#3365=STYLED_ITEM('',(#6414),#3587);
#3366=STYLED_ITEM('',(#6414),#3588);
#3367=STYLED_ITEM('',(#6414),#3589);
#3368=STYLED_ITEM('',(#6414),#3590);
#3369=STYLED_ITEM('',(#6414),#3591);
#3370=STYLED_ITEM('',(#6414),#3592);
#3371=STYLED_ITEM('',(#6414),#3593);
#3372=STYLED_ITEM('',(#6414),#3594);
#3373=STYLED_ITEM('',(#6414),#3595);
#3374=STYLED_ITEM('',(#6414),#3596);
#3375=STYLED_ITEM('',(#6414),#3597);
#3376=STYLED_ITEM('',(#6414),#3598);
#3377=STYLED_ITEM('',(#6413),#3604);
#3378=ADVANCED_FACE('',(#271),#3066,.F.);
#3379=ADVANCED_FACE('',(#272),#170,.F.);
#3380=ADVANCED_FACE('',(#273),#171,.F.);
#3381=ADVANCED_FACE('',(#274),#172,.F.);
#3382=ADVANCED_FACE('',(#275),#3067,.F.);
#3383=ADVANCED_FACE('',(#276),#3068,.F.);
#3384=ADVANCED_FACE('',(#277),#3069,.F.);
#3385=ADVANCED_FACE('',(#278),#3070,.T.);
#3386=ADVANCED_FACE('',(#279),#3071,.F.);
#3387=ADVANCED_FACE('',(#280),#173,.F.);
#3388=ADVANCED_FACE('',(#281),#3072,.T.);
#3389=ADVANCED_FACE('',(#282),#174,.T.);
#3390=ADVANCED_FACE('',(#283),#3073,.T.);
#3391=ADVANCED_FACE('',(#284),#175,.F.);
#3392=ADVANCED_FACE('',(#285),#3074,.T.);
#3393=ADVANCED_FACE('',(#286),#176,.F.);
#3394=ADVANCED_FACE('',(#287),#3075,.F.);
#3395=ADVANCED_FACE('',(#288),#177,.F.);
#3396=ADVANCED_FACE('',(#289),#178,.F.);
#3397=ADVANCED_FACE('',(#290),#3076,.F.);
#3398=ADVANCED_FACE('',(#291),#3077,.T.);
#3399=ADVANCED_FACE('',(#292),#3078,.F.);
#3400=ADVANCED_FACE('',(#293),#179,.F.);
#3401=ADVANCED_FACE('',(#294),#3079,.F.);
#3402=ADVANCED_FACE('',(#295),#180,.F.);
#3403=ADVANCED_FACE('',(#296),#3080,.F.);
#3404=ADVANCED_FACE('',(#297),#3081,.T.);
#3405=ADVANCED_FACE('',(#298),#181,.F.);
#3406=ADVANCED_FACE('',(#299),#182,.F.);
#3407=ADVANCED_FACE('',(#300),#3082,.T.);
#3408=ADVANCED_FACE('',(#301),#183,.T.);
#3409=ADVANCED_FACE('',(#302),#3083,.T.);
#3410=ADVANCED_FACE('',(#303),#184,.F.);
#3411=ADVANCED_FACE('',(#304),#185,.F.);
#3412=ADVANCED_FACE('',(#305),#3084,.T.);
#3413=ADVANCED_FACE('',(#306),#3085,.T.);
#3414=ADVANCED_FACE('',(#307),#3086,.T.);
#3415=ADVANCED_FACE('',(#308),#186,.T.);
#3416=ADVANCED_FACE('',(#309),#187,.F.);
#3417=ADVANCED_FACE('',(#310),#188,.F.);
#3418=ADVANCED_FACE('',(#311),#189,.F.);
#3419=ADVANCED_FACE('',(#312),#3087,.F.);
#3420=ADVANCED_FACE('',(#313),#3088,.T.);
#3421=ADVANCED_FACE('',(#314),#3089,.F.);
#3422=ADVANCED_FACE('',(#315),#3090,.F.);
#3423=ADVANCED_FACE('',(#316),#3091,.F.);
#3424=ADVANCED_FACE('',(#317),#190,.F.);
#3425=ADVANCED_FACE('',(#318),#3092,.F.);
#3426=ADVANCED_FACE('',(#319),#3093,.F.);
#3427=ADVANCED_FACE('',(#320),#191,.F.);
#3428=ADVANCED_FACE('',(#321),#192,.F.);
#3429=ADVANCED_FACE('',(#322),#3094,.F.);
#3430=ADVANCED_FACE('',(#323),#3095,.F.);
#3431=ADVANCED_FACE('',(#324),#193,.F.);
#3432=ADVANCED_FACE('',(#325),#3096,.F.);
#3433=ADVANCED_FACE('',(#326),#3097,.T.);
#3434=ADVANCED_FACE('',(#327),#3098,.F.);
#3435=ADVANCED_FACE('',(#328),#194,.F.);
#3436=ADVANCED_FACE('',(#329),#195,.T.);
#3437=ADVANCED_FACE('',(#330),#3099,.T.);
#3438=ADVANCED_FACE('',(#331),#3100,.T.);
#3439=ADVANCED_FACE('',(#332),#3101,.T.);
#3440=ADVANCED_FACE('',(#333),#196,.F.);
#3441=ADVANCED_FACE('',(#334),#197,.F.);
#3442=ADVANCED_FACE('',(#335,#43),#3102,.T.);
#3443=ADVANCED_FACE('',(#336,#44),#3103,.T.);
#3444=ADVANCED_FACE('',(#337),#198,.F.);
#3445=ADVANCED_FACE('',(#338,#45),#199,.F.);
#3446=ADVANCED_FACE('',(#339,#46),#3104,.T.);
#3447=ADVANCED_FACE('',(#340,#47),#31,.T.);
#3448=ADVANCED_FACE('',(#341,#48),#3105,.T.);
#3449=ADVANCED_FACE('',(#342,#49),#32,.T.);
#3450=ADVANCED_FACE('',(#343,#50),#3106,.T.);
#3451=ADVANCED_FACE('',(#344,#51),#3107,.T.);
#3452=ADVANCED_FACE('',(#345),#200,.F.);
#3453=ADVANCED_FACE('',(#346,#52),#3108,.T.);
#3454=ADVANCED_FACE('',(#347,#53),#33,.T.);
#3455=ADVANCED_FACE('',(#348,#54),#3109,.T.);
#3456=ADVANCED_FACE('',(#349,#55),#34,.T.);
#3457=ADVANCED_FACE('',(#350,#56),#201,.T.);
#3458=ADVANCED_FACE('',(#351,#57),#3110,.T.);
#3459=ADVANCED_FACE('',(#352,#58),#3111,.T.);
#3460=ADVANCED_FACE('',(#353),#202,.F.);
#3461=ADVANCED_FACE('',(#354,#59),#203,.F.);
#3462=ADVANCED_FACE('',(#355,#60),#3112,.T.);
#3463=ADVANCED_FACE('',(#356,#61),#35,.T.);
#3464=ADVANCED_FACE('',(#357,#62),#3113,.T.);
#3465=ADVANCED_FACE('',(#358,#63),#36,.T.);
#3466=ADVANCED_FACE('',(#359,#64),#3114,.T.);
#3467=ADVANCED_FACE('',(#360,#65),#3115,.T.);
#3468=ADVANCED_FACE('',(#361),#204,.F.);
#3469=ADVANCED_FACE('',(#362,#66),#205,.F.);
#3470=ADVANCED_FACE('',(#363,#67),#3116,.T.);
#3471=ADVANCED_FACE('',(#364,#68),#37,.T.);
#3472=ADVANCED_FACE('',(#365,#69),#3117,.T.);
#3473=ADVANCED_FACE('',(#366,#70),#38,.T.);
#3474=ADVANCED_FACE('',(#367),#206,.F.);
#3475=ADVANCED_FACE('',(#368),#207,.F.);
#3476=ADVANCED_FACE('',(#369),#208,.F.);
#3477=ADVANCED_FACE('',(#370),#209,.F.);
#3478=ADVANCED_FACE('',(#371),#210,.F.);
#3479=ADVANCED_FACE('',(#372),#211,.F.);
#3480=ADVANCED_FACE('',(#373),#212,.T.);
#3481=ADVANCED_FACE('',(#374,#71),#213,.T.);
#3482=ADVANCED_FACE('',(#375,#72),#13,.T.);
#3483=ADVANCED_FACE('',(#376,#73),#3118,.T.);
#3484=ADVANCED_FACE('',(#377,#74),#14,.T.);
#3485=ADVANCED_FACE('',(#378),#214,.F.);
#3486=ADVANCED_FACE('',(#379),#215,.F.);
#3487=ADVANCED_FACE('',(#380),#216,.F.);
#3488=ADVANCED_FACE('',(#381),#217,.F.);
#3489=ADVANCED_FACE('',(#382),#218,.F.);
#3490=ADVANCED_FACE('',(#383),#219,.F.);
#3491=ADVANCED_FACE('',(#384),#220,.T.);
#3492=ADVANCED_FACE('',(#385,#75),#221,.T.);
#3493=ADVANCED_FACE('',(#386,#76),#15,.T.);
#3494=ADVANCED_FACE('',(#387,#77),#3119,.T.);
#3495=ADVANCED_FACE('',(#388,#78),#16,.T.);
#3496=ADVANCED_FACE('',(#389),#222,.F.);
#3497=ADVANCED_FACE('',(#390),#223,.F.);
#3498=ADVANCED_FACE('',(#391),#224,.F.);
#3499=ADVANCED_FACE('',(#392),#225,.F.);
#3500=ADVANCED_FACE('',(#393),#226,.F.);
#3501=ADVANCED_FACE('',(#394),#227,.F.);
#3502=ADVANCED_FACE('',(#395),#228,.T.);
#3503=ADVANCED_FACE('',(#396,#79),#229,.T.);
#3504=ADVANCED_FACE('',(#397,#80),#17,.T.);
#3505=ADVANCED_FACE('',(#398,#81),#3120,.T.);
#3506=ADVANCED_FACE('',(#399,#82),#18,.T.);
#3507=ADVANCED_FACE('',(#400),#230,.F.);
#3508=ADVANCED_FACE('',(#401),#231,.F.);
#3509=ADVANCED_FACE('',(#402),#232,.F.);
#3510=ADVANCED_FACE('',(#403),#233,.F.);
#3511=ADVANCED_FACE('',(#404),#234,.F.);
#3512=ADVANCED_FACE('',(#405),#235,.F.);
#3513=ADVANCED_FACE('',(#406),#236,.F.);
#3514=ADVANCED_FACE('',(#407),#237,.F.);
#3515=ADVANCED_FACE('',(#408,#83),#238,.T.);
#3516=ADVANCED_FACE('',(#409),#239,.F.);
#3517=ADVANCED_FACE('',(#410,#84),#3121,.T.);
#3518=ADVANCED_FACE('',(#411),#240,.T.);
#3519=ADVANCED_FACE('',(#412),#39,.F.);
#3520=ADVANCED_FACE('',(#413),#40,.F.);
#3521=ADVANCED_FACE('',(#414,#85),#3122,.F.);
#3522=ADVANCED_FACE('',(#415),#3123,.T.);
#3523=ADVANCED_FACE('',(#416),#3124,.T.);
#3524=ADVANCED_FACE('',(#417,#86),#41,.T.);
#3525=ADVANCED_FACE('',(#418,#87),#241,.T.);
#3526=ADVANCED_FACE('',(#419),#242,.T.);
#3527=ADVANCED_FACE('',(#420,#88,#89),#3125,.T.);
#3528=ADVANCED_FACE('',(#421,#90),#3126,.T.);
#3529=ADVANCED_FACE('',(#422,#91),#243,.T.);
#3530=ADVANCED_FACE('',(#423,#92),#3127,.T.);
#3531=ADVANCED_FACE('',(#424,#93),#244,.T.);
#3532=ADVANCED_FACE('',(#425),#245,.T.);
#3533=ADVANCED_FACE('',(#426,#94),#246,.T.);
#3534=ADVANCED_FACE('',(#427,#95),#247,.T.);
#3535=ADVANCED_FACE('',(#428,#96),#3128,.F.);
#3536=ADVANCED_FACE('',(#429,#97),#19,.F.);
#3537=ADVANCED_FACE('',(#430,#98),#248,.T.);
#3538=ADVANCED_FACE('',(#431,#99),#20,.T.);
#3539=ADVANCED_FACE('',(#432,#100),#3129,.T.);
#3540=ADVANCED_FACE('',(#433,#101),#3130,.F.);
#3541=ADVANCED_FACE('',(#434,#102),#21,.T.);
#3542=ADVANCED_FACE('',(#435,#103),#3131,.T.);
#3543=ADVANCED_FACE('',(#436,#104),#22,.T.);
#3544=ADVANCED_FACE('',(#437),#249,.T.);
#3545=ADVANCED_FACE('',(#438),#250,.F.);
#3546=ADVANCED_FACE('',(#439),#251,.F.);
#3547=ADVANCED_FACE('',(#440),#252,.F.);
#3548=ADVANCED_FACE('',(#441,#105,#106),#253,.T.);
#3549=ADVANCED_FACE('',(#442,#107),#3132,.T.);
#3550=ADVANCED_FACE('',(#443,#108),#23,.T.);
#3551=ADVANCED_FACE('',(#444,#109),#24,.F.);
#3552=ADVANCED_FACE('',(#445,#110),#25,.F.);
#3553=ADVANCED_FACE('',(#446,#111),#3133,.F.);
#3554=ADVANCED_FACE('',(#447,#112),#3134,.F.);
#3555=ADVANCED_FACE('',(#448),#26,.F.);
#3556=ADVANCED_FACE('',(#449),#27,.F.);
#3557=ADVANCED_FACE('',(#450,#113,#114,#115,#116),#3135,.T.);
#3558=ADVANCED_FACE('',(#451,#117),#254,.T.);
#3559=ADVANCED_FACE('',(#452,#118),#3136,.T.);
#3560=ADVANCED_FACE('',(#453,#119),#255,.T.);
#3561=ADVANCED_FACE('',(#454),#3137,.T.);
#3562=ADVANCED_FACE('',(#455),#3138,.T.);
#3563=ADVANCED_FACE('',(#456),#3139,.T.);
#3564=ADVANCED_FACE('',(#457,#120),#256,.T.);
#3565=ADVANCED_FACE('',(#458,#121),#257,.T.);
#3566=ADVANCED_FACE('',(#459),#258,.F.);
#3567=ADVANCED_FACE('',(#460),#259,.T.);
#3568=ADVANCED_FACE('',(#461),#260,.F.);
#3569=ADVANCED_FACE('',(#462),#3140,.F.);
#3570=ADVANCED_FACE('',(#463),#3141,.F.);
#3571=ADVANCED_FACE('',(#464),#261,.T.);
#3572=ADVANCED_FACE('',(#465),#3142,.F.);
#3573=ADVANCED_FACE('',(#466,#122),#3143,.T.);
#3574=ADVANCED_FACE('',(#467),#3144,.F.);
#3575=ADVANCED_FACE('',(#468),#262,.F.);
#3576=ADVANCED_FACE('',(#469),#3145,.F.);
#3577=ADVANCED_FACE('',(#470),#263,.F.);
#3578=ADVANCED_FACE('',(#471),#3146,.F.);
#3579=ADVANCED_FACE('',(#472,#123),#3147,.F.);
#3580=ADVANCED_FACE('',(#473,#124),#3148,.F.);
#3581=ADVANCED_FACE('',(#474,#125),#3149,.F.);
#3582=ADVANCED_FACE('',(#475,#126),#3150,.F.);
#3583=ADVANCED_FACE('',(#476,#127),#3151,.F.);
#3584=ADVANCED_FACE('',(#477,#128),#3152,.F.);
#3585=ADVANCED_FACE('',(#478,#129),#3153,.F.);
#3586=ADVANCED_FACE('',(#479,#130,#131,#132,#133,#134,#135,#136,#137),#264,
 .T.);
#3587=ADVANCED_FACE('',(#480,#138),#42,.F.);
#3588=ADVANCED_FACE('',(#481,#139),#3154,.T.);
#3589=ADVANCED_FACE('',(#482,#140),#28,.T.);
#3590=ADVANCED_FACE('',(#483,#141),#265,.T.);
#3591=ADVANCED_FACE('',(#484,#142),#266,.T.);
#3592=ADVANCED_FACE('',(#485,#143),#267,.T.);
#3593=ADVANCED_FACE('',(#486,#144),#268,.T.);
#3594=ADVANCED_FACE('',(#487,#145),#3155,.F.);
#3595=ADVANCED_FACE('',(#488,#146),#29,.F.);
#3596=ADVANCED_FACE('',(#489,#147),#269,.T.);
#3597=ADVANCED_FACE('',(#490,#148),#270,.T.);
#3598=ADVANCED_FACE('',(#491,#149),#30,.F.);
#3599=CLOSED_SHELL('',(#3378,#3379,#3380,#3381,#3382,#3383,#3384,#3385,
#3386,#3387,#3388,#3389,#3390,#3391,#3392,#3393));
#3600=CLOSED_SHELL('',(#3394,#3395,#3396,#3397,#3398,#3399,#3400,#3401,
#3402,#3403,#3404,#3405,#3406,#3407,#3408,#3409));
#3601=CLOSED_SHELL('',(#3410,#3411,#3412,#3413,#3414,#3415,#3416,#3417,
#3418,#3419,#3420,#3421,#3422,#3423,#3424,#3425));
#3602=CLOSED_SHELL('',(#3426,#3427,#3428,#3429,#3430,#3431,#3432,#3433,
#3434,#3435,#3436,#3437,#3438,#3439,#3440,#3441));
#3603=CLOSED_SHELL('',(#3442,#3443,#3444,#3445,#3446,#3447,#3448,#3449,
#3450,#3451,#3452,#3453,#3454,#3455,#3456,#3457,#3458,#3459,#3460,#3461,
#3462,#3463,#3464,#3465,#3466,#3467,#3468,#3469,#3470,#3471,#3472,#3473,
#3474,#3475,#3476,#3477,#3478,#3479,#3480,#3481,#3482,#3483,#3484,#3485,
#3486,#3487,#3488,#3489,#3490,#3491,#3492,#3493,#3494,#3495,#3496,#3497,
#3498,#3499,#3500,#3501,#3502,#3503,#3504,#3505,#3506,#3507,#3508,#3509,
#3510,#3511,#3512,#3513,#3514,#3515,#3516,#3517,#3518,#3519,#3520,#3521,
#3522,#3523,#3524,#3525,#3526,#3527,#3528,#3529,#3530,#3531,#3532,#3533,
#3534,#3535,#3536,#3537,#3538,#3539,#3540,#3541,#3542,#3543,#3544,#3545,
#3546,#3547,#3548,#3549,#3550,#3551,#3552,#3553,#3554,#3555,#3556,#3557,
#3558,#3559,#3560,#3561,#3562,#3563,#3564,#3565,#3566,#3567,#3568,#3569,
#3570,#3571,#3572,#3573,#3574,#3575,#3576,#3577,#3578,#3579,#3580,#3581,
#3582,#3583,#3584,#3585,#3586,#3587,#3588,#3589,#3590,#3591,#3592,#3593,
#3594,#3595,#3596,#3597,#3598));
#3604=BREP_WITH_VOIDS('Solid1',#3603,(#166,#167,#168,#169));
#3605=AXIS2_PLACEMENT_3D('placement',#5095,#4031,#4032);
#3606=AXIS2_PLACEMENT_3D('',#5096,#4033,#4034);
#3607=AXIS2_PLACEMENT_3D('',#5101,#4036,#4037);
#3608=AXIS2_PLACEMENT_3D('',#5105,#4039,#4040);
#3609=AXIS2_PLACEMENT_3D('',#5108,#4042,#4043);
#3610=AXIS2_PLACEMENT_3D('',#5109,#4044,#4045);
#3611=AXIS2_PLACEMENT_3D('',#5115,#4049,#4050);
#3612=AXIS2_PLACEMENT_3D('',#5118,#4051,#4052);
#3613=AXIS2_PLACEMENT_3D('',#5122,#4054,#4055);
#3614=AXIS2_PLACEMENT_3D('',#5125,#4057,#4058);
#3615=AXIS2_PLACEMENT_3D('',#5127,#4059,#4060);
#3616=AXIS2_PLACEMENT_3D('',#5128,#4061,#4062);
#3617=AXIS2_PLACEMENT_3D('',#5129,#4063,#4064);
#3618=AXIS2_PLACEMENT_3D('',#5138,#4069,#4070);
#3619=AXIS2_PLACEMENT_3D('',#5143,#4073,#4074);
#3620=AXIS2_PLACEMENT_3D('',#5144,#4075,#4076);
#3621=AXIS2_PLACEMENT_3D('',#5145,#4077,#4078);
#3622=AXIS2_PLACEMENT_3D('',#5146,#4079,#4080);
#3623=AXIS2_PLACEMENT_3D('',#5147,#4081,#4082);
#3624=AXIS2_PLACEMENT_3D('',#5149,#4083,#4084);
#3625=AXIS2_PLACEMENT_3D('',#5151,#4085,#4086);
#3626=AXIS2_PLACEMENT_3D('',#5153,#4088,#4089);
#3627=AXIS2_PLACEMENT_3D('',#5155,#4090,#4091);
#3628=AXIS2_PLACEMENT_3D('',#5157,#4092,#4093);
#3629=AXIS2_PLACEMENT_3D('',#5159,#4095,#4096);
#3630=AXIS2_PLACEMENT_3D('',#5160,#4097,#4098);
#3631=AXIS2_PLACEMENT_3D('',#5161,#4099,#4100);
#3632=AXIS2_PLACEMENT_3D('',#5162,#4101,#4102);
#3633=AXIS2_PLACEMENT_3D('',#5163,#4103,#4104);
#3634=AXIS2_PLACEMENT_3D('',#5165,#4105,#4106);
#3635=AXIS2_PLACEMENT_3D('',#5167,#4108,#4109);
#3636=AXIS2_PLACEMENT_3D('',#5169,#4110,#4111);
#3637=AXIS2_PLACEMENT_3D('',#5173,#4113,#4114);
#3638=AXIS2_PLACEMENT_3D('',#5175,#4116,#4117);
#3639=AXIS2_PLACEMENT_3D('',#5177,#4119,#4120);
#3640=AXIS2_PLACEMENT_3D('',#5179,#4122,#4123);
#3641=AXIS2_PLACEMENT_3D('',#5181,#4125,#4126);
#3642=AXIS2_PLACEMENT_3D('',#5182,#4127,#4128);
#3643=AXIS2_PLACEMENT_3D('',#5187,#4130,#4131);
#3644=AXIS2_PLACEMENT_3D('',#5191,#4133,#4134);
#3645=AXIS2_PLACEMENT_3D('',#5194,#4136,#4137);
#3646=AXIS2_PLACEMENT_3D('',#5195,#4138,#4139);
#3647=AXIS2_PLACEMENT_3D('',#5197,#4140,#4141);
#3648=AXIS2_PLACEMENT_3D('',#5199,#4142,#4143);
#3649=AXIS2_PLACEMENT_3D('',#5201,#4144,#4145);
#3650=AXIS2_PLACEMENT_3D('',#5203,#4146,#4147);
#3651=AXIS2_PLACEMENT_3D('',#5207,#4149,#4150);
#3652=AXIS2_PLACEMENT_3D('',#5209,#4152,#4153);
#3653=AXIS2_PLACEMENT_3D('',#5215,#4157,#4158);
#3654=AXIS2_PLACEMENT_3D('',#5217,#4159,#4160);
#3655=AXIS2_PLACEMENT_3D('',#5220,#4162,#4163);
#3656=AXIS2_PLACEMENT_3D('',#5221,#4164,#4165);
#3657=AXIS2_PLACEMENT_3D('',#5223,#4166,#4167);
#3658=AXIS2_PLACEMENT_3D('',#5226,#4169,#4170);
#3659=AXIS2_PLACEMENT_3D('',#5227,#4171,#4172);
#3660=AXIS2_PLACEMENT_3D('',#5229,#4173,#4174);
#3661=AXIS2_PLACEMENT_3D('',#5232,#4176,#4177);
#3662=AXIS2_PLACEMENT_3D('',#5233,#4178,#4179);
#3663=AXIS2_PLACEMENT_3D('',#5239,#4183,#4184);
#3664=AXIS2_PLACEMENT_3D('',#5241,#4185,#4186);
#3665=AXIS2_PLACEMENT_3D('',#5243,#4188,#4189);
#3666=AXIS2_PLACEMENT_3D('',#5244,#4190,#4191);
#3667=AXIS2_PLACEMENT_3D('',#5245,#4192,#4193);
#3668=AXIS2_PLACEMENT_3D('',#5248,#4195,#4196);
#3669=AXIS2_PLACEMENT_3D('',#5249,#4197,#4198);
#3670=AXIS2_PLACEMENT_3D('',#5252,#4200,#4201);
#3671=AXIS2_PLACEMENT_3D('',#5253,#4202,#4203);
#3672=AXIS2_PLACEMENT_3D('',#5257,#4206,#4207);
#3673=AXIS2_PLACEMENT_3D('',#5263,#4211,#4212);
#3674=AXIS2_PLACEMENT_3D('',#5264,#4213,#4214);
#3675=AXIS2_PLACEMENT_3D('',#5265,#4215,#4216);
#3676=AXIS2_PLACEMENT_3D('',#5266,#4217,#4218);
#3677=AXIS2_PLACEMENT_3D('',#5267,#4219,#4220);
#3678=AXIS2_PLACEMENT_3D('',#5268,#4221,#4222);
#3679=AXIS2_PLACEMENT_3D('',#5277,#4227,#4228);
#3680=AXIS2_PLACEMENT_3D('',#5286,#4233,#4234);
#3681=AXIS2_PLACEMENT_3D('',#5288,#4235,#4236);
#3682=AXIS2_PLACEMENT_3D('',#5290,#4237,#4238);
#3683=AXIS2_PLACEMENT_3D('',#5292,#4240,#4241);
#3684=AXIS2_PLACEMENT_3D('',#5296,#4243,#4244);
#3685=AXIS2_PLACEMENT_3D('',#5297,#4245,#4246);
#3686=AXIS2_PLACEMENT_3D('',#5298,#4247,#4248);
#3687=AXIS2_PLACEMENT_3D('',#5299,#4249,#4250);
#3688=AXIS2_PLACEMENT_3D('',#5300,#4251,#4252);
#3689=AXIS2_PLACEMENT_3D('',#5301,#4253,#4254);
#3690=AXIS2_PLACEMENT_3D('',#5303,#4255,#4256);
#3691=AXIS2_PLACEMENT_3D('',#5307,#4258,#4259);
#3692=AXIS2_PLACEMENT_3D('',#5309,#4260,#4261);
#3693=AXIS2_PLACEMENT_3D('',#5311,#4262,#4263);
#3694=AXIS2_PLACEMENT_3D('',#5314,#4265,#4266);
#3695=AXIS2_PLACEMENT_3D('',#5315,#4267,#4268);
#3696=AXIS2_PLACEMENT_3D('',#5321,#4272,#4273);
#3697=AXIS2_PLACEMENT_3D('',#5327,#4277,#4278);
#3698=AXIS2_PLACEMENT_3D('',#5329,#4279,#4280);
#3699=AXIS2_PLACEMENT_3D('',#5331,#4281,#4282);
#3700=AXIS2_PLACEMENT_3D('',#5333,#4283,#4284);
#3701=AXIS2_PLACEMENT_3D('',#5334,#4285,#4286);
#3702=AXIS2_PLACEMENT_3D('',#5336,#4287,#4288);
#3703=AXIS2_PLACEMENT_3D('',#5337,#4289,#4290);
#3704=AXIS2_PLACEMENT_3D('',#5338,#4291,#4292);
#3705=AXIS2_PLACEMENT_3D('',#5340,#4294,#4295);
#3706=AXIS2_PLACEMENT_3D('',#5342,#4297,#4298);
#3707=AXIS2_PLACEMENT_3D('',#5343,#4299,#4300);
#3708=AXIS2_PLACEMENT_3D('',#5346,#4301,#4302);
#3709=AXIS2_PLACEMENT_3D('',#5349,#4305,#4306);
#3710=AXIS2_PLACEMENT_3D('',#5350,#4307,#4308);
#3711=AXIS2_PLACEMENT_3D('',#5351,#4309,#4310);
#3712=AXIS2_PLACEMENT_3D('',#5352,#4311,#4312);
#3713=AXIS2_PLACEMENT_3D('',#5353,#4313,#4314);
#3714=AXIS2_PLACEMENT_3D('',#5354,#4315,#4316);
#3715=AXIS2_PLACEMENT_3D('',#5359,#4318,#4319);
#3716=AXIS2_PLACEMENT_3D('',#5363,#4321,#4322);
#3717=AXIS2_PLACEMENT_3D('',#5366,#4324,#4325);
#3718=AXIS2_PLACEMENT_3D('',#5367,#4326,#4327);
#3719=AXIS2_PLACEMENT_3D('',#5370,#4328,#4329);
#3720=AXIS2_PLACEMENT_3D('',#5374,#4331,#4332);
#3721=AXIS2_PLACEMENT_3D('',#5377,#4334,#4335);
#3722=AXIS2_PLACEMENT_3D('',#5379,#4336,#4337);
#3723=AXIS2_PLACEMENT_3D('',#5380,#4338,#4339);
#3724=AXIS2_PLACEMENT_3D('',#5381,#4340,#4341);
#3725=AXIS2_PLACEMENT_3D('',#5390,#4346,#4347);
#3726=AXIS2_PLACEMENT_3D('',#5395,#4350,#4351);
#3727=AXIS2_PLACEMENT_3D('',#5396,#4352,#4353);
#3728=AXIS2_PLACEMENT_3D('',#5397,#4354,#4355);
#3729=AXIS2_PLACEMENT_3D('',#5398,#4356,#4357);
#3730=AXIS2_PLACEMENT_3D('',#5399,#4358,#4359);
#3731=AXIS2_PLACEMENT_3D('',#5405,#4363,#4364);
#3732=AXIS2_PLACEMENT_3D('',#5407,#4365,#4366);
#3733=AXIS2_PLACEMENT_3D('',#5409,#4367,#4368);
#3734=AXIS2_PLACEMENT_3D('',#5411,#4370,#4371);
#3735=AXIS2_PLACEMENT_3D('',#5413,#4372,#4373);
#3736=AXIS2_PLACEMENT_3D('',#5415,#4374,#4375);
#3737=AXIS2_PLACEMENT_3D('',#5417,#4377,#4378);
#3738=AXIS2_PLACEMENT_3D('',#5418,#4379,#4380);
#3739=AXIS2_PLACEMENT_3D('',#5419,#4381,#4382);
#3740=AXIS2_PLACEMENT_3D('',#5420,#4383,#4384);
#3741=AXIS2_PLACEMENT_3D('',#5421,#4385,#4386);
#3742=AXIS2_PLACEMENT_3D('',#5423,#4387,#4388);
#3743=AXIS2_PLACEMENT_3D('',#5427,#4390,#4391);
#3744=AXIS2_PLACEMENT_3D('',#5430,#4393,#4394);
#3745=AXIS2_PLACEMENT_3D('',#5431,#4395,#4396);
#3746=AXIS2_PLACEMENT_3D('',#5434,#4399,#4400);
#3747=AXIS2_PLACEMENT_3D('',#5436,#4402,#4403);
#3748=AXIS2_PLACEMENT_3D('',#5438,#4405,#4406);
#3749=AXIS2_PLACEMENT_3D('',#5439,#4407,#4408);
#3750=AXIS2_PLACEMENT_3D('',#5440,#4409,#4410);
#3751=AXIS2_PLACEMENT_3D('',#5442,#4411,#4412);
#3752=AXIS2_PLACEMENT_3D('',#5478,#4413,#4414);
#3753=AXIS2_PLACEMENT_3D('',#5480,#4415,#4416);
#3754=AXIS2_PLACEMENT_3D('',#5482,#4417,#4418);
#3755=AXIS2_PLACEMENT_3D('',#5483,#4419,#4420);
#3756=AXIS2_PLACEMENT_3D('',#5484,#4421,#4422);
#3757=AXIS2_PLACEMENT_3D('',#5486,#4423,#4424);
#3758=AXIS2_PLACEMENT_3D('',#5487,#4425,#4426);
#3759=AXIS2_PLACEMENT_3D('',#5489,#4427,#4428);
#3760=AXIS2_PLACEMENT_3D('',#5490,#4429,#4430);
#3761=AXIS2_PLACEMENT_3D('',#5492,#4431,#4432);
#3762=AXIS2_PLACEMENT_3D('',#5493,#4433,#4434);
#3763=AXIS2_PLACEMENT_3D('',#5495,#4435,#4436);
#3764=AXIS2_PLACEMENT_3D('',#5496,#4437,#4438);
#3765=AXIS2_PLACEMENT_3D('',#5497,#4439,#4440);
#3766=AXIS2_PLACEMENT_3D('',#5499,#4441,#4442);
#3767=AXIS2_PLACEMENT_3D('',#5535,#4443,#4444);
#3768=AXIS2_PLACEMENT_3D('',#5537,#4445,#4446);
#3769=AXIS2_PLACEMENT_3D('',#5539,#4447,#4448);
#3770=AXIS2_PLACEMENT_3D('',#5540,#4449,#4450);
#3771=AXIS2_PLACEMENT_3D('',#5541,#4451,#4452);
#3772=AXIS2_PLACEMENT_3D('',#5543,#4453,#4454);
#3773=AXIS2_PLACEMENT_3D('',#5545,#4455,#4456);
#3774=AXIS2_PLACEMENT_3D('',#5546,#4457,#4458);
#3775=AXIS2_PLACEMENT_3D('',#5548,#4459,#4460);
#3776=AXIS2_PLACEMENT_3D('',#5549,#4461,#4462);
#3777=AXIS2_PLACEMENT_3D('',#5551,#4463,#4464);
#3778=AXIS2_PLACEMENT_3D('',#5552,#4465,#4466);
#3779=AXIS2_PLACEMENT_3D('',#5553,#4467,#4468);
#3780=AXIS2_PLACEMENT_3D('',#5554,#4469,#4470);
#3781=AXIS2_PLACEMENT_3D('',#5556,#4471,#4472);
#3782=AXIS2_PLACEMENT_3D('',#5592,#4473,#4474);
#3783=AXIS2_PLACEMENT_3D('',#5594,#4475,#4476);
#3784=AXIS2_PLACEMENT_3D('',#5596,#4477,#4478);
#3785=AXIS2_PLACEMENT_3D('',#5597,#4479,#4480);
#3786=AXIS2_PLACEMENT_3D('',#5598,#4481,#4482);
#3787=AXIS2_PLACEMENT_3D('',#5600,#4483,#4484);
#3788=AXIS2_PLACEMENT_3D('',#5601,#4485,#4486);
#3789=AXIS2_PLACEMENT_3D('',#5603,#4487,#4488);
#3790=AXIS2_PLACEMENT_3D('',#5604,#4489,#4490);
#3791=AXIS2_PLACEMENT_3D('',#5606,#4491,#4492);
#3792=AXIS2_PLACEMENT_3D('',#5607,#4493,#4494);
#3793=AXIS2_PLACEMENT_3D('',#5609,#4495,#4496);
#3794=AXIS2_PLACEMENT_3D('',#5610,#4497,#4498);
#3795=AXIS2_PLACEMENT_3D('',#5611,#4499,#4500);
#3796=AXIS2_PLACEMENT_3D('',#5613,#4501,#4502);
#3797=AXIS2_PLACEMENT_3D('',#5649,#4503,#4504);
#3798=AXIS2_PLACEMENT_3D('',#5651,#4505,#4506);
#3799=AXIS2_PLACEMENT_3D('',#5653,#4507,#4508);
#3800=AXIS2_PLACEMENT_3D('',#5654,#4509,#4510);
#3801=AXIS2_PLACEMENT_3D('',#5655,#4511,#4512);
#3802=AXIS2_PLACEMENT_3D('',#5657,#4513,#4514);
#3803=AXIS2_PLACEMENT_3D('',#5658,#4515,#4516);
#3804=AXIS2_PLACEMENT_3D('',#5660,#4517,#4518);
#3805=AXIS2_PLACEMENT_3D('',#5661,#4519,#4520);
#3806=AXIS2_PLACEMENT_3D('',#5663,#4521,#4522);
#3807=AXIS2_PLACEMENT_3D('',#5664,#4523,#4524);
#3808=AXIS2_PLACEMENT_3D('',#5666,#4525,#4526);
#3809=AXIS2_PLACEMENT_3D('',#5667,#4527,#4528);
#3810=AXIS2_PLACEMENT_3D('',#5668,#4529,#4530);
#3811=AXIS2_PLACEMENT_3D('',#5677,#4535,#4536);
#3812=AXIS2_PLACEMENT_3D('',#5683,#4540,#4541);
#3813=AXIS2_PLACEMENT_3D('',#5689,#4545,#4546);
#3814=AXIS2_PLACEMENT_3D('',#5695,#4550,#4551);
#3815=AXIS2_PLACEMENT_3D('',#5701,#4555,#4556);
#3816=AXIS2_PLACEMENT_3D('',#5704,#4559,#4560);
#3817=AXIS2_PLACEMENT_3D('',#5705,#4561,#4562);
#3818=AXIS2_PLACEMENT_3D('',#5707,#4563,#4564);
#3819=AXIS2_PLACEMENT_3D('',#5708,#4565,#4566);
#3820=AXIS2_PLACEMENT_3D('',#5710,#4567,#4568);
#3821=AXIS2_PLACEMENT_3D('',#5711,#4569,#4570);
#3822=AXIS2_PLACEMENT_3D('',#5713,#4571,#4572);
#3823=AXIS2_PLACEMENT_3D('',#5714,#4573,#4574);
#3824=AXIS2_PLACEMENT_3D('',#5716,#4575,#4576);
#3825=AXIS2_PLACEMENT_3D('',#5717,#4577,#4578);
#3826=AXIS2_PLACEMENT_3D('',#5726,#4583,#4584);
#3827=AXIS2_PLACEMENT_3D('',#5732,#4588,#4589);
#3828=AXIS2_PLACEMENT_3D('',#5738,#4593,#4594);
#3829=AXIS2_PLACEMENT_3D('',#5744,#4598,#4599);
#3830=AXIS2_PLACEMENT_3D('',#5750,#4603,#4604);
#3831=AXIS2_PLACEMENT_3D('',#5753,#4607,#4608);
#3832=AXIS2_PLACEMENT_3D('',#5754,#4609,#4610);
#3833=AXIS2_PLACEMENT_3D('',#5756,#4611,#4612);
#3834=AXIS2_PLACEMENT_3D('',#5757,#4613,#4614);
#3835=AXIS2_PLACEMENT_3D('',#5759,#4615,#4616);
#3836=AXIS2_PLACEMENT_3D('',#5760,#4617,#4618);
#3837=AXIS2_PLACEMENT_3D('',#5762,#4619,#4620);
#3838=AXIS2_PLACEMENT_3D('',#5763,#4621,#4622);
#3839=AXIS2_PLACEMENT_3D('',#5765,#4623,#4624);
#3840=AXIS2_PLACEMENT_3D('',#5766,#4625,#4626);
#3841=AXIS2_PLACEMENT_3D('',#5775,#4631,#4632);
#3842=AXIS2_PLACEMENT_3D('',#5781,#4636,#4637);
#3843=AXIS2_PLACEMENT_3D('',#5787,#4641,#4642);
#3844=AXIS2_PLACEMENT_3D('',#5793,#4646,#4647);
#3845=AXIS2_PLACEMENT_3D('',#5799,#4651,#4652);
#3846=AXIS2_PLACEMENT_3D('',#5802,#4655,#4656);
#3847=AXIS2_PLACEMENT_3D('',#5803,#4657,#4658);
#3848=AXIS2_PLACEMENT_3D('',#5805,#4659,#4660);
#3849=AXIS2_PLACEMENT_3D('',#5806,#4661,#4662);
#3850=AXIS2_PLACEMENT_3D('',#5808,#4663,#4664);
#3851=AXIS2_PLACEMENT_3D('',#5809,#4665,#4666);
#3852=AXIS2_PLACEMENT_3D('',#5811,#4667,#4668);
#3853=AXIS2_PLACEMENT_3D('',#5812,#4669,#4670);
#3854=AXIS2_PLACEMENT_3D('',#5814,#4671,#4672);
#3855=AXIS2_PLACEMENT_3D('',#5815,#4673,#4674);
#3856=AXIS2_PLACEMENT_3D('',#5824,#4679,#4680);
#3857=AXIS2_PLACEMENT_3D('',#5833,#4685,#4686);
#3858=AXIS2_PLACEMENT_3D('',#5842,#4691,#4692);
#3859=AXIS2_PLACEMENT_3D('',#5851,#4697,#4698);
#3860=AXIS2_PLACEMENT_3D('',#5860,#4703,#4704);
#3861=AXIS2_PLACEMENT_3D('',#5869,#4709,#4710);
#3862=AXIS2_PLACEMENT_3D('',#5872,#4713,#4714);
#3863=AXIS2_PLACEMENT_3D('',#5875,#4717,#4718);
#3864=AXIS2_PLACEMENT_3D('',#5877,#4719,#4720);
#3865=AXIS2_PLACEMENT_3D('',#5882,#4725,#4726);
#3866=AXIS2_PLACEMENT_3D('',#5884,#4728,#4729);
#3867=AXIS2_PLACEMENT_3D('',#5886,#4730,#4731);
#3868=AXIS2_PLACEMENT_3D('',#5896,#4732,#4733);
#3869=AXIS2_PLACEMENT_3D('',#5904,#4734,#4735);
#3870=AXIS2_PLACEMENT_3D('',#5905,#4736,#4737);
#3871=AXIS2_PLACEMENT_3D('',#5909,#4739,#4740);
#3872=AXIS2_PLACEMENT_3D('',#5911,#4742,#4743);
#3873=AXIS2_PLACEMENT_3D('',#5928,#4744,#4745);
#3874=AXIS2_PLACEMENT_3D('',#5943,#4746,#4747);
#3875=AXIS2_PLACEMENT_3D('',#5961,#4748,#4749);
#3876=AXIS2_PLACEMENT_3D('',#5977,#4750,#4751);
#3877=AXIS2_PLACEMENT_3D('',#5978,#4752,#4753);
#3878=AXIS2_PLACEMENT_3D('',#5980,#4754,#4755);
#3879=AXIS2_PLACEMENT_3D('',#6016,#4756,#4757);
#3880=AXIS2_PLACEMENT_3D('',#6031,#4758,#4759);
#3881=AXIS2_PLACEMENT_3D('',#6049,#4760,#4761);
#3882=AXIS2_PLACEMENT_3D('',#6051,#4762,#4763);
#3883=AXIS2_PLACEMENT_3D('',#6052,#4764,#4765);
#3884=AXIS2_PLACEMENT_3D('',#6053,#4766,#4767);
#3885=AXIS2_PLACEMENT_3D('',#6056,#4770,#4771);
#3886=AXIS2_PLACEMENT_3D('',#6058,#4772,#4773);
#3887=AXIS2_PLACEMENT_3D('',#6060,#4774,#4775);
#3888=AXIS2_PLACEMENT_3D('',#6061,#4776,#4777);
#3889=AXIS2_PLACEMENT_3D('',#6063,#4778,#4779);
#3890=AXIS2_PLACEMENT_3D('',#6065,#4780,#4781);
#3891=AXIS2_PLACEMENT_3D('',#6066,#4782,#4783);
#3892=AXIS2_PLACEMENT_3D('',#6068,#4784,#4785);
#3893=AXIS2_PLACEMENT_3D('',#6069,#4786,#4787);
#3894=AXIS2_PLACEMENT_3D('',#6071,#4788,#4789);
#3895=AXIS2_PLACEMENT_3D('',#6072,#4790,#4791);
#3896=AXIS2_PLACEMENT_3D('',#6074,#4792,#4793);
#3897=AXIS2_PLACEMENT_3D('',#6075,#4794,#4795);
#3898=AXIS2_PLACEMENT_3D('',#6077,#4796,#4797);
#3899=AXIS2_PLACEMENT_3D('',#6078,#4798,#4799);
#3900=AXIS2_PLACEMENT_3D('',#6080,#4800,#4801);
#3901=AXIS2_PLACEMENT_3D('',#6082,#4802,#4803);
#3902=AXIS2_PLACEMENT_3D('',#6083,#4804,#4805);
#3903=AXIS2_PLACEMENT_3D('',#6085,#4806,#4807);
#3904=AXIS2_PLACEMENT_3D('',#6087,#4808,#4809);
#3905=AXIS2_PLACEMENT_3D('',#6088,#4810,#4811);
#3906=AXIS2_PLACEMENT_3D('',#6090,#4812,#4813);
#3907=AXIS2_PLACEMENT_3D('',#6091,#4814,#4815);
#3908=AXIS2_PLACEMENT_3D('',#6093,#4816,#4817);
#3909=AXIS2_PLACEMENT_3D('',#6094,#4818,#4819);
#3910=AXIS2_PLACEMENT_3D('',#6096,#4820,#4821);
#3911=AXIS2_PLACEMENT_3D('',#6097,#4822,#4823);
#3912=AXIS2_PLACEMENT_3D('',#6099,#4824,#4825);
#3913=AXIS2_PLACEMENT_3D('',#6100,#4826,#4827);
#3914=AXIS2_PLACEMENT_3D('',#6101,#4828,#4829);
#3915=AXIS2_PLACEMENT_3D('',#6102,#4830,#4831);
#3916=AXIS2_PLACEMENT_3D('',#6104,#4832,#4833);
#3917=AXIS2_PLACEMENT_3D('',#6107,#4834,#4835);
#3918=AXIS2_PLACEMENT_3D('',#6108,#4836,#4837);
#3919=AXIS2_PLACEMENT_3D('',#6109,#4838,#4839);
#3920=AXIS2_PLACEMENT_3D('',#6112,#4840,#4841);
#3921=AXIS2_PLACEMENT_3D('',#6113,#4842,#4843);
#3922=AXIS2_PLACEMENT_3D('',#6114,#4844,#4845);
#3923=AXIS2_PLACEMENT_3D('',#6115,#4846,#4847);
#3924=AXIS2_PLACEMENT_3D('',#6119,#4851,#4852);
#3925=AXIS2_PLACEMENT_3D('',#6120,#4853,#4854);
#3926=AXIS2_PLACEMENT_3D('',#6121,#4855,#4856);
#3927=AXIS2_PLACEMENT_3D('',#6122,#4857,#4858);
#3928=AXIS2_PLACEMENT_3D('',#6124,#4859,#4860);
#3929=AXIS2_PLACEMENT_3D('',#6126,#4861,#4862);
#3930=AXIS2_PLACEMENT_3D('',#6128,#4863,#4864);
#3931=AXIS2_PLACEMENT_3D('',#6129,#4865,#4866);
#3932=AXIS2_PLACEMENT_3D('',#6131,#4867,#4868);
#3933=AXIS2_PLACEMENT_3D('',#6132,#4869,#4870);
#3934=AXIS2_PLACEMENT_3D('',#6133,#4871,#4872);
#3935=AXIS2_PLACEMENT_3D('',#6135,#4873,#4874);
#3936=AXIS2_PLACEMENT_3D('',#6136,#4875,#4876);
#3937=AXIS2_PLACEMENT_3D('',#6138,#4877,#4878);
#3938=AXIS2_PLACEMENT_3D('',#6139,#4879,#4880);
#3939=AXIS2_PLACEMENT_3D('',#6175,#4881,#4882);
#3940=AXIS2_PLACEMENT_3D('',#6211,#4883,#4884);
#3941=AXIS2_PLACEMENT_3D('',#6212,#4885,#4886);
#3942=AXIS2_PLACEMENT_3D('',#6213,#4887,#4888);
#3943=AXIS2_PLACEMENT_3D('',#6214,#4889,#4890);
#3944=AXIS2_PLACEMENT_3D('',#6215,#4891,#4892);
#3945=AXIS2_PLACEMENT_3D('',#6217,#4893,#4894);
#3946=AXIS2_PLACEMENT_3D('',#6218,#4895,#4896);
#3947=AXIS2_PLACEMENT_3D('',#6223,#4898,#4899);
#3948=AXIS2_PLACEMENT_3D('',#6227,#4901,#4902);
#3949=AXIS2_PLACEMENT_3D('',#6229,#4903,#4904);
#3950=AXIS2_PLACEMENT_3D('',#6230,#4905,#4906);
#3951=AXIS2_PLACEMENT_3D('',#6232,#4907,#4908);
#3952=AXIS2_PLACEMENT_3D('',#6233,#4909,#4910);
#3953=AXIS2_PLACEMENT_3D('',#6237,#4912,#4913);
#3954=AXIS2_PLACEMENT_3D('',#6239,#4915,#4916);
#3955=AXIS2_PLACEMENT_3D('',#6244,#4918,#4919);
#3956=AXIS2_PLACEMENT_3D('',#6247,#4921,#4922);
#3957=AXIS2_PLACEMENT_3D('',#6248,#4923,#4924);
#3958=AXIS2_PLACEMENT_3D('',#6253,#4926,#4927);
#3959=AXIS2_PLACEMENT_3D('',#6256,#4929,#4930);
#3960=AXIS2_PLACEMENT_3D('',#6257,#4931,#4932);
#3961=AXIS2_PLACEMENT_3D('',#6261,#4934,#4935);
#3962=AXIS2_PLACEMENT_3D('',#6263,#4936,#4937);
#3963=AXIS2_PLACEMENT_3D('',#6265,#4938,#4939);
#3964=AXIS2_PLACEMENT_3D('',#6268,#4941,#4942);
#3965=AXIS2_PLACEMENT_3D('',#6269,#4943,#4944);
#3966=AXIS2_PLACEMENT_3D('',#6275,#4947,#4948);
#3967=AXIS2_PLACEMENT_3D('',#6277,#4949,#4950);
#3968=AXIS2_PLACEMENT_3D('',#6278,#4951,#4952);
#3969=AXIS2_PLACEMENT_3D('',#6280,#4953,#4954);
#3970=AXIS2_PLACEMENT_3D('',#6281,#4955,#4956);
#3971=AXIS2_PLACEMENT_3D('',#6285,#4959,#4960);
#3972=AXIS2_PLACEMENT_3D('',#6289,#4963,#4964);
#3973=AXIS2_PLACEMENT_3D('',#6293,#4967,#4968);
#3974=AXIS2_PLACEMENT_3D('',#6296,#4970,#4971);
#3975=AXIS2_PLACEMENT_3D('',#6297,#4972,#4973);
#3976=AXIS2_PLACEMENT_3D('',#6300,#4975,#4976);
#3977=AXIS2_PLACEMENT_3D('',#6301,#4977,#4978);
#3978=AXIS2_PLACEMENT_3D('',#6305,#4981,#4982);
#3979=AXIS2_PLACEMENT_3D('',#6307,#4983,#4984);
#3980=AXIS2_PLACEMENT_3D('',#6309,#4986,#4987);
#3981=AXIS2_PLACEMENT_3D('',#6312,#4989,#4990);
#3982=AXIS2_PLACEMENT_3D('',#6314,#4991,#4992);
#3983=AXIS2_PLACEMENT_3D('',#6318,#4995,#4996);
#3984=AXIS2_PLACEMENT_3D('',#6320,#4997,#4998);
#3985=AXIS2_PLACEMENT_3D('',#6321,#4999,#5000);
#3986=AXIS2_PLACEMENT_3D('',#6322,#5001,#5002);
#3987=AXIS2_PLACEMENT_3D('',#6323,#5003,#5004);
#3988=AXIS2_PLACEMENT_3D('',#6327,#5007,#5008);
#3989=AXIS2_PLACEMENT_3D('',#6328,#5009,#5010);
#3990=AXIS2_PLACEMENT_3D('',#6329,#5011,#5012);
#3991=AXIS2_PLACEMENT_3D('',#6333,#5015,#5016);
#3992=AXIS2_PLACEMENT_3D('',#6334,#5017,#5018);
#3993=AXIS2_PLACEMENT_3D('',#6335,#5019,#5020);
#3994=AXIS2_PLACEMENT_3D('',#6337,#5021,#5022);
#3995=AXIS2_PLACEMENT_3D('',#6338,#5023,#5024);
#3996=AXIS2_PLACEMENT_3D('',#6340,#5025,#5026);
#3997=AXIS2_PLACEMENT_3D('',#6341,#5027,#5028);
#3998=AXIS2_PLACEMENT_3D('',#6343,#5029,#5030);
#3999=AXIS2_PLACEMENT_3D('',#6344,#5031,#5032);
#4000=AXIS2_PLACEMENT_3D('',#6346,#5033,#5034);
#4001=AXIS2_PLACEMENT_3D('',#6348,#5035,#5036);
#4002=AXIS2_PLACEMENT_3D('',#6349,#5037,#5038);
#4003=AXIS2_PLACEMENT_3D('',#6351,#5039,#5040);
#4004=AXIS2_PLACEMENT_3D('',#6353,#5041,#5042);
#4005=AXIS2_PLACEMENT_3D('',#6354,#5043,#5044);
#4006=AXIS2_PLACEMENT_3D('',#6356,#5045,#5046);
#4007=AXIS2_PLACEMENT_3D('',#6358,#5047,#5048);
#4008=AXIS2_PLACEMENT_3D('',#6359,#5049,#5050);
#4009=AXIS2_PLACEMENT_3D('',#6361,#5051,#5052);
#4010=AXIS2_PLACEMENT_3D('',#6363,#5053,#5054);
#4011=AXIS2_PLACEMENT_3D('',#6364,#5055,#5056);
#4012=AXIS2_PLACEMENT_3D('',#6366,#5057,#5058);
#4013=AXIS2_PLACEMENT_3D('',#6367,#5059,#5060);
#4014=AXIS2_PLACEMENT_3D('',#6369,#5061,#5062);
#4015=AXIS2_PLACEMENT_3D('',#6370,#5063,#5064);
#4016=AXIS2_PLACEMENT_3D('',#6372,#5065,#5066);
#4017=AXIS2_PLACEMENT_3D('',#6373,#5067,#5068);
#4018=AXIS2_PLACEMENT_3D('',#6375,#5069,#5070);
#4019=AXIS2_PLACEMENT_3D('',#6376,#5071,#5072);
#4020=AXIS2_PLACEMENT_3D('',#6377,#5073,#5074);
#4021=AXIS2_PLACEMENT_3D('',#6378,#5075,#5076);
#4022=AXIS2_PLACEMENT_3D('',#6379,#5077,#5078);
#4023=AXIS2_PLACEMENT_3D('',#6381,#5079,#5080);
#4024=AXIS2_PLACEMENT_3D('',#6382,#5081,#5082);
#4025=AXIS2_PLACEMENT_3D('',#6384,#5083,#5084);
#4026=AXIS2_PLACEMENT_3D('',#6386,#5085,#5086);
#4027=AXIS2_PLACEMENT_3D('',#6387,#5087,#5088);
#4028=AXIS2_PLACEMENT_3D('',#6388,#5089,#5090);
#4029=AXIS2_PLACEMENT_3D('',#6389,#5091,#5092);
#4030=AXIS2_PLACEMENT_3D('',#6390,#5093,#5094);
#4031=DIRECTION('axis',(0.,0.,1.));
#4032=DIRECTION('refdir',(1.,0.,0.));
#4033=DIRECTION('center_axis',(-3.30339645544674E-16,1.,-9.22566838766105E-16));
#4034=DIRECTION('ref_axis',(-0.876129979673849,-7.34166830849515E-16,-0.482074951347507));
#4035=DIRECTION('',(3.30339645544674E-16,-1.,9.22566838766105E-16));
#4036=DIRECTION('center_axis',(0.,1.,0.));
#4037=DIRECTION('ref_axis',(-0.876129979673849,-7.34166830849515E-16,-0.482074951347507));
#4038=DIRECTION('',(-3.30339645544674E-16,1.,-9.22566838766105E-16));
#4039=DIRECTION('center_axis',(3.30339645544674E-16,-1.,9.22566838766105E-16));
#4040=DIRECTION('ref_axis',(-0.876129979673849,-7.34166830849515E-16,-0.482074951347507));
#4041=DIRECTION('',(3.30339645544674E-16,-1.,9.22566838766105E-16));
#4042=DIRECTION('center_axis',(3.30339645544674E-16,-1.,9.22566838766105E-16));
#4043=DIRECTION('ref_axis',(-0.876129979673849,-7.34166830849515E-16,-0.482074951347507));
#4044=DIRECTION('center_axis',(-0.241921895599673,-9.75079054100598E-16,
-0.970295726275995));
#4045=DIRECTION('ref_axis',(-0.970295726275995,0.,0.241921895599673));
#4046=DIRECTION('',(-0.970295726275995,0.,0.241921895599673));
#4047=DIRECTION('',(3.30339645544674E-16,-1.,9.22566838766105E-16));
#4048=DIRECTION('',(0.970295726275995,9.73380278398304E-17,-0.241921895599673));
#4049=DIRECTION('center_axis',(3.30339645544674E-16,-1.,9.22566838766105E-16));
#4050=DIRECTION('ref_axis',(-0.707106781186544,4.44089209850063E-16,0.707106781186551));
#4051=DIRECTION('center_axis',(-3.30339645544674E-16,1.,-9.22566838766105E-16));
#4052=DIRECTION('ref_axis',(-1.,0.,0.));
#4053=DIRECTION('',(0.292371704722735,-7.85673090300409E-16,-0.956304755963036));
#4054=DIRECTION('center_axis',(-3.30339645544674E-16,1.,-9.22566838766105E-16));
#4055=DIRECTION('ref_axis',(1.,0.,0.));
#4056=DIRECTION('',(-0.956304755963033,-4.61729347467932E-17,0.292371704722746));
#4057=DIRECTION('center_axis',(-3.30339645544674E-16,1.,-9.22566838766105E-16));
#4058=DIRECTION('ref_axis',(-1.,0.,0.));
#4059=DIRECTION('center_axis',(3.30339645544674E-16,-1.,9.22566838766105E-16));
#4060=DIRECTION('ref_axis',(-0.707106781186551,-8.85938671248746E-16,-0.707106781186544));
#4061=DIRECTION('center_axis',(3.30339645544674E-16,-1.,9.22566838766105E-16));
#4062=DIRECTION('ref_axis',(0.482074951347515,9.67536934250014E-16,0.876129979673844));
#4063=DIRECTION('center_axis',(0.970295726275998,5.4371626474321E-16,0.241921895599663));
#4064=DIRECTION('ref_axis',(0.241921895599663,-8.88178419700125E-16,-0.970295726275998));
#4065=DIRECTION('',(0.241921895599663,0.,-0.970295726275998));
#4066=DIRECTION('',(3.30339645544674E-16,-1.,9.22566838766105E-16));
#4067=DIRECTION('',(-0.241921895599663,8.1524626761682E-16,0.970295726275998));
#4068=DIRECTION('',(-3.30339645544674E-16,1.,-9.22566838766105E-16));
#4069=DIRECTION('center_axis',(-3.30339645544674E-16,1.,-9.22566838766105E-16));
#4070=DIRECTION('ref_axis',(0.482074951347515,9.67536934250014E-16,0.876129979673844));
#4071=DIRECTION('',(-3.30339645544674E-16,1.,-9.22566838766105E-16));
#4072=DIRECTION('',(-3.30339645544674E-16,1.,-9.22566838766105E-16));
#4073=DIRECTION('center_axis',(3.30339645544674E-16,-1.,9.22566838766105E-16));
#4074=DIRECTION('ref_axis',(0.482074951347515,9.67536934250014E-16,0.876129979673844));
#4075=DIRECTION('center_axis',(0.,1.,0.));
#4076=DIRECTION('ref_axis',(0.482074951347515,9.67536934250014E-16,0.876129979673844));
#4077=DIRECTION('center_axis',(3.30339645544674E-16,-1.,9.22566838766105E-16));
#4078=DIRECTION('ref_axis',(-0.707106781186551,-8.85938671248746E-16,-0.707106781186544));
#4079=DIRECTION('center_axis',(3.30339645544674E-16,-1.,9.22566838766105E-16));
#4080=DIRECTION('ref_axis',(-0.707106781186551,-8.85938671248746E-16,-0.707106781186544));
#4081=DIRECTION('center_axis',(-3.30339645544674E-16,1.,-9.22566838766105E-16));
#4082=DIRECTION('ref_axis',(0.893820849351115,-1.18436860933761E-16,-0.448424229123775));
#4083=DIRECTION('center_axis',(0.,1.,0.));
#4084=DIRECTION('ref_axis',(0.893820849351115,-1.18436860933761E-16,-0.448424229123775));
#4085=DIRECTION('center_axis',(3.30339645544674E-16,-1.,9.22566838766105E-16));
#4086=DIRECTION('ref_axis',(0.893820849351115,-1.18436860933761E-16,-0.448424229123775));
#4087=DIRECTION('',(3.30339645544674E-16,-1.,9.22566838766105E-16));
#4088=DIRECTION('center_axis',(3.30339645544674E-16,-1.,9.22566838766105E-16));
#4089=DIRECTION('ref_axis',(0.707106781186551,8.85938671248746E-16,0.707106781186544));
#4090=DIRECTION('center_axis',(0.,-1.,0.));
#4091=DIRECTION('ref_axis',(0.707106781186551,8.85938671248746E-16,0.707106781186544));
#4092=DIRECTION('center_axis',(-3.30339645544674E-16,1.,-9.22566838766105E-16));
#4093=DIRECTION('ref_axis',(0.707106781186551,8.85938671248746E-16,0.707106781186544));
#4094=DIRECTION('',(-3.30339645544674E-16,1.,-9.22566838766105E-16));
#4095=DIRECTION('center_axis',(-3.30339645544674E-16,1.,-9.22566838766105E-16));
#4096=DIRECTION('ref_axis',(0.448424229123765,-6.76477174506709E-16,-0.89382084935112));
#4097=DIRECTION('center_axis',(0.,1.,0.));
#4098=DIRECTION('ref_axis',(0.448424229123765,-6.76477174506709E-16,-0.89382084935112));
#4099=DIRECTION('center_axis',(3.30339645544674E-16,-1.,9.22566838766105E-16));
#4100=DIRECTION('ref_axis',(0.448424229123765,-6.76477174506709E-16,-0.89382084935112));
#4101=DIRECTION('center_axis',(-3.30339645544674E-16,1.,-9.22566838766105E-16));
#4102=DIRECTION('ref_axis',(0.707106781186544,-4.44089209850063E-16,-0.707106781186551));
#4103=DIRECTION('center_axis',(0.,1.,0.));
#4104=DIRECTION('ref_axis',(-1.,0.,0.));
#4105=DIRECTION('center_axis',(0.,-1.,0.));
#4106=DIRECTION('ref_axis',(-1.,0.,0.));
#4107=DIRECTION('',(0.,1.,0.));
#4108=DIRECTION('center_axis',(0.,1.,0.));
#4109=DIRECTION('ref_axis',(0.,0.,1.));
#4110=DIRECTION('center_axis',(0.,-1.,0.));
#4111=DIRECTION('ref_axis',(-1.,0.,0.));
#4112=DIRECTION('',(-0.956304755963033,0.,0.292371704722746));
#4113=DIRECTION('center_axis',(0.,-1.,0.));
#4114=DIRECTION('ref_axis',(1.,0.,0.));
#4115=DIRECTION('',(0.292371704722735,0.,-0.956304755963036));
#4116=DIRECTION('center_axis',(0.,1.,0.));
#4117=DIRECTION('ref_axis',(-1.,0.,0.));
#4118=DIRECTION('',(0.,-1.,0.));
#4119=DIRECTION('center_axis',(0.292371704722746,0.,0.956304755963033));
#4120=DIRECTION('ref_axis',(0.956304755963033,0.,-0.292371704722746));
#4121=DIRECTION('',(0.,-1.,0.));
#4122=DIRECTION('center_axis',(0.,-1.,0.));
#4123=DIRECTION('ref_axis',(1.,0.,0.));
#4124=DIRECTION('',(0.,1.,0.));
#4125=DIRECTION('center_axis',(-0.956304755963036,0.,-0.292371704722735));
#4126=DIRECTION('ref_axis',(-0.292371704722735,0.,0.956304755963036));
#4127=DIRECTION('center_axis',(-3.30339645544674E-16,1.,-9.22566838766105E-16));
#4128=DIRECTION('ref_axis',(0.876129979673849,7.34166830849515E-16,0.482074951347507));
#4129=DIRECTION('',(3.30339645544674E-16,-1.,9.22566838766105E-16));
#4130=DIRECTION('center_axis',(0.,1.,0.));
#4131=DIRECTION('ref_axis',(0.876129979673849,7.34166830849515E-16,0.482074951347507));
#4132=DIRECTION('',(-3.30339645544674E-16,1.,-9.22566838766105E-16));
#4133=DIRECTION('center_axis',(3.30339645544674E-16,-1.,9.22566838766105E-16));
#4134=DIRECTION('ref_axis',(0.876129979673849,7.34166830849515E-16,0.482074951347507));
#4135=DIRECTION('',(3.30339645544674E-16,-1.,9.22566838766105E-16));
#4136=DIRECTION('center_axis',(3.30339645544674E-16,-1.,9.22566838766105E-16));
#4137=DIRECTION('ref_axis',(0.876129979673849,7.34166830849515E-16,0.482074951347507));
#4138=DIRECTION('center_axis',(3.30339645544674E-16,-1.,9.22566838766105E-16));
#4139=DIRECTION('ref_axis',(-0.707106781186544,4.44089209850063E-16,0.707106781186551));
#4140=DIRECTION('center_axis',(-3.30339645544674E-16,1.,-9.22566838766105E-16));
#4141=DIRECTION('ref_axis',(-1.,0.,0.));
#4142=DIRECTION('center_axis',(3.30339645544674E-16,-1.,9.22566838766105E-16));
#4143=DIRECTION('ref_axis',(-0.707106781186551,-8.85938671248746E-16,-0.707106781186544));
#4144=DIRECTION('center_axis',(3.30339645544674E-16,-1.,9.22566838766105E-16));
#4145=DIRECTION('ref_axis',(-0.482074951347516,-9.67536934250014E-16,-0.876129979673844));
#4146=DIRECTION('center_axis',(-3.30339645544674E-16,1.,-9.22566838766105E-16));
#4147=DIRECTION('ref_axis',(-1.,0.,0.));
#4148=DIRECTION('',(-0.292371704722735,7.85673090300409E-16,0.956304755963036));
#4149=DIRECTION('center_axis',(-3.30339645544674E-16,1.,-9.22566838766105E-16));
#4150=DIRECTION('ref_axis',(1.,0.,0.));
#4151=DIRECTION('',(0.956304755963032,4.61729347467931E-17,-0.292371704722746));
#4152=DIRECTION('center_axis',(0.241921895599673,9.75079054100598E-16,0.970295726275995));
#4153=DIRECTION('ref_axis',(0.970295726275995,0.,-0.241921895599673));
#4154=DIRECTION('',(0.970295726275995,0.,-0.241921895599672));
#4155=DIRECTION('',(3.30339645544674E-16,-1.,9.22566838766105E-16));
#4156=DIRECTION('',(-0.970295726275995,-9.7338027839831E-17,0.241921895599672));
#4157=DIRECTION('center_axis',(-3.30339645544674E-16,1.,-9.22566838766105E-16));
#4158=DIRECTION('ref_axis',(-0.448424229123765,6.76477174506709E-16,0.89382084935112));
#4159=DIRECTION('center_axis',(0.,1.,0.));
#4160=DIRECTION('ref_axis',(-0.448424229123765,6.76477174506709E-16,0.89382084935112));
#4161=DIRECTION('',(-3.30339645544674E-16,1.,-9.22566838766105E-16));
#4162=DIRECTION('center_axis',(3.30339645544674E-16,-1.,9.22566838766105E-16));
#4163=DIRECTION('ref_axis',(-0.448424229123765,6.76477174506709E-16,0.89382084935112));
#4164=DIRECTION('center_axis',(3.30339645544674E-16,-1.,9.22566838766105E-16));
#4165=DIRECTION('ref_axis',(0.707106781186551,8.85938671248746E-16,0.707106781186544));
#4166=DIRECTION('center_axis',(0.,-1.,0.));
#4167=DIRECTION('ref_axis',(0.707106781186551,8.85938671248746E-16,0.707106781186544));
#4168=DIRECTION('',(3.30339645544674E-16,-1.,9.22566838766105E-16));
#4169=DIRECTION('center_axis',(-3.30339645544674E-16,1.,-9.22566838766105E-16));
#4170=DIRECTION('ref_axis',(0.707106781186551,8.85938671248746E-16,0.707106781186544));
#4171=DIRECTION('center_axis',(-3.30339645544674E-16,1.,-9.22566838766105E-16));
#4172=DIRECTION('ref_axis',(-0.893820849351115,1.18436860933762E-16,0.448424229123775));
#4173=DIRECTION('center_axis',(0.,1.,0.));
#4174=DIRECTION('ref_axis',(-0.893820849351115,1.18436860933762E-16,0.448424229123775));
#4175=DIRECTION('',(-3.30339645544674E-16,1.,-9.22566838766105E-16));
#4176=DIRECTION('center_axis',(3.30339645544674E-16,-1.,9.22566838766105E-16));
#4177=DIRECTION('ref_axis',(-0.893820849351115,1.18436860933762E-16,0.448424229123775));
#4178=DIRECTION('center_axis',(-0.970295726275998,-5.4371626474321E-16,
-0.241921895599662));
#4179=DIRECTION('ref_axis',(-0.241921895599662,8.88178419700125E-16,0.970295726275998));
#4180=DIRECTION('',(-0.241921895599662,0.,0.970295726275998));
#4181=DIRECTION('',(3.30339645544674E-16,-1.,9.22566838766105E-16));
#4182=DIRECTION('',(0.241921895599662,-8.15246267616821E-16,-0.970295726275998));
#4183=DIRECTION('center_axis',(3.30339645544674E-16,-1.,9.22566838766105E-16));
#4184=DIRECTION('ref_axis',(-0.707106781186551,-8.85938671248746E-16,-0.707106781186544));
#4185=DIRECTION('center_axis',(3.30339645544674E-16,-1.,9.22566838766105E-16));
#4186=DIRECTION('ref_axis',(-0.707106781186551,-8.85938671248746E-16,-0.707106781186544));
#4187=DIRECTION('',(-3.30339645544674E-16,1.,-9.22566838766105E-16));
#4188=DIRECTION('center_axis',(-3.30339645544674E-16,1.,-9.22566838766105E-16));
#4189=DIRECTION('ref_axis',(0.707106781186544,-4.44089209850063E-16,-0.707106781186551));
#4190=DIRECTION('center_axis',(3.30339645544674E-16,-1.,9.22566838766105E-16));
#4191=DIRECTION('ref_axis',(-0.482074951347516,-9.67536934250014E-16,-0.876129979673844));
#4192=DIRECTION('center_axis',(-3.30339645544674E-16,1.,-9.22566838766105E-16));
#4193=DIRECTION('ref_axis',(-0.482074951347516,-9.67536934250014E-16,-0.876129979673844));
#4194=DIRECTION('',(-3.30339645544674E-16,1.,-9.22566838766105E-16));
#4195=DIRECTION('center_axis',(0.,1.,0.));
#4196=DIRECTION('ref_axis',(-0.482074951347516,-9.67536934250014E-16,-0.876129979673844));
#4197=DIRECTION('center_axis',(0.,1.,0.));
#4198=DIRECTION('ref_axis',(-1.,0.,0.));
#4199=DIRECTION('',(0.,-1.,0.));
#4200=DIRECTION('center_axis',(0.,-1.,0.));
#4201=DIRECTION('ref_axis',(-1.,0.,0.));
#4202=DIRECTION('center_axis',(-0.292371704722746,0.,-0.956304755963033));
#4203=DIRECTION('ref_axis',(-0.956304755963033,0.,0.292371704722746));
#4204=DIRECTION('',(0.,-1.,0.));
#4205=DIRECTION('',(0.956304755963033,0.,-0.292371704722746));
#4206=DIRECTION('center_axis',(0.956304755963036,0.,0.292371704722735));
#4207=DIRECTION('ref_axis',(0.292371704722735,0.,-0.956304755963036));
#4208=DIRECTION('',(0.,1.,0.));
#4209=DIRECTION('',(-0.292371704722735,0.,0.956304755963036));
#4210=DIRECTION('',(0.,1.,0.));
#4211=DIRECTION('center_axis',(0.,1.,0.));
#4212=DIRECTION('ref_axis',(-1.,0.,0.));
#4213=DIRECTION('center_axis',(0.,-1.,0.));
#4214=DIRECTION('ref_axis',(-1.,0.,0.));
#4215=DIRECTION('center_axis',(0.,1.,0.));
#4216=DIRECTION('ref_axis',(0.,0.,1.));
#4217=DIRECTION('center_axis',(0.,-1.,0.));
#4218=DIRECTION('ref_axis',(1.,0.,0.));
#4219=DIRECTION('center_axis',(0.,-1.,0.));
#4220=DIRECTION('ref_axis',(1.,0.,0.));
#4221=DIRECTION('center_axis',(0.956304755963033,0.,-0.292371704722747));
#4222=DIRECTION('ref_axis',(-0.292371704722747,0.,-0.956304755963033));
#4223=DIRECTION('',(0.292371704722747,9.78837020911211E-16,0.956304755963032));
#4224=DIRECTION('',(0.,-1.,0.));
#4225=DIRECTION('',(0.292371704722746,0.,0.956304755963032));
#4226=DIRECTION('',(0.,-1.,0.));
#4227=DIRECTION('center_axis',(-0.292371704722735,0.,0.956304755963036));
#4228=DIRECTION('ref_axis',(0.956304755963036,0.,0.292371704722735));
#4229=DIRECTION('',(-0.956304755963036,-5.85637813488226E-16,-0.292371704722735));
#4230=DIRECTION('',(0.,1.,0.));
#4231=DIRECTION('',(-0.956304755963036,0.,-0.292371704722735));
#4232=DIRECTION('',(0.,1.,0.));
#4233=DIRECTION('center_axis',(0.,1.,0.));
#4234=DIRECTION('ref_axis',(-1.,0.,0.));
#4235=DIRECTION('center_axis',(-3.30339645544674E-16,1.,-9.22566838766105E-16));
#4236=DIRECTION('ref_axis',(-1.,0.,0.));
#4237=DIRECTION('center_axis',(0.,-1.,0.));
#4238=DIRECTION('ref_axis',(-1.,0.,0.));
#4239=DIRECTION('',(3.30339645544674E-16,-1.,9.22566838766105E-16));
#4240=DIRECTION('center_axis',(0.,1.,0.));
#4241=DIRECTION('ref_axis',(-1.,0.,0.));
#4242=DIRECTION('',(-3.30339645544674E-16,1.,-9.22566838766105E-16));
#4243=DIRECTION('center_axis',(0.,-1.,0.));
#4244=DIRECTION('ref_axis',(-1.,0.,0.));
#4245=DIRECTION('center_axis',(-3.30339645544674E-16,1.,-9.22566838766105E-16));
#4246=DIRECTION('ref_axis',(-1.,0.,0.));
#4247=DIRECTION('center_axis',(0.,-1.,0.));
#4248=DIRECTION('ref_axis',(1.,0.,0.));
#4249=DIRECTION('center_axis',(-3.30339645544674E-16,1.,-9.22566838766105E-16));
#4250=DIRECTION('ref_axis',(1.,0.,0.));
#4251=DIRECTION('center_axis',(0.,-1.,0.));
#4252=DIRECTION('ref_axis',(1.,0.,0.));
#4253=DIRECTION('center_axis',(0.,1.,0.));
#4254=DIRECTION('ref_axis',(0.,0.,1.));
#4255=DIRECTION('center_axis',(0.,1.,0.));
#4256=DIRECTION('ref_axis',(0.876129979673845,-1.55325896976479E-16,-0.482074951347514));
#4257=DIRECTION('',(-0.970295726275998,0.,-0.241921895599663));
#4258=DIRECTION('center_axis',(0.,1.,0.));
#4259=DIRECTION('ref_axis',(-0.448424229123775,-9.72741776311484E-16,-0.893820849351115));
#4260=DIRECTION('center_axis',(0.,-1.,0.));
#4261=DIRECTION('ref_axis',(0.707106781186551,8.85938671248746E-16,0.707106781186544));
#4262=DIRECTION('center_axis',(0.,1.,0.));
#4263=DIRECTION('ref_axis',(-0.89382084935112,-7.08965786043927E-16,-0.448424229123765));
#4264=DIRECTION('',(0.241921895599673,0.,0.970295726275995));
#4265=DIRECTION('center_axis',(0.,1.,0.));
#4266=DIRECTION('ref_axis',(-0.482074951347507,6.49039997141813E-16,0.876129979673849));
#4267=DIRECTION('center_axis',(0.241921895599663,-8.15246267616821E-16,
-0.970295726275998));
#4268=DIRECTION('ref_axis',(-0.970295726275998,-4.44089209850063E-16,-0.241921895599663));
#4269=DIRECTION('',(3.30339645544674E-16,-1.,9.22566838766105E-16));
#4270=DIRECTION('',(0.970295726275998,5.4371626474321E-16,0.241921895599663));
#4271=DIRECTION('',(-3.30339645544674E-16,1.,-9.22566838766105E-16));
#4272=DIRECTION('center_axis',(-0.970295726275995,-9.73380278398309E-17,
0.241921895599673));
#4273=DIRECTION('ref_axis',(0.241921895599673,8.88178419700125E-16,0.970295726275995));
#4274=DIRECTION('',(3.30339645544674E-16,-1.,9.22566838766105E-16));
#4275=DIRECTION('',(-0.241921895599673,-9.75079054100598E-16,-0.970295726275995));
#4276=DIRECTION('',(-3.30339645544674E-16,1.,-9.22566838766105E-16));
#4277=DIRECTION('center_axis',(-3.30339645544674E-16,1.,-9.22566838766105E-16));
#4278=DIRECTION('ref_axis',(0.707106781186544,-4.44089209850063E-16,-0.707106781186551));
#4279=DIRECTION('center_axis',(3.30339645544674E-16,-1.,9.22566838766105E-16));
#4280=DIRECTION('ref_axis',(-0.448424229123775,-9.72741776311484E-16,-0.893820849351115));
#4281=DIRECTION('center_axis',(3.30339645544674E-16,-1.,9.22566838766105E-16));
#4282=DIRECTION('ref_axis',(0.876129979673845,-1.55325896976479E-16,-0.482074951347514));
#4283=DIRECTION('center_axis',(3.30339645544674E-16,-1.,9.22566838766105E-16));
#4284=DIRECTION('ref_axis',(-0.707106781186551,-8.85938671248746E-16,-0.707106781186544));
#4285=DIRECTION('center_axis',(3.30339645544674E-16,-1.,9.22566838766105E-16));
#4286=DIRECTION('ref_axis',(-0.482074951347507,6.49039997141813E-16,0.876129979673849));
#4287=DIRECTION('center_axis',(3.30339645544674E-16,-1.,9.22566838766105E-16));
#4288=DIRECTION('ref_axis',(-0.89382084935112,-7.08965786043927E-16,-0.448424229123765));
#4289=DIRECTION('center_axis',(-3.30339645544674E-16,1.,-9.22566838766105E-16));
#4290=DIRECTION('ref_axis',(0.707106781186551,8.85938671248746E-16,0.707106781186544));
#4291=DIRECTION('center_axis',(-3.30339645544674E-16,1.,-9.22566838766105E-16));
#4292=DIRECTION('ref_axis',(-0.89382084935112,-7.08965786043927E-16,-0.448424229123765));
#4293=DIRECTION('',(-3.30339645544674E-16,1.,-9.22566838766105E-16));
#4294=DIRECTION('center_axis',(3.30339645544674E-16,-1.,9.22566838766105E-16));
#4295=DIRECTION('ref_axis',(0.707106781186551,8.85938671248746E-16,0.707106781186544));
#4296=DIRECTION('',(3.30339645544674E-16,-1.,9.22566838766105E-16));
#4297=DIRECTION('center_axis',(-3.30339645544674E-16,1.,-9.22566838766105E-16));
#4298=DIRECTION('ref_axis',(-0.448424229123775,-9.72741776311484E-16,-0.893820849351115));
#4299=DIRECTION('center_axis',(3.30339645544674E-16,-1.,9.22566838766105E-16));
#4300=DIRECTION('ref_axis',(-0.707106781186551,-8.85938671248746E-16,-0.707106781186544));
#4301=DIRECTION('center_axis',(3.30339645544674E-16,-1.,9.22566838766105E-16));
#4302=DIRECTION('ref_axis',(-0.707106781186551,-8.85938671248746E-16,-0.707106781186544));
#4303=DIRECTION('',(3.30339645544674E-16,-1.,9.22566838766105E-16));
#4304=DIRECTION('',(-3.30339645544674E-16,1.,-9.22566838766105E-16));
#4305=DIRECTION('center_axis',(-3.30339645544674E-16,1.,-9.22566838766105E-16));
#4306=DIRECTION('ref_axis',(0.876129979673845,-1.55325896976479E-16,-0.482074951347514));
#4307=DIRECTION('center_axis',(3.30339645544674E-16,-1.,9.22566838766105E-16));
#4308=DIRECTION('ref_axis',(0.876129979673845,-1.55325896976479E-16,-0.482074951347514));
#4309=DIRECTION('center_axis',(3.30339645544674E-16,-1.,9.22566838766105E-16));
#4310=DIRECTION('ref_axis',(-0.707106781186544,4.44089209850063E-16,0.707106781186551));
#4311=DIRECTION('center_axis',(3.30339645544674E-16,-1.,9.22566838766105E-16));
#4312=DIRECTION('ref_axis',(-0.482074951347507,6.49039997141813E-16,0.876129979673849));
#4313=DIRECTION('center_axis',(-3.30339645544674E-16,1.,-9.22566838766105E-16));
#4314=DIRECTION('ref_axis',(-0.482074951347507,6.49039997141813E-16,0.876129979673849));
#4315=DIRECTION('center_axis',(-3.30339645544674E-16,1.,-9.22566838766105E-16));
#4316=DIRECTION('ref_axis',(0.482074951347505,-6.49039997141814E-16,-0.87612997967385));
#4317=DIRECTION('',(3.30339645544674E-16,-1.,9.22566838766105E-16));
#4318=DIRECTION('center_axis',(0.,1.,0.));
#4319=DIRECTION('ref_axis',(0.482074951347505,-6.49039997141814E-16,-0.87612997967385));
#4320=DIRECTION('',(-3.30339645544674E-16,1.,-9.22566838766105E-16));
#4321=DIRECTION('center_axis',(3.30339645544674E-16,-1.,9.22566838766105E-16));
#4322=DIRECTION('ref_axis',(0.482074951347505,-6.49039997141814E-16,-0.87612997967385));
#4323=DIRECTION('',(3.30339645544674E-16,-1.,9.22566838766105E-16));
#4324=DIRECTION('center_axis',(3.30339645544674E-16,-1.,9.22566838766105E-16));
#4325=DIRECTION('ref_axis',(0.482074951347505,-6.49039997141814E-16,-0.87612997967385));
#4326=DIRECTION('center_axis',(3.30339645544674E-16,-1.,9.22566838766105E-16));
#4327=DIRECTION('ref_axis',(-0.707106781186544,4.44089209850063E-16,0.707106781186551));
#4328=DIRECTION('center_axis',(-3.30339645544674E-16,1.,-9.22566838766105E-16));
#4329=DIRECTION('ref_axis',(-1.,0.,0.));
#4330=DIRECTION('',(0.956304755963036,5.85637813488226E-16,0.292371704722735));
#4331=DIRECTION('center_axis',(-3.30339645544674E-16,1.,-9.22566838766105E-16));
#4332=DIRECTION('ref_axis',(1.,0.,0.));
#4333=DIRECTION('',(-0.292371704722746,-9.78837020911211E-16,-0.956304755963033));
#4334=DIRECTION('center_axis',(-3.30339645544674E-16,1.,-9.22566838766105E-16));
#4335=DIRECTION('ref_axis',(-1.,0.,0.));
#4336=DIRECTION('center_axis',(3.30339645544674E-16,-1.,9.22566838766105E-16));
#4337=DIRECTION('ref_axis',(-0.707106781186551,-8.85938671248746E-16,-0.707106781186544));
#4338=DIRECTION('center_axis',(3.30339645544674E-16,-1.,9.22566838766105E-16));
#4339=DIRECTION('ref_axis',(-0.876129979673844,1.55325896976482E-16,0.482074951347516));
#4340=DIRECTION('center_axis',(-0.241921895599663,8.15246267616821E-16,
0.970295726275998));
#4341=DIRECTION('ref_axis',(0.970295726275998,4.44089209850063E-16,0.241921895599663));
#4342=DIRECTION('',(0.970295726275998,0.,0.241921895599663));
#4343=DIRECTION('',(3.30339645544674E-16,-1.,9.22566838766105E-16));
#4344=DIRECTION('',(-0.970295726275998,-5.43716264743209E-16,-0.241921895599663));
#4345=DIRECTION('',(-3.30339645544674E-16,1.,-9.22566838766105E-16));
#4346=DIRECTION('center_axis',(-3.30339645544674E-16,1.,-9.22566838766105E-16));
#4347=DIRECTION('ref_axis',(-0.876129979673844,1.55325896976482E-16,0.482074951347516));
#4348=DIRECTION('',(-3.30339645544674E-16,1.,-9.22566838766105E-16));
#4349=DIRECTION('',(-3.30339645544674E-16,1.,-9.22566838766105E-16));
#4350=DIRECTION('center_axis',(3.30339645544674E-16,-1.,9.22566838766105E-16));
#4351=DIRECTION('ref_axis',(-0.876129979673844,1.55325896976482E-16,0.482074951347516));
#4352=DIRECTION('center_axis',(0.,1.,0.));
#4353=DIRECTION('ref_axis',(-0.876129979673844,1.55325896976482E-16,0.482074951347516));
#4354=DIRECTION('center_axis',(3.30339645544674E-16,-1.,9.22566838766105E-16));
#4355=DIRECTION('ref_axis',(-0.707106781186551,-8.85938671248746E-16,-0.707106781186544));
#4356=DIRECTION('center_axis',(3.30339645544674E-16,-1.,9.22566838766105E-16));
#4357=DIRECTION('ref_axis',(-0.707106781186551,-8.85938671248746E-16,-0.707106781186544));
#4358=DIRECTION('center_axis',(0.970295726275995,9.73380278398304E-17,-0.241921895599673));
#4359=DIRECTION('ref_axis',(-0.241921895599673,-8.88178419700125E-16,-0.970295726275995));
#4360=DIRECTION('',(-0.241921895599673,0.,-0.970295726275995));
#4361=DIRECTION('',(3.30339645544674E-16,-1.,9.22566838766105E-16));
#4362=DIRECTION('',(0.241921895599673,9.75079054100598E-16,0.970295726275995));
#4363=DIRECTION('center_axis',(-3.30339645544674E-16,1.,-9.22566838766105E-16));
#4364=DIRECTION('ref_axis',(0.448424229123775,9.72741776311484E-16,0.893820849351115));
#4365=DIRECTION('center_axis',(0.,1.,0.));
#4366=DIRECTION('ref_axis',(0.448424229123775,9.72741776311484E-16,0.893820849351115));
#4367=DIRECTION('center_axis',(3.30339645544674E-16,-1.,9.22566838766105E-16));
#4368=DIRECTION('ref_axis',(0.448424229123775,9.72741776311484E-16,0.893820849351115));
#4369=DIRECTION('',(3.30339645544674E-16,-1.,9.22566838766105E-16));
#4370=DIRECTION('center_axis',(3.30339645544674E-16,-1.,9.22566838766105E-16));
#4371=DIRECTION('ref_axis',(0.707106781186551,8.85938671248746E-16,0.707106781186544));
#4372=DIRECTION('center_axis',(0.,-1.,0.));
#4373=DIRECTION('ref_axis',(0.707106781186551,8.85938671248746E-16,0.707106781186544));
#4374=DIRECTION('center_axis',(-3.30339645544674E-16,1.,-9.22566838766105E-16));
#4375=DIRECTION('ref_axis',(0.707106781186551,8.85938671248746E-16,0.707106781186544));
#4376=DIRECTION('',(-3.30339645544674E-16,1.,-9.22566838766105E-16));
#4377=DIRECTION('center_axis',(-3.30339645544674E-16,1.,-9.22566838766105E-16));
#4378=DIRECTION('ref_axis',(0.89382084935112,7.08965786043928E-16,0.448424229123765));
#4379=DIRECTION('center_axis',(0.,1.,0.));
#4380=DIRECTION('ref_axis',(0.89382084935112,7.08965786043928E-16,0.448424229123765));
#4381=DIRECTION('center_axis',(3.30339645544674E-16,-1.,9.22566838766105E-16));
#4382=DIRECTION('ref_axis',(0.89382084935112,7.08965786043928E-16,0.448424229123765));
#4383=DIRECTION('center_axis',(-3.30339645544674E-16,1.,-9.22566838766105E-16));
#4384=DIRECTION('ref_axis',(0.707106781186544,-4.44089209850063E-16,-0.707106781186551));
#4385=DIRECTION('center_axis',(0.,1.,0.));
#4386=DIRECTION('ref_axis',(0.,0.,1.));
#4387=DIRECTION('center_axis',(0.,-1.,0.));
#4388=DIRECTION('ref_axis',(-1.,0.,0.));
#4389=DIRECTION('',(-0.292371704722746,0.,-0.956304755963033));
#4390=DIRECTION('center_axis',(0.,-1.,0.));
#4391=DIRECTION('ref_axis',(1.,0.,0.));
#4392=DIRECTION('',(0.956304755963036,0.,0.292371704722735));
#4393=DIRECTION('center_axis',(0.,-1.,0.));
#4394=DIRECTION('ref_axis',(-1.,0.,0.));
#4395=DIRECTION('center_axis',(0.,-1.,0.));
#4396=DIRECTION('ref_axis',(1.,0.,0.));
#4397=DIRECTION('',(0.,1.,0.));
#4398=DIRECTION('',(0.,-1.,0.));
#4399=DIRECTION('center_axis',(0.,1.,0.));
#4400=DIRECTION('ref_axis',(-1.,0.,0.));
#4401=DIRECTION('',(0.,1.,0.));
#4402=DIRECTION('center_axis',(0.,1.,0.));
#4403=DIRECTION('ref_axis',(-1.,0.,0.));
#4404=DIRECTION('',(0.,-1.,0.));
#4405=DIRECTION('center_axis',(0.292371704722735,0.,-0.956304755963036));
#4406=DIRECTION('ref_axis',(-0.956304755963036,0.,-0.292371704722735));
#4407=DIRECTION('center_axis',(-0.956304755963033,0.,0.292371704722746));
#4408=DIRECTION('ref_axis',(0.292371704722746,0.,0.956304755963033));
#4409=DIRECTION('center_axis',(0.866025403784439,9.72312508285E-16,0.5));
#4410=DIRECTION('ref_axis',(-0.0046674932841817,-0.999956428063627,0.00808433551219118));
#4411=DIRECTION('center_axis',(-0.866025403784439,-9.72312508285E-16,-0.5));
#4412=DIRECTION('ref_axis',(-0.0046674932841817,-0.999956428063627,0.00808433551219118));
#4413=DIRECTION('center_axis',(0.866025403784439,9.81592405226632E-17,0.5));
#4414=DIRECTION('ref_axis',(0.00466749328418246,0.999956428063627,-0.00808433551219074));
#4415=DIRECTION('center_axis',(-0.866025403784439,-1.03435898983457E-16,
-0.5));
#4416=DIRECTION('ref_axis',(0.00466749328418245,0.999956428063627,-0.00808433551219074));
#4417=DIRECTION('center_axis',(-0.866025403784439,-1.03435898983457E-16,
-0.5));
#4418=DIRECTION('ref_axis',(0.00466749328418246,0.999956428063627,-0.00808433551219074));
#4419=DIRECTION('center_axis',(-0.866025403784439,-1.03435898983457E-16,
-0.5));
#4420=DIRECTION('ref_axis',(0.00466749328418237,0.999956428063627,-0.00808433551219068));
#4421=DIRECTION('center_axis',(-0.866025403784439,-1.03435898983457E-16,
-0.5));
#4422=DIRECTION('ref_axis',(0.00466749328418237,0.999956428063627,-0.00808433551219068));
#4423=DIRECTION('center_axis',(-0.866025403784439,-1.03435898983457E-16,
-0.5));
#4424=DIRECTION('ref_axis',(0.00466749328418245,0.999956428063627,-0.00808433551219074));
#4425=DIRECTION('center_axis',(0.866025403784439,1.03435898983457E-16,0.5));
#4426=DIRECTION('ref_axis',(-0.00466749328418245,-0.999956428063627,0.00808433551219074));
#4427=DIRECTION('center_axis',(-0.866025403784439,4.24550834698839E-15,
-0.5));
#4428=DIRECTION('ref_axis',(-0.0046674932841862,-0.999956428063627,0.00808433551218858));
#4429=DIRECTION('center_axis',(-0.499978214031813,0.00933498656836509,0.865987669380648));
#4430=DIRECTION('ref_axis',(0.866025403784439,9.34964019221992E-16,0.5));
#4431=DIRECTION('center_axis',(-0.461618259688394,0.843178935590976,-0.275604544407247));
#4432=DIRECTION('ref_axis',(-0.732755326023507,-0.53755198874289,-0.417261898072118));
#4433=DIRECTION('center_axis',(0.461618259688395,-0.843178935590975,0.275604544407248));
#4434=DIRECTION('ref_axis',(-0.732755326023506,-0.537551988742892,-0.417261898072118));
#4435=DIRECTION('center_axis',(-0.461618259688394,0.843178935590976,-0.275604544407247));
#4436=DIRECTION('ref_axis',(-0.732755326023507,-0.53755198874289,-0.417261898072118));
#4437=DIRECTION('center_axis',(0.499978214031813,-0.00933498656836509,-0.865987669380648));
#4438=DIRECTION('ref_axis',(-0.866025403784439,-7.73620670772183E-16,-0.5));
#4439=DIRECTION('center_axis',(0.866025403784439,9.72312508285E-16,0.5));
#4440=DIRECTION('ref_axis',(-0.0046674932841817,-0.999956428063627,0.00808433551219118));
#4441=DIRECTION('center_axis',(-0.866025403784439,-9.72312508285E-16,-0.5));
#4442=DIRECTION('ref_axis',(-0.0046674932841817,-0.999956428063627,0.00808433551219118));
#4443=DIRECTION('center_axis',(0.866025403784439,9.81592405226632E-17,0.5));
#4444=DIRECTION('ref_axis',(0.00466749328418246,0.999956428063627,-0.00808433551219074));
#4445=DIRECTION('center_axis',(-0.866025403784439,-1.03435898983457E-16,
-0.5));
#4446=DIRECTION('ref_axis',(0.00466749328418245,0.999956428063627,-0.00808433551219074));
#4447=DIRECTION('center_axis',(-0.866025403784439,-1.03435898983457E-16,
-0.5));
#4448=DIRECTION('ref_axis',(0.00466749328418246,0.999956428063627,-0.00808433551219074));
#4449=DIRECTION('center_axis',(-0.866025403784439,-1.03435898983457E-16,
-0.5));
#4450=DIRECTION('ref_axis',(0.00466749328418237,0.999956428063628,-0.00808433551219068));
#4451=DIRECTION('center_axis',(0.866025403784439,1.03435898983457E-16,0.5));
#4452=DIRECTION('ref_axis',(-0.00466749328418245,-0.999956428063627,0.00808433551219074));
#4453=DIRECTION('center_axis',(-0.866025403784439,4.24550834698839E-15,
-0.5));
#4454=DIRECTION('ref_axis',(-0.0046674932841862,-0.999956428063627,0.00808433551218858));
#4455=DIRECTION('center_axis',(-0.866025403784439,4.24550834698839E-15,
-0.5));
#4456=DIRECTION('ref_axis',(-0.0046674932841862,-0.999956428063627,0.00808433551218858));
#4457=DIRECTION('center_axis',(-0.499978214031813,0.00933498656836509,0.865987669380648));
#4458=DIRECTION('ref_axis',(0.866025403784439,7.73620670772178E-16,0.5));
#4459=DIRECTION('center_axis',(-0.461618259688394,0.843178935590976,-0.275604544407247));
#4460=DIRECTION('ref_axis',(-0.732755326023507,-0.53755198874289,-0.417261898072118));
#4461=DIRECTION('center_axis',(0.461618259688395,-0.843178935590975,0.275604544407248));
#4462=DIRECTION('ref_axis',(-0.732755326023506,-0.537551988742892,-0.417261898072118));
#4463=DIRECTION('center_axis',(-0.461618259688394,0.843178935590976,-0.275604544407247));
#4464=DIRECTION('ref_axis',(-0.732755326023507,-0.53755198874289,-0.417261898072118));
#4465=DIRECTION('center_axis',(0.499978214031813,-0.00933498656836509,-0.865987669380648));
#4466=DIRECTION('ref_axis',(-0.866025403784439,-9.34964019221995E-16,-0.5));
#4467=DIRECTION('center_axis',(0.866025403784439,1.03435898983457E-16,0.5));
#4468=DIRECTION('ref_axis',(-0.00466749328418237,-0.999956428063627,0.00808433551219068));
#4469=DIRECTION('center_axis',(0.866025403784439,9.72312508285E-16,0.5));
#4470=DIRECTION('ref_axis',(-0.0046674932841817,-0.999956428063627,0.00808433551219118));
#4471=DIRECTION('center_axis',(-0.866025403784439,-9.72312508285E-16,-0.5));
#4472=DIRECTION('ref_axis',(-0.0046674932841817,-0.999956428063627,0.00808433551219118));
#4473=DIRECTION('center_axis',(0.866025403784439,9.81592405226632E-17,0.5));
#4474=DIRECTION('ref_axis',(0.00466749328418246,0.999956428063627,-0.00808433551219074));
#4475=DIRECTION('center_axis',(-0.866025403784439,-1.03435898983457E-16,
-0.5));
#4476=DIRECTION('ref_axis',(0.00466749328418245,0.999956428063627,-0.00808433551219074));
#4477=DIRECTION('center_axis',(-0.866025403784439,-1.03435898983457E-16,
-0.5));
#4478=DIRECTION('ref_axis',(0.00466749328418246,0.999956428063627,-0.00808433551219074));
#4479=DIRECTION('center_axis',(-0.866025403784439,-1.03435898983457E-16,
-0.5));
#4480=DIRECTION('ref_axis',(0.00466749328418237,0.999956428063627,-0.00808433551219068));
#4481=DIRECTION('center_axis',(-0.866025403784439,-1.03435898983457E-16,
-0.5));
#4482=DIRECTION('ref_axis',(0.00466749328418237,0.999956428063627,-0.00808433551219068));
#4483=DIRECTION('center_axis',(-0.866025403784439,-1.03435898983457E-16,
-0.5));
#4484=DIRECTION('ref_axis',(0.00466749328418245,0.999956428063627,-0.00808433551219074));
#4485=DIRECTION('center_axis',(0.866025403784439,1.03435898983457E-16,0.5));
#4486=DIRECTION('ref_axis',(-0.00466749328418245,-0.999956428063627,0.00808433551219074));
#4487=DIRECTION('center_axis',(-0.866025403784439,4.24550834698839E-15,
-0.5));
#4488=DIRECTION('ref_axis',(-0.0046674932841862,-0.999956428063627,0.00808433551218858));
#4489=DIRECTION('center_axis',(-0.499978214031813,0.00933498656836509,0.865987669380648));
#4490=DIRECTION('ref_axis',(0.866025403784439,5.82794238648375E-16,0.5));
#4491=DIRECTION('center_axis',(-0.461618259688394,0.843178935590976,-0.275604544407247));
#4492=DIRECTION('ref_axis',(-0.732755326023507,-0.53755198874289,-0.417261898072118));
#4493=DIRECTION('center_axis',(0.461618259688395,-0.843178935590975,0.275604544407248));
#4494=DIRECTION('ref_axis',(-0.732755326023506,-0.537551988742892,-0.417261898072118));
#4495=DIRECTION('center_axis',(-0.461618259688394,0.843178935590976,-0.275604544407247));
#4496=DIRECTION('ref_axis',(-0.732755326023507,-0.53755198874289,-0.417261898072118));
#4497=DIRECTION('center_axis',(0.499978214031813,-0.00933498656836509,-0.865987669380648));
#4498=DIRECTION('ref_axis',(-0.866025403784439,-5.82794238648377E-16,-0.5));
#4499=DIRECTION('center_axis',(0.866025403784439,9.72312508285E-16,0.5));
#4500=DIRECTION('ref_axis',(-0.0046674932841817,-0.999956428063627,0.00808433551219118));
#4501=DIRECTION('center_axis',(-0.866025403784439,-9.72312508285E-16,-0.5));
#4502=DIRECTION('ref_axis',(-0.0046674932841817,-0.999956428063627,0.00808433551219118));
#4503=DIRECTION('center_axis',(0.866025403784439,9.81592405226632E-17,0.5));
#4504=DIRECTION('ref_axis',(0.00466749328418246,0.999956428063627,-0.00808433551219074));
#4505=DIRECTION('center_axis',(-0.866025403784439,-1.03435898983457E-16,
-0.5));
#4506=DIRECTION('ref_axis',(0.00466749328418245,0.999956428063627,-0.00808433551219074));
#4507=DIRECTION('center_axis',(-0.866025403784439,-1.03435898983457E-16,
-0.5));
#4508=DIRECTION('ref_axis',(0.00466749328418246,0.999956428063627,-0.00808433551219074));
#4509=DIRECTION('center_axis',(-0.866025403784439,-1.03435898983457E-16,
-0.5));
#4510=DIRECTION('ref_axis',(0.00466749328418237,0.999956428063627,-0.00808433551219068));
#4511=DIRECTION('center_axis',(-0.866025403784439,-1.03435898983457E-16,
-0.5));
#4512=DIRECTION('ref_axis',(0.00466749328418237,0.999956428063627,-0.00808433551219068));
#4513=DIRECTION('center_axis',(-0.866025403784439,-1.03435898983457E-16,
-0.5));
#4514=DIRECTION('ref_axis',(0.00466749328418245,0.999956428063627,-0.00808433551219074));
#4515=DIRECTION('center_axis',(0.866025403784439,1.03435898983457E-16,0.5));
#4516=DIRECTION('ref_axis',(-0.00466749328418245,-0.999956428063627,0.00808433551219074));
#4517=DIRECTION('center_axis',(-0.866025403784439,4.24550834698839E-15,
-0.5));
#4518=DIRECTION('ref_axis',(-0.0046674932841862,-0.999956428063627,0.00808433551218858));
#4519=DIRECTION('center_axis',(-0.499978214031813,0.00933498656836509,0.865987669380648));
#4520=DIRECTION('ref_axis',(0.866025403784439,5.82794238648375E-16,0.5));
#4521=DIRECTION('center_axis',(-0.461618259688394,0.843178935590976,-0.275604544407247));
#4522=DIRECTION('ref_axis',(-0.732755326023507,-0.53755198874289,-0.417261898072118));
#4523=DIRECTION('center_axis',(0.461618259688395,-0.843178935590975,0.275604544407248));
#4524=DIRECTION('ref_axis',(-0.732755326023506,-0.537551988742892,-0.417261898072118));
#4525=DIRECTION('center_axis',(-0.461618259688394,0.843178935590976,-0.275604544407247));
#4526=DIRECTION('ref_axis',(-0.732755326023507,-0.53755198874289,-0.417261898072118));
#4527=DIRECTION('center_axis',(0.499978214031813,-0.00933498656836509,-0.865987669380648));
#4528=DIRECTION('ref_axis',(-0.866025403784439,-5.82794238648377E-16,-0.5));
#4529=DIRECTION('center_axis',(0.523189991870913,-5.01137968727568E-17,
-0.852216071431485));
#4530=DIRECTION('ref_axis',(-0.852216071431485,0.,-0.523189991870913));
#4531=DIRECTION('',(-0.852216071431485,8.16295872608238E-17,-0.523189991870913));
#4532=DIRECTION('',(-9.57850831464711E-17,-1.,-8.41051133471564E-32));
#4533=DIRECTION('',(0.852216071431485,-8.16295872608238E-17,0.523189991870913));
#4534=DIRECTION('',(-9.57850831464711E-17,-1.,-8.41051133471564E-32));
#4535=DIRECTION('center_axis',(-0.476445771437584,4.56363978319336E-17,
-0.879203859681727));
#4536=DIRECTION('ref_axis',(-0.879203859681727,0.,0.476445771437584));
#4537=DIRECTION('',(-0.879203859681727,8.42146148023124E-17,0.476445771437584));
#4538=DIRECTION('',(0.879203859681727,-8.42146148023124E-17,-0.476445771437584));
#4539=DIRECTION('',(-9.57850831464711E-17,-1.,-8.41051133471564E-32));
#4540=DIRECTION('center_axis',(-0.999635763308496,9.57501947046904E-17,
-0.0269877882502417));
#4541=DIRECTION('ref_axis',(-0.0269877882502416,0.,0.999635763308496));
#4542=DIRECTION('',(-0.0269877882502417,2.58502754148866E-18,0.999635763308496));
#4543=DIRECTION('',(0.0269877882502417,-2.58502754148866E-18,-0.999635763308496));
#4544=DIRECTION('',(-9.57850831464711E-17,-1.,-8.41051133471564E-32));
#4545=DIRECTION('center_axis',(-0.523189991870913,5.01137968727568E-17,
0.852216071431485));
#4546=DIRECTION('ref_axis',(0.852216071431485,0.,0.523189991870913));
#4547=DIRECTION('',(0.852216071431485,-8.16295872608238E-17,0.523189991870913));
#4548=DIRECTION('',(-0.852216071431485,8.16295872608238E-17,-0.523189991870913));
#4549=DIRECTION('',(-9.57850831464711E-17,-1.,-8.41051133471564E-32));
#4550=DIRECTION('center_axis',(0.476445771437584,-4.56363978319336E-17,
0.879203859681727));
#4551=DIRECTION('ref_axis',(0.879203859681727,0.,-0.476445771437584));
#4552=DIRECTION('',(0.879203859681727,-8.42146148023125E-17,-0.476445771437584));
#4553=DIRECTION('',(-0.879203859681727,8.42146148023125E-17,0.476445771437584));
#4554=DIRECTION('',(-9.57850831464711E-17,-1.,-8.41051133471564E-32));
#4555=DIRECTION('center_axis',(0.999635763308496,-9.57501947046904E-17,
0.0269877882502422));
#4556=DIRECTION('ref_axis',(0.0269877882502423,0.,-0.999635763308496));
#4557=DIRECTION('',(0.0269877882502422,-2.58502754148871E-18,-0.999635763308496));
#4558=DIRECTION('',(-0.0269877882502422,2.58502754148871E-18,0.999635763308496));
#4559=DIRECTION('center_axis',(9.57850831464709E-17,1.,1.38729199037889E-31));
#4560=DIRECTION('ref_axis',(0.476445771437583,0.,0.879203859681727));
#4561=DIRECTION('center_axis',(9.57850831464711E-17,1.,8.41051133471564E-32));
#4562=DIRECTION('ref_axis',(0.476445771437583,0.,0.879203859681727));
#4563=DIRECTION('center_axis',(-9.57850831464711E-17,-1.,-8.41051133471564E-32));
#4564=DIRECTION('ref_axis',(0.879203859681727,-8.42146148023125E-17,-0.476445771437583));
#4565=DIRECTION('center_axis',(-9.57850831464711E-17,-1.,-8.41051133471564E-32));
#4566=DIRECTION('ref_axis',(0.879203859681727,-8.42146148023125E-17,-0.476445771437583));
#4567=DIRECTION('center_axis',(-9.57850831464711E-17,-1.,-8.41051133471564E-32));
#4568=DIRECTION('ref_axis',(0.879203859681727,-8.42146148023125E-17,-0.476445771437583));
#4569=DIRECTION('center_axis',(-9.57850831464711E-17,-1.,-8.41051133471564E-32));
#4570=DIRECTION('ref_axis',(0.879203859681727,-8.42146148023125E-17,-0.476445771437583));
#4571=DIRECTION('center_axis',(-9.57850831464711E-17,-1.,-8.41051133471564E-32));
#4572=DIRECTION('ref_axis',(0.879203859681727,-8.42146148023124E-17,-0.476445771437583));
#4573=DIRECTION('center_axis',(9.57850831464711E-17,1.,8.41051133471564E-32));
#4574=DIRECTION('ref_axis',(0.879203859681727,-8.42146148023125E-17,-0.476445771437583));
#4575=DIRECTION('center_axis',(3.30339645544674E-16,-1.,9.22566838766105E-16));
#4576=DIRECTION('ref_axis',(0.879203859681727,-8.42146148023125E-17,-0.476445771437583));
#4577=DIRECTION('center_axis',(0.866025403784438,1.61366471436764E-47,-0.5));
#4578=DIRECTION('ref_axis',(-0.5,0.,-0.866025403784438));
#4579=DIRECTION('',(-0.5,-9.31649757221962E-48,-0.866025403784438));
#4580=DIRECTION('',(0.,-1.,4.92651924643036E-62));
#4581=DIRECTION('',(0.5,9.31649757221962E-48,0.866025403784438));
#4582=DIRECTION('',(0.,-1.,4.92651924643036E-62));
#4583=DIRECTION('center_axis',(-4.84526031214757E-16,-5.82933636512825E-62,
-1.));
#4584=DIRECTION('ref_axis',(-1.,0.,4.44089209850063E-16));
#4585=DIRECTION('',(-1.,-1.86329951444391E-47,4.84526031214757E-16));
#4586=DIRECTION('',(1.,1.86329951444391E-47,-4.84526031214757E-16));
#4587=DIRECTION('',(0.,-1.,4.92651924643036E-62));
#4588=DIRECTION('center_axis',(-0.866025403784439,-1.61366471436764E-47,
-0.5));
#4589=DIRECTION('ref_axis',(-0.5,0.,0.866025403784439));
#4590=DIRECTION('',(-0.5,-9.31649757221952E-48,0.866025403784439));
#4591=DIRECTION('',(0.5,9.31649757221952E-48,-0.866025403784439));
#4592=DIRECTION('',(0.,-1.,4.92651924643036E-62));
#4593=DIRECTION('center_axis',(-0.866025403784439,-1.61366471436764E-47,
0.5));
#4594=DIRECTION('ref_axis',(0.5,0.,0.866025403784439));
#4595=DIRECTION('',(0.5,9.31649757221961E-48,0.866025403784439));
#4596=DIRECTION('',(-0.5,-9.31649757221961E-48,-0.866025403784439));
#4597=DIRECTION('',(0.,-1.,4.92651924643036E-62));
#4598=DIRECTION('center_axis',(1.21131507803689E-16,5.15222352610484E-62,
1.));
#4599=DIRECTION('ref_axis',(1.,0.,-1.11022302462516E-16));
#4600=DIRECTION('',(1.,1.86329951444391E-47,-1.21131507803689E-16));
#4601=DIRECTION('',(-1.,-1.86329951444391E-47,1.21131507803689E-16));
#4602=DIRECTION('',(0.,-1.,4.92651924643036E-62));
#4603=DIRECTION('center_axis',(0.866025403784439,1.61366471436764E-47,0.5));
#4604=DIRECTION('ref_axis',(0.5,0.,-0.866025403784439));
#4605=DIRECTION('',(0.5,9.31649757221953E-48,-0.866025403784439));
#4606=DIRECTION('',(-0.5,-9.31649757221953E-48,0.866025403784439));
#4607=DIRECTION('center_axis',(-1.68693754436927E-31,1.,-2.92871101452998E-32));
#4608=DIRECTION('ref_axis',(2.46519032881566E-31,0.,1.));
#4609=DIRECTION('center_axis',(0.,1.,-4.92651924643036E-62));
#4610=DIRECTION('ref_axis',(0.,0.,1.));
#4611=DIRECTION('center_axis',(0.,-1.,4.92651924643036E-62));
#4612=DIRECTION('ref_axis',(1.,1.86329951444391E-47,-2.49804203190935E-31));
#4613=DIRECTION('center_axis',(0.,-1.,4.92651924643036E-62));
#4614=DIRECTION('ref_axis',(1.,1.86329951444391E-47,-2.49804203190935E-31));
#4615=DIRECTION('center_axis',(0.,-1.,4.92651924643036E-62));
#4616=DIRECTION('ref_axis',(1.,1.86329951444391E-47,-2.49804203190935E-31));
#4617=DIRECTION('center_axis',(0.,-1.,4.92651924643036E-62));
#4618=DIRECTION('ref_axis',(1.,1.86329951444391E-47,-2.49804203190935E-31));
#4619=DIRECTION('center_axis',(0.,-1.,4.92651924643036E-62));
#4620=DIRECTION('ref_axis',(1.,1.86329951444391E-47,-2.49804203190935E-31));
#4621=DIRECTION('center_axis',(0.,1.,-4.92651924643036E-62));
#4622=DIRECTION('ref_axis',(1.,1.86329951444391E-47,-2.49804203190935E-31));
#4623=DIRECTION('center_axis',(3.30339645544674E-16,-1.,9.22566838766105E-16));
#4624=DIRECTION('ref_axis',(1.,1.86329951444391E-47,-2.49804203190935E-31));
#4625=DIRECTION('center_axis',(0.866025403784438,1.61366471436764E-47,-0.5));
#4626=DIRECTION('ref_axis',(-0.5,0.,-0.866025403784438));
#4627=DIRECTION('',(-0.5,-9.31649757221962E-48,-0.866025403784438));
#4628=DIRECTION('',(0.,-1.,4.92651924643036E-62));
#4629=DIRECTION('',(0.5,9.31649757221962E-48,0.866025403784438));
#4630=DIRECTION('',(0.,-1.,4.92651924643036E-62));
#4631=DIRECTION('center_axis',(-4.84526031214757E-16,-5.82933636512825E-62,
-1.));
#4632=DIRECTION('ref_axis',(-1.,0.,4.44089209850063E-16));
#4633=DIRECTION('',(-1.,-1.86329951444391E-47,4.84526031214757E-16));
#4634=DIRECTION('',(1.,1.86329951444391E-47,-4.84526031214757E-16));
#4635=DIRECTION('',(0.,-1.,4.92651924643036E-62));
#4636=DIRECTION('center_axis',(-0.866025403784439,-1.61366471436764E-47,
-0.5));
#4637=DIRECTION('ref_axis',(-0.5,0.,0.866025403784439));
#4638=DIRECTION('',(-0.5,-9.31649757221952E-48,0.866025403784439));
#4639=DIRECTION('',(0.5,9.31649757221952E-48,-0.866025403784439));
#4640=DIRECTION('',(0.,-1.,4.92651924643036E-62));
#4641=DIRECTION('center_axis',(-0.866025403784439,-1.61366471436764E-47,
0.5));
#4642=DIRECTION('ref_axis',(0.5,0.,0.866025403784439));
#4643=DIRECTION('',(0.5,9.31649757221961E-48,0.866025403784439));
#4644=DIRECTION('',(-0.5,-9.31649757221961E-48,-0.866025403784439));
#4645=DIRECTION('',(0.,-1.,4.92651924643036E-62));
#4646=DIRECTION('center_axis',(1.21131507803689E-16,5.15222352610484E-62,
1.));
#4647=DIRECTION('ref_axis',(1.,0.,-2.22044604925031E-16));
#4648=DIRECTION('',(1.,1.86329951444391E-47,-1.21131507803689E-16));
#4649=DIRECTION('',(-1.,-1.86329951444391E-47,1.21131507803689E-16));
#4650=DIRECTION('',(0.,-1.,4.92651924643036E-62));
#4651=DIRECTION('center_axis',(0.866025403784439,1.61366471436764E-47,0.5));
#4652=DIRECTION('ref_axis',(0.5,0.,-0.866025403784439));
#4653=DIRECTION('',(0.5,9.31649757221953E-48,-0.866025403784439));
#4654=DIRECTION('',(-0.5,-9.31649757221953E-48,0.866025403784439));
#4655=DIRECTION('center_axis',(-1.68693754436927E-31,1.,-2.92871101452998E-32));
#4656=DIRECTION('ref_axis',(2.49600520792586E-31,0.,1.));
#4657=DIRECTION('center_axis',(0.,1.,-4.92651924643036E-62));
#4658=DIRECTION('ref_axis',(0.,0.,1.));
#4659=DIRECTION('center_axis',(0.,-1.,4.92651924643036E-62));
#4660=DIRECTION('ref_axis',(1.,1.86329951444391E-47,-2.49804203190935E-31));
#4661=DIRECTION('center_axis',(0.,-1.,4.92651924643036E-62));
#4662=DIRECTION('ref_axis',(1.,1.86329951444391E-47,-2.49804203190935E-31));
#4663=DIRECTION('center_axis',(0.,-1.,4.92651924643036E-62));
#4664=DIRECTION('ref_axis',(1.,1.86329951444391E-47,-2.49804203190935E-31));
#4665=DIRECTION('center_axis',(0.,-1.,4.92651924643036E-62));
#4666=DIRECTION('ref_axis',(1.,1.86329951444391E-47,-2.49804203190935E-31));
#4667=DIRECTION('center_axis',(0.,-1.,4.92651924643036E-62));
#4668=DIRECTION('ref_axis',(1.,1.86329951444391E-47,-2.49804203190935E-31));
#4669=DIRECTION('center_axis',(0.,1.,-4.92651924643036E-62));
#4670=DIRECTION('ref_axis',(1.,1.86329951444391E-47,-2.49804203190935E-31));
#4671=DIRECTION('center_axis',(3.30339645544674E-16,-1.,9.22566838766105E-16));
#4672=DIRECTION('ref_axis',(1.,1.86329951444391E-47,-2.49804203190935E-31));
#4673=DIRECTION('center_axis',(-0.866025403784439,-1.61366471436764E-47,
-0.5));
#4674=DIRECTION('ref_axis',(-0.5,0.,0.866025403784439));
#4675=DIRECTION('',(-8.83648592892755E-17,1.,1.530524258927E-16));
#4676=DIRECTION('',(-0.5,-1.59037369400226E-16,0.866025403784439));
#4677=DIRECTION('',(-9.488296490418E-15,-1.,1.64342115986814E-14));
#4678=DIRECTION('',(0.5,9.31649757221952E-48,-0.866025403784439));
#4679=DIRECTION('center_axis',(-4.84526031214757E-16,-5.82933636512825E-62,
-1.));
#4680=DIRECTION('ref_axis',(-1.,0.,4.85722573273506E-16));
#4681=DIRECTION('',(-3.49939070712141E-17,1.,1.69554589099134E-32));
#4682=DIRECTION('',(-1.,-1.0595969105547E-16,4.84526031214757E-16));
#4683=DIRECTION('',(7.6860888963024E-14,-1.,-3.72411014848921E-29));
#4684=DIRECTION('',(1.,1.86329951444391E-47,-4.84526031214757E-16));
#4685=DIRECTION('center_axis',(0.866025403784438,1.61366471436764E-47,-0.5));
#4686=DIRECTION('ref_axis',(-0.5,0.,-0.866025403784439));
#4687=DIRECTION('',(7.08679057536685E-17,1.,1.22746813391357E-16));
#4688=DIRECTION('',(-0.5,5.30776783447553E-17,-0.866025403784438));
#4689=DIRECTION('',(4.7918740971942E-14,-1.,8.29976939981359E-14));
#4690=DIRECTION('',(0.5,9.31649757221962E-48,0.866025403784438));
#4691=DIRECTION('center_axis',(0.866025403784439,1.61366471436764E-47,0.5));
#4692=DIRECTION('ref_axis',(0.5,0.,-0.866025403784439));
#4693=DIRECTION('',(-8.83648592892755E-17,1.,1.530524258927E-16));
#4694=DIRECTION('',(0.5,1.59037369400226E-16,-0.866025403784439));
#4695=DIRECTION('',(-9.48829649042298E-15,-1.,1.64342115986901E-14));
#4696=DIRECTION('',(-0.5,-9.31649757221953E-48,0.866025403784439));
#4697=DIRECTION('center_axis',(-0.866025403784439,-1.61366471436764E-47,
0.5));
#4698=DIRECTION('ref_axis',(0.5,0.,0.866025403784439));
#4699=DIRECTION('',(4.7918740971932E-14,-1.,8.29976939981186E-14));
#4700=DIRECTION('',(-0.5,-9.31649757221961E-48,-0.866025403784439));
#4701=DIRECTION('',(7.08679057536685E-17,1.,1.22746813391357E-16));
#4702=DIRECTION('',(0.5,-5.30776783447554E-17,0.866025403784438));
#4703=DIRECTION('center_axis',(1.21131507803689E-16,5.15222352610484E-62,
1.));
#4704=DIRECTION('ref_axis',(1.,0.,-1.2490009027033E-16));
#4705=DIRECTION('',(7.68608889630521E-14,-1.,-9.31027537122645E-30));
#4706=DIRECTION('',(-1.,-1.86329951444391E-47,1.21131507803689E-16));
#4707=DIRECTION('',(-3.49939070712142E-17,1.,4.23886472747837E-33));
#4708=DIRECTION('',(1.,1.0595969105547E-16,-1.21131507803689E-16));
#4709=DIRECTION('center_axis',(-0.865226538208762,-3.02776570736257E-17,
-0.501381130059043));
#4710=DIRECTION('ref_axis',(-0.501381130059043,0.,0.865226538208762));
#4711=DIRECTION('',(-0.501381130059043,-1.59085880697569E-16,0.865226538208761));
#4712=DIRECTION('',(0.501381130059043,1.59085880697569E-16,-0.865226538208762));
#4713=DIRECTION('center_axis',(0.0015955265048998,1.22633585530703E-16,
-0.999998727146776));
#4714=DIRECTION('ref_axis',(-0.999998727146776,0.,-0.0015955265048998));
#4715=DIRECTION('',(-0.999998727146776,-1.05764160541618E-16,-0.0015955265048998));
#4716=DIRECTION('',(0.999998727146776,1.05764160541618E-16,0.0015955265048998));
#4717=DIRECTION('center_axis',(-1.05959691055471E-16,1.,1.22464679914735E-16));
#4718=DIRECTION('ref_axis',(-0.865226538208761,0.,-0.501381130059043));
#4719=DIRECTION('center_axis',(1.05959691055471E-16,-1.,-1.22464679914735E-16));
#4720=DIRECTION('ref_axis',(-0.501381130059043,-1.59085880697569E-16,0.865226538208761));
#4721=DIRECTION('',(0.498617597087734,-5.33217201559512E-17,0.866822064713661));
#4722=DIRECTION('',(-0.501381130059042,-1.59085880697569E-16,0.865226538208762));
#4723=DIRECTION('',(-0.999998727146776,-1.05764160541618E-16,-0.00159552650489958));
#4724=DIRECTION('',(-0.498617597087733,5.33217201559512E-17,-0.866822064713661));
#4725=DIRECTION('center_axis',(0.866822064713661,1.52911242604328E-16,-0.498617597087734));
#4726=DIRECTION('ref_axis',(-0.498617597087734,0.,-0.866822064713661));
#4727=DIRECTION('',(-0.498617597087734,5.33217201559512E-17,-0.866822064713661));
#4728=DIRECTION('center_axis',(0.866025403784438,-4.02974230590337E-16,
0.500000000000001));
#4729=DIRECTION('ref_axis',(-0.247155109933556,0.869285572487504,0.42808520775519));
#4730=DIRECTION('center_axis',(0.866025403784438,-4.02974230590337E-16,
0.500000000000001));
#4731=DIRECTION('ref_axis',(-0.247155109933556,0.869285572487504,0.42808520775519));
#4732=DIRECTION('center_axis',(0.866025403784438,-4.02974230590337E-16,
0.500000000000001));
#4733=DIRECTION('ref_axis',(-0.247155109933556,0.869285572487504,0.42808520775519));
#4734=DIRECTION('center_axis',(0.866025403784438,-4.02974230590337E-16,
0.500000000000001));
#4735=DIRECTION('ref_axis',(-0.247155109933556,0.869285572487504,0.42808520775519));
#4736=DIRECTION('center_axis',(-0.866025403784438,4.02974230590337E-16,
-0.500000000000001));
#4737=DIRECTION('ref_axis',(-0.434642786243753,-0.494310219867112,0.752823388917477));
#4738=DIRECTION('',(0.,-1.,0.));
#4739=DIRECTION('center_axis',(0.866025403784438,-4.02974230590337E-16,
0.500000000000001));
#4740=DIRECTION('ref_axis',(-0.247155109933556,0.869285572487504,0.42808520775519));
#4741=DIRECTION('',(0.,-1.,0.));
#4742=DIRECTION('center_axis',(0.866025403784438,-4.02974230590337E-16,
0.500000000000001));
#4743=DIRECTION('ref_axis',(0.434642786243752,0.494310219867112,-0.752823388917477));
#4744=DIRECTION('center_axis',(0.866025403784438,-4.02974230590337E-16,
0.500000000000001));
#4745=DIRECTION('ref_axis',(-0.247155109933556,0.869285572487504,0.42808520775519));
#4746=DIRECTION('center_axis',(0.866025403784438,-4.02974230590337E-16,
0.500000000000001));
#4747=DIRECTION('ref_axis',(0.434642786243752,0.494310219867112,-0.752823388917477));
#4748=DIRECTION('center_axis',(0.866025403784438,-4.02974230590337E-16,
0.500000000000001));
#4749=DIRECTION('ref_axis',(-0.247155109933556,0.869285572487504,0.42808520775519));
#4750=DIRECTION('center_axis',(0.866025403784438,-4.02974230590337E-16,
0.500000000000001));
#4751=DIRECTION('ref_axis',(-0.247155109933556,0.869285572487504,0.42808520775519));
#4752=DIRECTION('center_axis',(0.866025403784438,-4.02974230590337E-16,
0.500000000000001));
#4753=DIRECTION('ref_axis',(-0.247155109933556,0.869285572487504,0.42808520775519));
#4754=DIRECTION('center_axis',(0.866025403784438,-4.02974230590337E-16,
0.500000000000001));
#4755=DIRECTION('ref_axis',(-0.247155109933556,0.869285572487504,0.42808520775519));
#4756=DIRECTION('center_axis',(0.866025403784438,-4.02974230590337E-16,
0.500000000000001));
#4757=DIRECTION('ref_axis',(-0.247155109933556,0.869285572487504,0.42808520775519));
#4758=DIRECTION('center_axis',(0.866025403784438,-4.02974230590337E-16,
0.500000000000001));
#4759=DIRECTION('ref_axis',(-0.247155109933556,0.869285572487504,0.42808520775519));
#4760=DIRECTION('center_axis',(0.866025403784438,-4.02974230590337E-16,
0.500000000000001));
#4761=DIRECTION('ref_axis',(0.434642786243753,0.494310219867112,-0.752823388917477));
#4762=DIRECTION('center_axis',(0.866025403784438,-4.02974230590337E-16,
0.500000000000001));
#4763=DIRECTION('ref_axis',(-0.247155109933556,0.869285572487504,0.42808520775519));
#4764=DIRECTION('center_axis',(0.866025403784438,-4.02974230590337E-16,
0.500000000000001));
#4765=DIRECTION('ref_axis',(0.434642786243753,0.494310219867112,-0.752823388917477));
#4766=DIRECTION('center_axis',(-0.866025403784438,4.02974230590337E-16,
-0.500000000000001));
#4767=DIRECTION('ref_axis',(-0.434642786243753,-0.494310219867112,0.752823388917477));
#4768=DIRECTION('',(0.,1.,0.));
#4769=DIRECTION('',(0.,1.,0.));
#4770=DIRECTION('center_axis',(0.,-1.,0.));
#4771=DIRECTION('ref_axis',(-3.86573603424068E-16,0.,1.));
#4772=DIRECTION('center_axis',(0.,-1.,0.));
#4773=DIRECTION('ref_axis',(-3.86573603424068E-16,0.,1.));
#4774=DIRECTION('center_axis',(0.,-1.,0.));
#4775=DIRECTION('ref_axis',(-3.86573603424068E-16,0.,1.));
#4776=DIRECTION('center_axis',(0.,-1.,0.));
#4777=DIRECTION('ref_axis',(1.,0.,0.));
#4778=DIRECTION('center_axis',(0.,1.,0.));
#4779=DIRECTION('ref_axis',(1.,0.,0.));
#4780=DIRECTION('center_axis',(0.,-1.,0.));
#4781=DIRECTION('ref_axis',(1.,0.,0.));
#4782=DIRECTION('center_axis',(0.,-1.,0.));
#4783=DIRECTION('ref_axis',(0.,0.,-1.));
#4784=DIRECTION('center_axis',(0.,-1.,0.));
#4785=DIRECTION('ref_axis',(1.,0.,0.));
#4786=DIRECTION('center_axis',(0.,-1.,0.));
#4787=DIRECTION('ref_axis',(1.,0.,0.));
#4788=DIRECTION('center_axis',(0.,-1.,0.));
#4789=DIRECTION('ref_axis',(1.,0.,0.));
#4790=DIRECTION('center_axis',(0.,1.,0.));
#4791=DIRECTION('ref_axis',(0.,0.,1.));
#4792=DIRECTION('center_axis',(0.,-1.,0.));
#4793=DIRECTION('ref_axis',(1.,0.,0.));
#4794=DIRECTION('center_axis',(0.,1.,0.));
#4795=DIRECTION('ref_axis',(0.,0.,1.));
#4796=DIRECTION('center_axis',(0.,1.,0.));
#4797=DIRECTION('ref_axis',(-0.707106781186548,1.8684572566962E-17,0.707106781186548));
#4798=DIRECTION('center_axis',(0.,1.,0.));
#4799=DIRECTION('ref_axis',(0.,0.,1.));
#4800=DIRECTION('center_axis',(0.,1.,0.));
#4801=DIRECTION('ref_axis',(0.707106781186551,8.85938671248746E-16,0.707106781186544));
#4802=DIRECTION('center_axis',(0.,-1.,0.));
#4803=DIRECTION('ref_axis',(-0.707106781186547,1.8684572566962E-17,0.707106781186547));
#4804=DIRECTION('center_axis',(-2.64239759313421E-17,-1.,-1.70343376533668E-31));
#4805=DIRECTION('ref_axis',(0.707106781186548,0.,0.707106781186548));
#4806=DIRECTION('center_axis',(-2.64239759313421E-17,-1.,-1.70343376533668E-31));
#4807=DIRECTION('ref_axis',(-0.707106781186548,1.8684572566962E-17,0.707106781186548));
#4808=DIRECTION('center_axis',(2.64239759313421E-17,1.,1.70343376533668E-31));
#4809=DIRECTION('ref_axis',(-0.707106781186547,1.8684572566962E-17,0.707106781186547));
#4810=DIRECTION('center_axis',(2.64239759313421E-17,1.,1.70343376533668E-31));
#4811=DIRECTION('ref_axis',(-0.707106781186547,1.8684572566962E-17,0.707106781186547));
#4812=DIRECTION('center_axis',(2.64239759313421E-17,1.,1.70343376533668E-31));
#4813=DIRECTION('ref_axis',(-0.707106781186547,1.8684572566962E-17,0.707106781186547));
#4814=DIRECTION('center_axis',(2.64239759313421E-17,1.,1.70343376533668E-31));
#4815=DIRECTION('ref_axis',(-0.707106781186548,1.8684572566962E-17,0.707106781186548));
#4816=DIRECTION('center_axis',(-2.64239759313421E-17,-1.,-1.70343376533668E-31));
#4817=DIRECTION('ref_axis',(-0.707106781186547,1.8684572566962E-17,0.707106781186547));
#4818=DIRECTION('center_axis',(2.64239759313421E-17,1.,1.70343376533668E-31));
#4819=DIRECTION('ref_axis',(-0.707106781186548,0.,-0.707106781186548));
#4820=DIRECTION('center_axis',(-2.64239759313421E-17,-1.,-1.70343376533668E-31));
#4821=DIRECTION('ref_axis',(0.707106781186548,-1.8684572566962E-17,-0.707106781186548));
#4822=DIRECTION('center_axis',(-2.64239759313421E-17,-1.,-1.70343376533668E-31));
#4823=DIRECTION('ref_axis',(0.707106781186548,-1.8684572566962E-17,-0.707106781186548));
#4824=DIRECTION('center_axis',(2.64239759313421E-17,1.,1.70343376533668E-31));
#4825=DIRECTION('ref_axis',(0.707106781186547,-1.8684572566962E-17,-0.707106781186547));
#4826=DIRECTION('center_axis',(-2.64239759313421E-17,-1.,-1.70343376533668E-31));
#4827=DIRECTION('ref_axis',(-0.707106781186547,1.8684572566962E-17,0.707106781186547));
#4828=DIRECTION('center_axis',(-2.64239759313421E-17,-1.,-1.70343376533668E-31));
#4829=DIRECTION('ref_axis',(-0.707106781186548,1.8684572566962E-17,0.707106781186548));
#4830=DIRECTION('center_axis',(-1.05959691055471E-16,1.,1.22464679914735E-16));
#4831=DIRECTION('ref_axis',(-0.501381130059043,-1.59085880697569E-16,0.865226538208761));
#4832=DIRECTION('center_axis',(1.05959691055471E-16,-1.,-1.22464679914735E-16));
#4833=DIRECTION('ref_axis',(-0.501381130059043,-1.59085880697569E-16,0.865226538208762));
#4834=DIRECTION('center_axis',(1.05959691055471E-16,-1.,-1.22464679914735E-16));
#4835=DIRECTION('ref_axis',(-0.501381130059043,-1.59085880697569E-16,0.865226538208761));
#4836=DIRECTION('center_axis',(1.05959691055471E-16,-1.,-1.22464679914735E-16));
#4837=DIRECTION('ref_axis',(-0.501381130059043,-1.59085880697569E-16,0.865226538208761));
#4838=DIRECTION('center_axis',(1.05959691055471E-16,-1.,-1.22464679914735E-16));
#4839=DIRECTION('ref_axis',(-0.501381130059043,-1.59085880697569E-16,0.865226538208761));
#4840=DIRECTION('center_axis',(1.05959691055471E-16,-1.,-1.22464679914735E-16));
#4841=DIRECTION('ref_axis',(-0.501381130059043,-1.59085880697569E-16,0.865226538208762));
#4842=DIRECTION('center_axis',(1.05959691055471E-16,-1.,-1.22464679914735E-16));
#4843=DIRECTION('ref_axis',(-0.501381130059043,-1.59085880697569E-16,0.865226538208762));
#4844=DIRECTION('center_axis',(1.05959691055471E-16,-1.,-1.22464679914735E-16));
#4845=DIRECTION('ref_axis',(-0.501381130059043,-1.59085880697569E-16,0.865226538208762));
#4846=DIRECTION('center_axis',(-1.0595969105547E-16,1.,1.22464679914735E-16));
#4847=DIRECTION('ref_axis',(-0.865226538208762,0.,-0.501381130059043));
#4848=DIRECTION('',(0.498617597087733,-5.33217201559512E-17,0.866822064713661));
#4849=DIRECTION('',(0.999998727146776,1.05764160541618E-16,0.00159552650489958));
#4850=DIRECTION('',(0.501381130059042,1.59085880697569E-16,-0.865226538208762));
#4851=DIRECTION('center_axis',(-0.866822064713661,-1.52911242604328E-16,
0.498617597087733));
#4852=DIRECTION('ref_axis',(0.498617597087733,0.,0.866822064713661));
#4853=DIRECTION('center_axis',(0.865226538208762,3.02776570736258E-17,0.501381130059042));
#4854=DIRECTION('ref_axis',(0.501381130059042,0.,-0.865226538208762));
#4855=DIRECTION('center_axis',(-0.00159552650489958,-1.22633585530703E-16,
0.999998727146776));
#4856=DIRECTION('ref_axis',(0.999998727146776,0.,0.00159552650489958));
#4857=DIRECTION('center_axis',(0.,-1.,0.));
#4858=DIRECTION('ref_axis',(1.,0.,3.88578058618805E-16));
#4859=DIRECTION('center_axis',(0.,-1.,0.));
#4860=DIRECTION('ref_axis',(-3.86573603424068E-16,0.,1.));
#4861=DIRECTION('center_axis',(0.,1.,0.));
#4862=DIRECTION('ref_axis',(-3.86573603424068E-16,0.,1.));
#4863=DIRECTION('center_axis',(0.,1.,0.));
#4864=DIRECTION('ref_axis',(-3.86573603424068E-16,0.,1.));
#4865=DIRECTION('center_axis',(0.,-1.,0.));
#4866=DIRECTION('ref_axis',(-3.86573603424068E-16,0.,1.));
#4867=DIRECTION('center_axis',(0.,-1.,0.));
#4868=DIRECTION('ref_axis',(-3.86573603424068E-16,0.,1.));
#4869=DIRECTION('center_axis',(0.,1.,0.));
#4870=DIRECTION('ref_axis',(-3.86573603424068E-16,0.,1.));
#4871=DIRECTION('center_axis',(0.,-1.,0.));
#4872=DIRECTION('ref_axis',(-3.86573603424068E-16,0.,1.));
#4873=DIRECTION('center_axis',(0.,-1.,0.));
#4874=DIRECTION('ref_axis',(-3.86573603424068E-16,0.,1.));
#4875=DIRECTION('center_axis',(0.,-1.,0.));
#4876=DIRECTION('ref_axis',(-3.86573603424068E-16,0.,1.));
#4877=DIRECTION('center_axis',(0.,-1.,0.));
#4878=DIRECTION('ref_axis',(-3.86573603424068E-16,0.,1.));
#4879=DIRECTION('center_axis',(0.,-1.,0.));
#4880=DIRECTION('ref_axis',(-3.86573603424068E-16,0.,1.));
#4881=DIRECTION('center_axis',(0.,-1.,0.));
#4882=DIRECTION('ref_axis',(-3.86573603424068E-16,0.,1.));
#4883=DIRECTION('center_axis',(0.,-1.,0.));
#4884=DIRECTION('ref_axis',(1.,0.,3.86573603424068E-16));
#4885=DIRECTION('center_axis',(0.,-1.,0.));
#4886=DIRECTION('ref_axis',(1.,0.,3.86573603424068E-16));
#4887=DIRECTION('center_axis',(0.,-1.,0.));
#4888=DIRECTION('ref_axis',(1.,0.,3.86573603424068E-16));
#4889=DIRECTION('center_axis',(0.,1.,0.));
#4890=DIRECTION('ref_axis',(-1.,0.,-4.44089209850063E-16));
#4891=DIRECTION('center_axis',(0.,-1.,0.));
#4892=DIRECTION('ref_axis',(1.,0.,0.));
#4893=DIRECTION('center_axis',(3.30339645544674E-16,-1.,9.22566838766105E-16));
#4894=DIRECTION('ref_axis',(1.,0.,0.));
#4895=DIRECTION('center_axis',(3.30339645544674E-16,-1.,9.22566838766105E-16));
#4896=DIRECTION('ref_axis',(-0.707106781186544,4.44089209850063E-16,0.707106781186551));
#4897=DIRECTION('',(0.707106781186551,8.85938671248746E-16,0.707106781186544));
#4898=DIRECTION('center_axis',(3.30339645544674E-16,-1.,9.22566838766105E-16));
#4899=DIRECTION('ref_axis',(-0.707106781186551,-8.85938671248746E-16,-0.707106781186544));
#4900=DIRECTION('',(-0.707106781186551,-8.85938671248746E-16,-0.707106781186544));
#4901=DIRECTION('center_axis',(3.30339645544674E-16,-1.,9.22566838766105E-16));
#4902=DIRECTION('ref_axis',(0.217930415656149,-8.28401251745702E-16,-0.975964309763394));
#4903=DIRECTION('center_axis',(3.30339645544674E-16,-1.,9.22566838766105E-16));
#4904=DIRECTION('ref_axis',(-0.707106781186551,-8.85938671248746E-16,-0.707106781186544));
#4905=DIRECTION('center_axis',(3.30339645544674E-16,-1.,9.22566838766105E-16));
#4906=DIRECTION('ref_axis',(-0.975964309763392,-1.21344329508605E-16,0.21793041565616));
#4907=DIRECTION('center_axis',(-3.30339645544674E-16,1.,-9.22566838766105E-16));
#4908=DIRECTION('ref_axis',(-0.707106781186551,-8.85938671248746E-16,-0.707106781186544));
#4909=DIRECTION('center_axis',(3.30339645544674E-16,-1.,9.22566838766105E-16));
#4910=DIRECTION('ref_axis',(-0.707106781186551,-8.85938671248746E-16,-0.707106781186544));
#4911=DIRECTION('',(-3.30339645544674E-16,1.,-9.22566838766105E-16));
#4912=DIRECTION('center_axis',(3.30339645544674E-16,-1.,9.22566838766105E-16));
#4913=DIRECTION('ref_axis',(-0.707106781186551,-8.85938671248746E-16,-0.707106781186544));
#4914=DIRECTION('',(3.30339645544674E-16,-1.,9.22566838766105E-16));
#4915=DIRECTION('center_axis',(3.30339645544674E-16,-1.,9.22566838766105E-16));
#4916=DIRECTION('ref_axis',(-0.707106781186551,-8.85938671248746E-16,-0.707106781186544));
#4917=DIRECTION('',(3.30339645544674E-16,-1.,9.22566838766105E-16));
#4918=DIRECTION('center_axis',(3.30339645544674E-16,-1.,9.22566838766105E-16));
#4919=DIRECTION('ref_axis',(-0.707106781186551,-8.85938671248746E-16,-0.707106781186544));
#4920=DIRECTION('',(-3.30339645544674E-16,1.,-9.22566838766105E-16));
#4921=DIRECTION('center_axis',(3.30339645544674E-16,-1.,9.22566838766105E-16));
#4922=DIRECTION('ref_axis',(-0.707106781186551,-8.85938671248746E-16,-0.707106781186544));
#4923=DIRECTION('center_axis',(3.30339645544674E-16,-1.,9.22566838766105E-16));
#4924=DIRECTION('ref_axis',(-0.707106781186551,-8.85938671248746E-16,-0.707106781186544));
#4925=DIRECTION('',(-3.30339645544674E-16,1.,-9.22566838766105E-16));
#4926=DIRECTION('center_axis',(3.30339645544674E-16,-1.,9.22566838766105E-16));
#4927=DIRECTION('ref_axis',(-0.707106781186551,-8.85938671248746E-16,-0.707106781186544));
#4928=DIRECTION('',(3.30339645544674E-16,-1.,9.22566838766105E-16));
#4929=DIRECTION('center_axis',(3.30339645544674E-16,-1.,9.22566838766105E-16));
#4930=DIRECTION('ref_axis',(-0.707106781186551,-8.85938671248746E-16,-0.707106781186544));
#4931=DIRECTION('center_axis',(3.30339645544674E-16,-1.,9.22566838766105E-16));
#4932=DIRECTION('ref_axis',(-0.707106781186544,4.44089209850063E-16,0.707106781186551));
#4933=DIRECTION('',(-0.258819045102516,8.05632944422668E-16,0.965925826289069));
#4934=DIRECTION('center_axis',(3.30339645544674E-16,-1.,9.22566838766105E-16));
#4935=DIRECTION('ref_axis',(-0.954175093270119,-3.91247701030573E-17,0.29924887866617));
#4936=DIRECTION('center_axis',(3.30339645544674E-16,-1.,9.22566838766105E-16));
#4937=DIRECTION('ref_axis',(-0.707106781186551,-8.85938671248746E-16,-0.707106781186544));
#4938=DIRECTION('center_axis',(3.30339645544674E-16,-1.,9.22566838766105E-16));
#4939=DIRECTION('ref_axis',(0.676715431097232,9.02780860427955E-16,0.736244677613963));
#4940=DIRECTION('',(0.258819045102516,-8.05632944422668E-16,-0.96592582628907));
#4941=DIRECTION('center_axis',(-3.30339645544674E-16,1.,-9.22566838766105E-16));
#4942=DIRECTION('ref_axis',(-0.258819045102516,8.05632944422668E-16,0.96592582628907));
#4943=DIRECTION('center_axis',(3.30339645544674E-16,-1.,9.22566838766105E-16));
#4944=DIRECTION('ref_axis',(-0.707106781186544,4.44089209850063E-16,0.707106781186551));
#4945=DIRECTION('',(-0.965925826289067,-8.03057268260771E-17,0.258819045102527));
#4946=DIRECTION('',(0.965925826289067,8.03057268260781E-17,-0.258819045102525));
#4947=DIRECTION('center_axis',(3.30339645544674E-16,-1.,9.22566838766105E-16));
#4948=DIRECTION('ref_axis',(0.73624467761397,8.67526021848759E-16,0.676715431097224));
#4949=DIRECTION('center_axis',(3.30339645544674E-16,-1.,9.22566838766105E-16));
#4950=DIRECTION('ref_axis',(-0.707106781186551,-8.85938671248746E-16,-0.707106781186544));
#4951=DIRECTION('center_axis',(3.30339645544674E-16,-1.,9.22566838766105E-16));
#4952=DIRECTION('ref_axis',(0.29924887866616,-7.81436530919349E-16,-0.954175093270122));
#4953=DIRECTION('center_axis',(-3.30339645544674E-16,1.,-9.22566838766105E-16));
#4954=DIRECTION('ref_axis',(0.965925826289067,8.03057268260781E-17,-0.258819045102525));
#4955=DIRECTION('center_axis',(0.96592582628907,5.57861463331468E-16,0.258819045102516));
#4956=DIRECTION('ref_axis',(0.258819045102516,-8.88178419700125E-16,-0.96592582628907));
#4957=DIRECTION('',(3.30339645544674E-16,-1.,9.22566838766105E-16));
#4958=DIRECTION('',(-0.258819045102516,8.05632944422668E-16,0.96592582628907));
#4959=DIRECTION('center_axis',(0.258819045102527,9.76629327661422E-16,0.965925826289067));
#4960=DIRECTION('ref_axis',(0.965925826289067,0.,-0.258819045102527));
#4961=DIRECTION('',(3.30339645544674E-16,-1.,9.22566838766105E-16));
#4962=DIRECTION('',(0.965925826289067,8.03057268260771E-17,-0.258819045102527));
#4963=DIRECTION('center_axis',(-0.707106781186544,4.18767864329954E-16,
0.707106781186551));
#4964=DIRECTION('ref_axis',(0.707106781186551,8.88178419700125E-16,0.707106781186544));
#4965=DIRECTION('',(3.30339645544674E-16,-1.,9.22566838766105E-16));
#4966=DIRECTION('',(-0.707106781186551,-8.85938671248746E-16,-0.707106781186544));
#4967=DIRECTION('center_axis',(-3.30339645544674E-16,1.,-9.22566838766105E-16));
#4968=DIRECTION('ref_axis',(-0.975964309763392,-1.21344329508605E-16,0.21793041565616));
#4969=DIRECTION('',(-3.30339645544674E-16,1.,-9.22566838766105E-16));
#4970=DIRECTION('center_axis',(-3.30339645544674E-16,1.,-9.22566838766105E-16));
#4971=DIRECTION('ref_axis',(-0.975964309763392,-1.21344329508605E-16,0.21793041565616));
#4972=DIRECTION('center_axis',(-3.30339645544674E-16,1.,-9.22566838766105E-16));
#4973=DIRECTION('ref_axis',(0.29924887866616,-7.81436530919349E-16,-0.954175093270122));
#4974=DIRECTION('',(-3.30339645544674E-16,1.,-9.22566838766105E-16));
#4975=DIRECTION('center_axis',(-3.30339645544674E-16,1.,-9.22566838766105E-16));
#4976=DIRECTION('ref_axis',(0.29924887866616,-7.81436530919349E-16,-0.954175093270122));
#4977=DIRECTION('center_axis',(-0.258819045102525,-9.76629327661422E-16,
-0.965925826289067));
#4978=DIRECTION('ref_axis',(-0.965925826289067,0.,0.258819045102525));
#4979=DIRECTION('',(-3.30339645544674E-16,1.,-9.22566838766105E-16));
#4980=DIRECTION('',(-0.965925826289067,-8.03057268260781E-17,0.258819045102525));
#4981=DIRECTION('center_axis',(3.30339645544674E-16,-1.,9.22566838766105E-16));
#4982=DIRECTION('ref_axis',(0.73624467761397,8.67526021848759E-16,0.676715431097224));
#4983=DIRECTION('center_axis',(-3.30339645544674E-16,1.,-9.22566838766105E-16));
#4984=DIRECTION('ref_axis',(0.73624467761397,8.67526021848759E-16,0.676715431097224));
#4985=DIRECTION('',(3.30339645544674E-16,-1.,9.22566838766105E-16));
#4986=DIRECTION('center_axis',(3.30339645544674E-16,-1.,9.22566838766105E-16));
#4987=DIRECTION('ref_axis',(-0.707106781186551,-8.85938671248746E-16,-0.707106781186544));
#4988=DIRECTION('',(3.30339645544674E-16,-1.,9.22566838766105E-16));
#4989=DIRECTION('center_axis',(-3.30339645544674E-16,1.,-9.22566838766105E-16));
#4990=DIRECTION('ref_axis',(0.707106781186551,8.85938671248746E-16,0.707106781186544));
#4991=DIRECTION('center_axis',(-3.30339645544674E-16,1.,-9.22566838766105E-16));
#4992=DIRECTION('ref_axis',(0.707106781186551,8.85938671248746E-16,0.707106781186544));
#4993=DIRECTION('',(-3.30339645544674E-16,1.,-9.22566838766105E-16));
#4994=DIRECTION('',(3.30339645544674E-16,-1.,9.22566838766105E-16));
#4995=DIRECTION('center_axis',(-3.30339645544674E-16,1.,-9.22566838766105E-16));
#4996=DIRECTION('ref_axis',(0.707106781186551,8.85938671248746E-16,0.707106781186544));
#4997=DIRECTION('center_axis',(3.30339645544674E-16,-1.,9.22566838766105E-16));
#4998=DIRECTION('ref_axis',(-0.707106781186551,-8.85938671248746E-16,-0.707106781186544));
#4999=DIRECTION('center_axis',(-3.30339645544674E-16,1.,-9.22566838766105E-16));
#5000=DIRECTION('ref_axis',(0.676715431097232,9.02780860427955E-16,0.736244677613963));
#5001=DIRECTION('center_axis',(-3.30339645544674E-16,1.,-9.22566838766105E-16));
#5002=DIRECTION('ref_axis',(0.676715431097232,9.02780860427955E-16,0.736244677613963));
#5003=DIRECTION('center_axis',(-0.96592582628907,-5.57861463331468E-16,
-0.258819045102516));
#5004=DIRECTION('ref_axis',(-0.258819045102516,8.88178419700125E-16,0.96592582628907));
#5005=DIRECTION('',(-3.30339645544674E-16,1.,-9.22566838766105E-16));
#5006=DIRECTION('',(0.258819045102516,-8.05632944422668E-16,-0.965925826289069));
#5007=DIRECTION('center_axis',(-3.30339645544674E-16,1.,-9.22566838766105E-16));
#5008=DIRECTION('ref_axis',(-0.954175093270119,-3.91247701030573E-17,0.29924887866617));
#5009=DIRECTION('center_axis',(-3.30339645544674E-16,1.,-9.22566838766105E-16));
#5010=DIRECTION('ref_axis',(-0.954175093270119,-3.91247701030573E-17,0.29924887866617));
#5011=DIRECTION('center_axis',(0.707106781186544,-4.18767864329954E-16,
-0.707106781186551));
#5012=DIRECTION('ref_axis',(-0.707106781186551,-8.88178419700125E-16,-0.707106781186544));
#5013=DIRECTION('',(-3.30339645544674E-16,1.,-9.22566838766105E-16));
#5014=DIRECTION('',(0.707106781186551,8.85938671248746E-16,0.707106781186544));
#5015=DIRECTION('center_axis',(-3.30339645544674E-16,1.,-9.22566838766105E-16));
#5016=DIRECTION('ref_axis',(0.217930415656149,-8.28401251745702E-16,-0.975964309763394));
#5017=DIRECTION('center_axis',(-3.30339645544674E-16,1.,-9.22566838766105E-16));
#5018=DIRECTION('ref_axis',(0.217930415656149,-8.28401251745702E-16,-0.975964309763394));
#5019=DIRECTION('center_axis',(-3.30339645544674E-16,1.,-9.22566838766105E-16));
#5020=DIRECTION('ref_axis',(-0.707106781186551,-8.85938671248746E-16,-0.707106781186544));
#5021=DIRECTION('center_axis',(3.30339645544674E-16,-1.,9.22566838766105E-16));
#5022=DIRECTION('ref_axis',(-0.707106781186551,-8.85938671248746E-16,-0.707106781186544));
#5023=DIRECTION('center_axis',(-3.30339645544674E-16,1.,-9.22566838766105E-16));
#5024=DIRECTION('ref_axis',(-0.258819045102516,8.05632944422668E-16,0.96592582628907));
#5025=DIRECTION('center_axis',(3.30339645544674E-16,-1.,9.22566838766105E-16));
#5026=DIRECTION('ref_axis',(-0.258819045102516,8.05632944422668E-16,0.96592582628907));
#5027=DIRECTION('center_axis',(-3.30339645544674E-16,1.,-9.22566838766105E-16));
#5028=DIRECTION('ref_axis',(0.965925826289067,8.03057268260781E-17,-0.258819045102525));
#5029=DIRECTION('center_axis',(3.30339645544674E-16,-1.,9.22566838766105E-16));
#5030=DIRECTION('ref_axis',(0.965925826289067,8.03057268260781E-17,-0.258819045102525));
#5031=DIRECTION('center_axis',(-3.30339645544674E-16,1.,-9.22566838766105E-16));
#5032=DIRECTION('ref_axis',(-0.707106781186551,-8.85938671248746E-16,-0.707106781186544));
#5033=DIRECTION('center_axis',(3.30339645544674E-16,-1.,9.22566838766105E-16));
#5034=DIRECTION('ref_axis',(-0.707106781186551,-8.85938671248746E-16,-0.707106781186544));
#5035=DIRECTION('center_axis',(-3.30339645544674E-16,1.,-9.22566838766105E-16));
#5036=DIRECTION('ref_axis',(-0.707106781186551,-8.85938671248746E-16,-0.707106781186544));
#5037=DIRECTION('center_axis',(-3.30339645544674E-16,1.,-9.22566838766105E-16));
#5038=DIRECTION('ref_axis',(-0.707106781186544,4.18767864329954E-16,0.707106781186551));
#5039=DIRECTION('center_axis',(3.30339645544674E-16,-1.,9.22566838766105E-16));
#5040=DIRECTION('ref_axis',(-0.707106781186544,4.18767864329954E-16,0.707106781186551));
#5041=DIRECTION('center_axis',(-3.30339645544674E-16,1.,-9.22566838766105E-16));
#5042=DIRECTION('ref_axis',(-0.707106781186544,4.18767864329954E-16,0.707106781186551));
#5043=DIRECTION('center_axis',(-3.30339645544674E-16,1.,-9.22566838766105E-16));
#5044=DIRECTION('ref_axis',(0.707106781186551,8.85938671248746E-16,0.707106781186544));
#5045=DIRECTION('center_axis',(3.30339645544674E-16,-1.,9.22566838766105E-16));
#5046=DIRECTION('ref_axis',(0.707106781186551,8.85938671248746E-16,0.707106781186544));
#5047=DIRECTION('center_axis',(-3.30339645544674E-16,1.,-9.22566838766105E-16));
#5048=DIRECTION('ref_axis',(0.707106781186551,8.85938671248746E-16,0.707106781186544));
#5049=DIRECTION('center_axis',(-3.30339645544674E-16,1.,-9.22566838766105E-16));
#5050=DIRECTION('ref_axis',(0.707106781186544,-4.18767864329954E-16,-0.707106781186551));
#5051=DIRECTION('center_axis',(3.30339645544674E-16,-1.,9.22566838766105E-16));
#5052=DIRECTION('ref_axis',(0.707106781186544,-4.18767864329954E-16,-0.707106781186551));
#5053=DIRECTION('center_axis',(-3.30339645544674E-16,1.,-9.22566838766105E-16));
#5054=DIRECTION('ref_axis',(0.707106781186544,-4.18767864329954E-16,-0.707106781186551));
#5055=DIRECTION('center_axis',(-3.30339645544674E-16,1.,-9.22566838766105E-16));
#5056=DIRECTION('ref_axis',(0.707106781186544,-4.44089209850063E-16,-0.707106781186551));
#5057=DIRECTION('center_axis',(-3.30339645544674E-16,1.,-9.22566838766105E-16));
#5058=DIRECTION('ref_axis',(0.707106781186551,8.85938671248746E-16,0.707106781186544));
#5059=DIRECTION('center_axis',(3.30339645544674E-16,-1.,9.22566838766105E-16));
#5060=DIRECTION('ref_axis',(-0.707106781186544,0.,0.707106781186551));
#5061=DIRECTION('center_axis',(3.30339645544674E-16,-1.,9.22566838766105E-16));
#5062=DIRECTION('ref_axis',(0.707106781186551,8.85938671248746E-16,0.707106781186544));
#5063=DIRECTION('center_axis',(3.30339645544674E-16,-1.,9.22566838766105E-16));
#5064=DIRECTION('ref_axis',(-0.707106781186551,-8.85938671248746E-16,-0.707106781186544));
#5065=DIRECTION('center_axis',(-3.30339645544674E-16,1.,-9.22566838766105E-16));
#5066=DIRECTION('ref_axis',(0.707106781186551,8.85938671248746E-16,0.707106781186544));
#5067=DIRECTION('center_axis',(3.30339645544674E-16,-1.,9.22566838766105E-16));
#5068=DIRECTION('ref_axis',(0.707106781186551,8.85938671248746E-16,0.707106781186544));
#5069=DIRECTION('center_axis',(3.30339645544674E-16,-1.,9.22566838766105E-16));
#5070=DIRECTION('ref_axis',(0.707106781186551,8.85938671248746E-16,0.707106781186544));
#5071=DIRECTION('center_axis',(-3.30339645544674E-16,1.,-9.22566838766105E-16));
#5072=DIRECTION('ref_axis',(-0.707106781186544,4.44089209850063E-16,0.707106781186551));
#5073=DIRECTION('center_axis',(-3.30339645544674E-16,1.,-9.22566838766105E-16));
#5074=DIRECTION('ref_axis',(0.707106781186551,8.88178419700125E-16,0.707106781186544));
#5075=DIRECTION('center_axis',(-3.30339645544674E-16,1.,-9.22566838766105E-16));
#5076=DIRECTION('ref_axis',(-0.707106781186551,-8.88178419700125E-16,-0.707106781186544));
#5077=DIRECTION('center_axis',(-3.30339645544674E-16,1.,-9.22566838766105E-16));
#5078=DIRECTION('ref_axis',(0.707106781186544,-4.44089209850063E-16,-0.707106781186551));
#5079=DIRECTION('center_axis',(-3.30339645544674E-16,1.,-9.22566838766105E-16));
#5080=DIRECTION('ref_axis',(0.707106781186551,8.85938671248746E-16,0.707106781186544));
#5081=DIRECTION('center_axis',(-3.30339645544674E-16,1.,-9.22566838766105E-16));
#5082=DIRECTION('ref_axis',(-0.707106781186551,-8.85938671248746E-16,-0.707106781186544));
#5083=DIRECTION('center_axis',(-3.30339645544674E-16,1.,-9.22566838766105E-16));
#5084=DIRECTION('ref_axis',(0.707106781186551,8.85938671248746E-16,0.707106781186544));
#5085=DIRECTION('center_axis',(3.30339645544674E-16,-1.,9.22566838766105E-16));
#5086=DIRECTION('ref_axis',(0.707106781186551,8.85938671248746E-16,0.707106781186544));
#5087=DIRECTION('center_axis',(-3.30339645544674E-16,1.,-9.22566838766105E-16));
#5088=DIRECTION('ref_axis',(0.707106781186551,8.85938671248746E-16,0.707106781186544));
#5089=DIRECTION('center_axis',(3.30339645544674E-16,-1.,9.22566838766105E-16));
#5090=DIRECTION('ref_axis',(-0.707106781186544,4.44089209850063E-16,0.707106781186551));
#5091=DIRECTION('center_axis',(-3.30339645544674E-16,1.,-9.22566838766105E-16));
#5092=DIRECTION('ref_axis',(0.707106781186544,-4.44089209850063E-16,-0.707106781186551));
#5093=DIRECTION('center_axis',(3.30339645544674E-16,-1.,9.22566838766105E-16));
#5094=DIRECTION('ref_axis',(0.707106781186551,8.85938671248746E-16,0.707106781186544));
#5095=CARTESIAN_POINT('',(0.,0.,0.));
#5096=CARTESIAN_POINT('Origin',(-0.991413685216374,2.6924,0.32899215095605));
#5097=CARTESIAN_POINT('',(-1.05989351490382,3.0099,0.288856087982976));
#5098=CARTESIAN_POINT('',(-1.05989351490382,2.86512,0.288856087982976));
#5099=CARTESIAN_POINT('',(-1.05989351490382,2.6924,0.288856087982976));
#5100=CARTESIAN_POINT('',(-1.0106162356796,3.0099,0.251974927682893));
#5101=CARTESIAN_POINT('Origin',(-0.991413685216374,3.0099,0.32899215095605));
#5102=CARTESIAN_POINT('',(-1.0106162356796,3.06832,0.251974927682893));
#5103=CARTESIAN_POINT('',(-1.0106162356796,2.6924,0.251974927682893));
#5104=CARTESIAN_POINT('',(-1.06674907163099,3.06832,0.353991554524139));
#5105=CARTESIAN_POINT('Origin',(-0.991413685216374,3.06832,0.32899215095605));
#5106=CARTESIAN_POINT('',(-1.06674907163099,2.86512,0.353991554524139));
#5107=CARTESIAN_POINT('',(-1.06674907163099,2.6924,0.353991554524139));
#5108=CARTESIAN_POINT('Origin',(-0.991413685216374,2.86512,0.32899215095605));
#5109=CARTESIAN_POINT('Origin',(-1.09056388154791,2.82702,0.271908114559252));
#5110=CARTESIAN_POINT('',(-0.502445159286966,3.0099,0.125273648103245));
#5111=CARTESIAN_POINT('',(-0.0341322798474876,3.0099,0.00851013316685814));
#5112=CARTESIAN_POINT('',(-0.502445159286966,3.06832,0.125273648103245));
#5113=CARTESIAN_POINT('',(-0.502445159286966,3.06832,0.125273648103245));
#5114=CARTESIAN_POINT('',(-1.09056388154791,3.06832,0.271908114559252));
#5115=CARTESIAN_POINT('Origin',(-1.015265866617E-16,2.86512,-2.83541692226374E-16));
#5116=CARTESIAN_POINT('',(-0.321184936223163,2.86512,1.05054858966319));
#5117=CARTESIAN_POINT('',(-0.288856087982965,2.86512,1.05989351490382));
#5118=CARTESIAN_POINT('Origin',(0.,2.86512,0.));
#5119=CARTESIAN_POINT('',(-0.324898056873141,2.86512,1.06269366006392));
#5120=CARTESIAN_POINT('',(-0.153166226811625,2.86512,0.500984154030135));
#5121=CARTESIAN_POINT('',(-1.06269366006392,2.86512,0.324898056873142));
#5122=CARTESIAN_POINT('Origin',(0.,2.86512,0.));
#5123=CARTESIAN_POINT('',(-1.05054858966319,2.86512,0.321184936223163));
#5124=CARTESIAN_POINT('',(-0.531346830031963,2.86512,0.162449028436566));
#5125=CARTESIAN_POINT('Origin',(0.,2.86512,0.));
#5126=CARTESIAN_POINT('',(-0.353991554524128,2.86512,1.066749071631));
#5127=CARTESIAN_POINT('Origin',(-1.015265866617E-16,2.86512,-2.83541692226374E-16));
#5128=CARTESIAN_POINT('Origin',(-0.32899215095604,2.86512,0.991413685216377));
#5129=CARTESIAN_POINT('Origin',(-0.10753428259405,2.82702,0.431296450329681));
#5130=CARTESIAN_POINT('',(-0.251974927682882,3.0099,1.0106162356796));
#5131=CARTESIAN_POINT('',(-0.12527364810324,3.0099,0.502445159286967));
#5132=CARTESIAN_POINT('',(-0.0219918022234923,3.0099,0.0882043010520778));
#5133=CARTESIAN_POINT('',(-0.251974927682883,3.06832,1.0106162356796));
#5134=CARTESIAN_POINT('',(-0.251974927682882,2.6924,1.0106162356796));
#5135=CARTESIAN_POINT('',(-0.12527364810324,3.06832,0.502445159286967));
#5136=CARTESIAN_POINT('',(-0.10753428259405,3.06832,0.431296450329681));
#5137=CARTESIAN_POINT('',(-0.12527364810324,3.06832,0.502445159286967));
#5138=CARTESIAN_POINT('Origin',(-0.32899215095604,2.6924,0.991413685216378));
#5139=CARTESIAN_POINT('',(-0.288856087982965,3.0099,1.05989351490382));
#5140=CARTESIAN_POINT('',(-0.288856087982965,2.6924,1.05989351490382));
#5141=CARTESIAN_POINT('',(-0.353991554524128,3.06832,1.066749071631));
#5142=CARTESIAN_POINT('',(-0.353991554524128,2.6924,1.066749071631));
#5143=CARTESIAN_POINT('Origin',(-0.32899215095604,3.06832,0.991413685216377));
#5144=CARTESIAN_POINT('Origin',(-0.32899215095604,3.0099,0.991413685216377));
#5145=CARTESIAN_POINT('Origin',(-4.44703230832241E-17,2.6924,-1.24195947834693E-16));
#5146=CARTESIAN_POINT('Origin',(-1.68651602636378E-16,3.06832,-4.71007273863647E-16));
#5147=CARTESIAN_POINT('Origin',(-0.202290871376398,3.06832,0.483242608823743));
#5148=CARTESIAN_POINT('',(-0.171640739349671,3.0099,0.410024031729237));
#5149=CARTESIAN_POINT('Origin',(-0.202290871376398,3.0099,0.483242608823743));
#5150=CARTESIAN_POINT('',(-0.171640739349671,3.06832,0.410024031729237));
#5151=CARTESIAN_POINT('Origin',(-0.202290871376398,3.06832,0.483242608823743));
#5152=CARTESIAN_POINT('',(-0.171640739349671,3.06832,0.410024031729237));
#5153=CARTESIAN_POINT('Origin',(-1.68651602636378E-16,3.06832,-4.71007273863647E-16));
#5154=CARTESIAN_POINT('',(-0.410024031729235,3.0099,0.171640739349675));
#5155=CARTESIAN_POINT('Origin',(-1.49353160543658E-16,3.0099,-4.1711091914293E-16));
#5156=CARTESIAN_POINT('',(-0.410024031729235,3.06832,0.171640739349675));
#5157=CARTESIAN_POINT('Origin',(-1.68651602636378E-16,3.06832,-4.71007273863647E-16));
#5158=CARTESIAN_POINT('',(-0.410024031729235,3.06832,0.171640739349675));
#5159=CARTESIAN_POINT('Origin',(-0.483242608823742,3.06832,0.202290871376402));
#5160=CARTESIAN_POINT('Origin',(-0.483242608823742,3.0099,0.202290871376402));
#5161=CARTESIAN_POINT('Origin',(-0.483242608823742,3.06832,0.202290871376402));
#5162=CARTESIAN_POINT('Origin',(-1.60678476869625E-16,3.06832,-5.08419633230721E-16));
#5163=CARTESIAN_POINT('Origin',(0.,2.52476,0.));
#5164=CARTESIAN_POINT('',(-0.321184936223163,3.0099,1.05054858966319));
#5165=CARTESIAN_POINT('Origin',(0.,3.0099,0.));
#5166=CARTESIAN_POINT('',(-0.321184936223163,2.52476,1.05054858966319));
#5167=CARTESIAN_POINT('Origin',(1.08585,3.0099,0.));
#5168=CARTESIAN_POINT('',(-1.05054858966319,3.0099,0.321184936223163));
#5169=CARTESIAN_POINT('Origin',(0.,3.0099,0.));
#5170=CARTESIAN_POINT('',(-1.06269366006392,3.0099,0.324898056873142));
#5171=CARTESIAN_POINT('',(-0.0348317179922431,3.0099,0.0106491248781336));
#5172=CARTESIAN_POINT('',(-0.324898056873141,3.0099,1.06269366006392));
#5173=CARTESIAN_POINT('Origin',(0.,3.0099,0.));
#5174=CARTESIAN_POINT('',(-0.106756338851349,3.0099,0.349184250471708));
#5175=CARTESIAN_POINT('Origin',(0.,2.52476,0.));
#5176=CARTESIAN_POINT('',(-1.05054858966319,2.52476,0.321184936223163));
#5177=CARTESIAN_POINT('Origin',(-1.06269366006392,3.0099,0.324898056873142));
#5178=CARTESIAN_POINT('',(-1.06269366006392,2.76733,0.324898056873142));
#5179=CARTESIAN_POINT('Origin',(0.,2.76733,0.));
#5180=CARTESIAN_POINT('',(-0.324898056873141,2.76733,1.06269366006392));
#5181=CARTESIAN_POINT('Origin',(-0.306332453623248,3.0099,1.00196830806027));
#5182=CARTESIAN_POINT('Origin',(0.991413685216374,2.6924,-0.32899215095605));
#5183=CARTESIAN_POINT('',(1.05989351490382,3.0099,-0.288856087982977));
#5184=CARTESIAN_POINT('',(1.05989351490382,2.86512,-0.288856087982976));
#5185=CARTESIAN_POINT('',(1.05989351490382,2.6924,-0.288856087982976));
#5186=CARTESIAN_POINT('',(1.0106162356796,3.0099,-0.251974927682893));
#5187=CARTESIAN_POINT('Origin',(0.991413685216374,3.0099,-0.32899215095605));
#5188=CARTESIAN_POINT('',(1.0106162356796,3.06832,-0.251974927682893));
#5189=CARTESIAN_POINT('',(1.0106162356796,2.6924,-0.251974927682893));
#5190=CARTESIAN_POINT('',(1.06674907163099,3.06832,-0.353991554524139));
#5191=CARTESIAN_POINT('Origin',(0.991413685216374,3.06832,-0.32899215095605));
#5192=CARTESIAN_POINT('',(1.06674907163099,2.86512,-0.353991554524139));
#5193=CARTESIAN_POINT('',(1.06674907163099,2.6924,-0.353991554524139));
#5194=CARTESIAN_POINT('Origin',(0.991413685216374,2.86512,-0.32899215095605));
#5195=CARTESIAN_POINT('Origin',(-1.015265866617E-16,2.86512,-2.83541692226374E-16));
#5196=CARTESIAN_POINT('',(1.05054858966319,2.86512,-0.321184936223163));
#5197=CARTESIAN_POINT('Origin',(0.,2.86512,0.));
#5198=CARTESIAN_POINT('',(0.353991554524128,2.86512,-1.066749071631));
#5199=CARTESIAN_POINT('Origin',(-1.015265866617E-16,2.86512,-2.83541692226374E-16));
#5200=CARTESIAN_POINT('',(0.288856087982964,2.86512,-1.05989351490382));
#5201=CARTESIAN_POINT('Origin',(0.32899215095604,2.86512,-0.991413685216378));
#5202=CARTESIAN_POINT('',(0.321184936223163,2.86512,-1.05054858966319));
#5203=CARTESIAN_POINT('Origin',(0.,2.86512,0.));
#5204=CARTESIAN_POINT('',(0.324898056873141,2.86512,-1.06269366006392));
#5205=CARTESIAN_POINT('',(0.153166226811625,2.86512,-0.500984154030135));
#5206=CARTESIAN_POINT('',(1.06269366006392,2.86512,-0.324898056873142));
#5207=CARTESIAN_POINT('Origin',(0.,2.86512,0.));
#5208=CARTESIAN_POINT('',(0.531346830031963,2.86512,-0.162449028436566));
#5209=CARTESIAN_POINT('Origin',(1.09056388154791,2.82702,-0.271908114559252));
#5210=CARTESIAN_POINT('',(0.502445159286965,3.0099,-0.125273648103246));
#5211=CARTESIAN_POINT('',(1.05643160170042,3.0099,-0.263397981392394));
#5212=CARTESIAN_POINT('',(0.502445159286965,3.06832,-0.125273648103246));
#5213=CARTESIAN_POINT('',(0.502445159286965,3.06832,-0.125273648103246));
#5214=CARTESIAN_POINT('',(1.09056388154791,3.06832,-0.271908114559253));
#5215=CARTESIAN_POINT('Origin',(0.483242608823741,3.06832,-0.202290871376403));
#5216=CARTESIAN_POINT('',(0.410024031729235,3.0099,-0.171640739349676));
#5217=CARTESIAN_POINT('Origin',(0.483242608823741,3.0099,-0.202290871376403));
#5218=CARTESIAN_POINT('',(0.410024031729235,3.06832,-0.171640739349676));
#5219=CARTESIAN_POINT('',(0.410024031729235,3.06832,-0.171640739349676));
#5220=CARTESIAN_POINT('Origin',(0.483242608823741,3.06832,-0.202290871376403));
#5221=CARTESIAN_POINT('Origin',(-1.68651602636378E-16,3.06832,-4.71007273863647E-16));
#5222=CARTESIAN_POINT('',(0.171640739349671,3.0099,-0.410024031729237));
#5223=CARTESIAN_POINT('Origin',(-1.49353160543658E-16,3.0099,-4.1711091914293E-16));
#5224=CARTESIAN_POINT('',(0.171640739349671,3.06832,-0.410024031729238));
#5225=CARTESIAN_POINT('',(0.171640739349671,3.06832,-0.410024031729237));
#5226=CARTESIAN_POINT('Origin',(-1.68651602636378E-16,3.06832,-4.71007273863647E-16));
#5227=CARTESIAN_POINT('Origin',(0.202290871376398,3.06832,-0.483242608823744));
#5228=CARTESIAN_POINT('',(0.12527364810324,3.0099,-0.502445159286967));
#5229=CARTESIAN_POINT('Origin',(0.202290871376398,3.0099,-0.483242608823744));
#5230=CARTESIAN_POINT('',(0.12527364810324,3.06832,-0.502445159286967));
#5231=CARTESIAN_POINT('',(0.12527364810324,3.06832,-0.502445159286967));
#5232=CARTESIAN_POINT('Origin',(0.202290871376398,3.06832,-0.483242608823744));
#5233=CARTESIAN_POINT('Origin',(0.10753428259405,2.82702,-0.431296450329681));
#5234=CARTESIAN_POINT('',(0.251974927682882,3.0099,-1.0106162356796));
#5235=CARTESIAN_POINT('',(0.085542480370557,3.0099,-0.343092149277603));
#5236=CARTESIAN_POINT('',(0.251974927682882,3.06832,-1.0106162356796));
#5237=CARTESIAN_POINT('',(0.251974927682882,2.6924,-1.0106162356796));
#5238=CARTESIAN_POINT('',(0.10753428259405,3.06832,-0.431296450329681));
#5239=CARTESIAN_POINT('Origin',(-4.44703230832241E-17,2.6924,-1.24195947834693E-16));
#5240=CARTESIAN_POINT('',(0.353991554524128,3.06832,-1.066749071631));
#5241=CARTESIAN_POINT('Origin',(-1.68651602636378E-16,3.06832,-4.71007273863647E-16));
#5242=CARTESIAN_POINT('',(0.353991554524128,2.6924,-1.066749071631));
#5243=CARTESIAN_POINT('Origin',(-1.60678476869625E-16,3.06832,-5.08419633230721E-16));
#5244=CARTESIAN_POINT('Origin',(0.32899215095604,3.06832,-0.991413685216378));
#5245=CARTESIAN_POINT('Origin',(0.32899215095604,2.6924,-0.991413685216378));
#5246=CARTESIAN_POINT('',(0.288856087982965,3.0099,-1.05989351490382));
#5247=CARTESIAN_POINT('',(0.288856087982964,2.6924,-1.05989351490382));
#5248=CARTESIAN_POINT('Origin',(0.32899215095604,3.0099,-0.991413685216378));
#5249=CARTESIAN_POINT('Origin',(0.,2.52476,0.));
#5250=CARTESIAN_POINT('',(1.05054858966319,3.0099,-0.321184936223163));
#5251=CARTESIAN_POINT('',(1.05054858966319,2.52476,-0.321184936223163));
#5252=CARTESIAN_POINT('Origin',(0.,3.0099,0.));
#5253=CARTESIAN_POINT('Origin',(1.06269366006392,3.0099,-0.324898056873142));
#5254=CARTESIAN_POINT('',(1.06269366006392,3.0099,-0.324898056873142));
#5255=CARTESIAN_POINT('',(1.06269366006392,2.76733,-0.324898056873142));
#5256=CARTESIAN_POINT('',(1.02786194207168,3.0099,-0.314248931994998));
#5257=CARTESIAN_POINT('Origin',(0.306332453623248,3.0099,-1.00196830806027));
#5258=CARTESIAN_POINT('',(0.321184936223163,3.0099,-1.05054858966319));
#5259=CARTESIAN_POINT('',(0.321184936223163,2.52476,-1.05054858966319));
#5260=CARTESIAN_POINT('',(0.324898056873141,3.0099,-1.06269366006392));
#5261=CARTESIAN_POINT('',(0.199576114771902,3.0099,-0.652784057588561));
#5262=CARTESIAN_POINT('',(0.324898056873141,2.76733,-1.06269366006392));
#5263=CARTESIAN_POINT('Origin',(0.,2.52476,0.));
#5264=CARTESIAN_POINT('Origin',(0.,3.0099,0.));
#5265=CARTESIAN_POINT('Origin',(1.08585,3.0099,0.));
#5266=CARTESIAN_POINT('Origin',(0.,3.0099,0.));
#5267=CARTESIAN_POINT('Origin',(0.,2.76733,0.));
#5268=CARTESIAN_POINT('Origin',(0.324898056873142,3.0099,1.06269366006392));
#5269=CARTESIAN_POINT('',(0.321184936223163,2.86512,1.05054858966319));
#5270=CARTESIAN_POINT('',(0.324898056873142,2.86512,1.06269366006392));
#5271=CARTESIAN_POINT('',(0.162449028436566,2.86512,0.531346830031963));
#5272=CARTESIAN_POINT('',(0.324898056873142,3.0099,1.06269366006392));
#5273=CARTESIAN_POINT('',(0.324898056873142,2.76733,1.06269366006392));
#5274=CARTESIAN_POINT('',(0.321184936223163,3.0099,1.05054858966319));
#5275=CARTESIAN_POINT('',(0.208858916396846,3.0099,0.683146733590395));
#5276=CARTESIAN_POINT('',(0.321184936223163,2.52476,1.05054858966319));
#5277=CARTESIAN_POINT('Origin',(1.00196830806027,3.0099,0.306332453623248));
#5278=CARTESIAN_POINT('',(1.06269366006392,2.86512,0.324898056873141));
#5279=CARTESIAN_POINT('',(1.05054858966319,2.86512,0.321184936223163));
#5280=CARTESIAN_POINT('',(0.500984154030135,2.86512,0.153166226811625));
#5281=CARTESIAN_POINT('',(1.05054858966319,3.0099,0.321184936223163));
#5282=CARTESIAN_POINT('',(1.05054858966319,2.52476,0.321184936223163));
#5283=CARTESIAN_POINT('',(1.06269366006392,3.0099,0.324898056873141));
#5284=CARTESIAN_POINT('',(0.997499266069858,3.0099,0.304966130370052));
#5285=CARTESIAN_POINT('',(1.06269366006392,2.76733,0.324898056873141));
#5286=CARTESIAN_POINT('Origin',(0.,2.52476,0.));
#5287=CARTESIAN_POINT('',(0.288856087982976,2.86512,1.05989351490382));
#5288=CARTESIAN_POINT('Origin',(0.,2.86512,0.));
#5289=CARTESIAN_POINT('',(0.288856087982976,3.0099,1.05989351490382));
#5290=CARTESIAN_POINT('Origin',(0.,3.0099,0.));
#5291=CARTESIAN_POINT('',(0.288856087982976,2.6924,1.05989351490382));
#5292=CARTESIAN_POINT('Origin',(0.,2.52476,0.));
#5293=CARTESIAN_POINT('',(1.05989351490382,2.86512,0.288856087982965));
#5294=CARTESIAN_POINT('',(1.05989351490382,3.0099,0.288856087982965));
#5295=CARTESIAN_POINT('',(1.05989351490382,2.6924,0.288856087982965));
#5296=CARTESIAN_POINT('Origin',(0.,3.0099,0.));
#5297=CARTESIAN_POINT('Origin',(0.,2.86512,0.));
#5298=CARTESIAN_POINT('Origin',(0.,2.76733,0.));
#5299=CARTESIAN_POINT('Origin',(0.,2.86512,0.));
#5300=CARTESIAN_POINT('Origin',(0.,3.0099,0.));
#5301=CARTESIAN_POINT('Origin',(1.08585,3.0099,0.));
#5302=CARTESIAN_POINT('',(1.0106162356796,3.0099,0.251974927682882));
#5303=CARTESIAN_POINT('Origin',(0.991413685216377,3.0099,0.32899215095604));
#5304=CARTESIAN_POINT('',(0.502445159286967,3.0099,0.12527364810324));
#5305=CARTESIAN_POINT('',(0.726797886091308,3.0099,0.181211065409787));
#5306=CARTESIAN_POINT('',(0.410024031729237,3.0099,0.171640739349671));
#5307=CARTESIAN_POINT('Origin',(0.483242608823743,3.0099,0.202290871376398));
#5308=CARTESIAN_POINT('',(0.171640739349675,3.0099,0.410024031729235));
#5309=CARTESIAN_POINT('Origin',(-1.49353160543658E-16,3.0099,-4.1711091914293E-16));
#5310=CARTESIAN_POINT('',(0.125273648103246,3.0099,0.502445159286965));
#5311=CARTESIAN_POINT('Origin',(0.202290871376403,3.0099,0.483242608823741));
#5312=CARTESIAN_POINT('',(0.251974927682893,3.0099,1.0106162356796));
#5313=CARTESIAN_POINT('',(0.167729396353161,3.0099,0.67272586488672));
#5314=CARTESIAN_POINT('Origin',(0.32899215095605,3.0099,0.991413685216374));
#5315=CARTESIAN_POINT('Origin',(0.431296450329681,2.82702,0.10753428259405));
#5316=CARTESIAN_POINT('',(1.0106162356796,3.06832,0.251974927682882));
#5317=CARTESIAN_POINT('',(1.0106162356796,2.6924,0.251974927682883));
#5318=CARTESIAN_POINT('',(0.502445159286967,3.06832,0.12527364810324));
#5319=CARTESIAN_POINT('',(0.431296450329681,3.06832,0.10753428259405));
#5320=CARTESIAN_POINT('',(0.502445159286967,3.06832,0.12527364810324));
#5321=CARTESIAN_POINT('Origin',(0.271908114559252,2.82702,1.0905638815479));
#5322=CARTESIAN_POINT('',(0.125273648103246,3.06832,0.502445159286965));
#5323=CARTESIAN_POINT('',(0.125273648103246,3.06832,0.502445159286965));
#5324=CARTESIAN_POINT('',(0.251974927682893,3.06832,1.0106162356796));
#5325=CARTESIAN_POINT('',(0.271908114559252,3.06832,1.0905638815479));
#5326=CARTESIAN_POINT('',(0.251974927682893,2.6924,1.0106162356796));
#5327=CARTESIAN_POINT('Origin',(-1.60678476869625E-16,3.06832,-5.08419633230721E-16));
#5328=CARTESIAN_POINT('',(0.410024031729237,3.06832,0.171640739349671));
#5329=CARTESIAN_POINT('Origin',(0.483242608823743,3.06832,0.202290871376398));
#5330=CARTESIAN_POINT('',(1.066749071631,3.06832,0.353991554524128));
#5331=CARTESIAN_POINT('Origin',(0.991413685216377,3.06832,0.32899215095604));
#5332=CARTESIAN_POINT('',(0.353991554524139,3.06832,1.06674907163099));
#5333=CARTESIAN_POINT('Origin',(-1.68651602636378E-16,3.06832,-4.71007273863647E-16));
#5334=CARTESIAN_POINT('Origin',(0.32899215095605,3.06832,0.991413685216374));
#5335=CARTESIAN_POINT('',(0.171640739349675,3.06832,0.410024031729235));
#5336=CARTESIAN_POINT('Origin',(0.202290871376403,3.06832,0.483242608823741));
#5337=CARTESIAN_POINT('Origin',(-1.68651602636378E-16,3.06832,-4.71007273863647E-16));
#5338=CARTESIAN_POINT('Origin',(0.202290871376403,3.06832,0.483242608823741));
#5339=CARTESIAN_POINT('',(0.171640739349675,3.06832,0.410024031729235));
#5340=CARTESIAN_POINT('Origin',(-1.68651602636378E-16,3.06832,-4.71007273863647E-16));
#5341=CARTESIAN_POINT('',(0.410024031729237,3.06832,0.171640739349671));
#5342=CARTESIAN_POINT('Origin',(0.483242608823743,3.06832,0.202290871376398));
#5343=CARTESIAN_POINT('Origin',(-4.44703230832241E-17,2.6924,-1.24195947834693E-16));
#5344=CARTESIAN_POINT('',(1.066749071631,2.86512,0.353991554524128));
#5345=CARTESIAN_POINT('',(0.353991554524139,2.86512,1.06674907163099));
#5346=CARTESIAN_POINT('Origin',(-1.015265866617E-16,2.86512,-2.83541692226374E-16));
#5347=CARTESIAN_POINT('',(0.353991554524139,2.6924,1.06674907163099));
#5348=CARTESIAN_POINT('',(1.066749071631,2.6924,0.353991554524128));
#5349=CARTESIAN_POINT('Origin',(0.991413685216378,2.6924,0.32899215095604));
#5350=CARTESIAN_POINT('Origin',(0.991413685216377,2.86512,0.32899215095604));
#5351=CARTESIAN_POINT('Origin',(-1.015265866617E-16,2.86512,-2.83541692226374E-16));
#5352=CARTESIAN_POINT('Origin',(0.32899215095605,2.86512,0.991413685216374));
#5353=CARTESIAN_POINT('Origin',(0.32899215095605,2.6924,0.991413685216374));
#5354=CARTESIAN_POINT('Origin',(-0.32899215095605,2.6924,-0.991413685216374));
#5355=CARTESIAN_POINT('',(-0.288856087982976,3.0099,-1.05989351490382));
#5356=CARTESIAN_POINT('',(-0.288856087982976,2.86512,-1.05989351490382));
#5357=CARTESIAN_POINT('',(-0.288856087982976,2.6924,-1.05989351490382));
#5358=CARTESIAN_POINT('',(-0.251974927682893,3.0099,-1.0106162356796));
#5359=CARTESIAN_POINT('Origin',(-0.328992150956051,3.0099,-0.991413685216375));
#5360=CARTESIAN_POINT('',(-0.251974927682893,3.06832,-1.0106162356796));
#5361=CARTESIAN_POINT('',(-0.251974927682893,2.6924,-1.0106162356796));
#5362=CARTESIAN_POINT('',(-0.35399155452414,3.06832,-1.06674907163099));
#5363=CARTESIAN_POINT('Origin',(-0.328992150956051,3.06832,-0.991413685216375));
#5364=CARTESIAN_POINT('',(-0.353991554524139,2.86512,-1.06674907163099));
#5365=CARTESIAN_POINT('',(-0.353991554524139,2.6924,-1.06674907163099));
#5366=CARTESIAN_POINT('Origin',(-0.328992150956051,2.86512,-0.991413685216374));
#5367=CARTESIAN_POINT('Origin',(-1.015265866617E-16,2.86512,-2.83541692226374E-16));
#5368=CARTESIAN_POINT('',(-1.05054858966319,2.86512,-0.321184936223163));
#5369=CARTESIAN_POINT('',(-1.05989351490382,2.86512,-0.288856087982965));
#5370=CARTESIAN_POINT('Origin',(0.,2.86512,0.));
#5371=CARTESIAN_POINT('',(-1.06269366006392,2.86512,-0.324898056873142));
#5372=CARTESIAN_POINT('',(-0.500984154030135,2.86512,-0.153166226811625));
#5373=CARTESIAN_POINT('',(-0.324898056873142,2.86512,-1.06269366006392));
#5374=CARTESIAN_POINT('Origin',(0.,2.86512,0.));
#5375=CARTESIAN_POINT('',(-0.321184936223163,2.86512,-1.05054858966319));
#5376=CARTESIAN_POINT('',(-0.162449028436566,2.86512,-0.531346830031963));
#5377=CARTESIAN_POINT('Origin',(0.,2.86512,0.));
#5378=CARTESIAN_POINT('',(-1.066749071631,2.86512,-0.353991554524128));
#5379=CARTESIAN_POINT('Origin',(-1.015265866617E-16,2.86512,-2.83541692226374E-16));
#5380=CARTESIAN_POINT('Origin',(-0.991413685216378,2.86512,-0.32899215095604));
#5381=CARTESIAN_POINT('Origin',(-0.431296450329681,2.82702,-0.107534282594051));
#5382=CARTESIAN_POINT('',(-1.0106162356796,3.0099,-0.251974927682883));
#5383=CARTESIAN_POINT('',(-0.502445159286967,3.0099,-0.125273648103241));
#5384=CARTESIAN_POINT('',(0.295501435761627,3.0099,0.0736767828157367));
#5385=CARTESIAN_POINT('',(-1.0106162356796,3.06832,-0.251974927682883));
#5386=CARTESIAN_POINT('',(-1.0106162356796,2.6924,-0.251974927682883));
#5387=CARTESIAN_POINT('',(-0.502445159286967,3.06832,-0.125273648103241));
#5388=CARTESIAN_POINT('',(-0.431296450329681,3.06832,-0.107534282594051));
#5389=CARTESIAN_POINT('',(-0.502445159286967,3.06832,-0.125273648103241));
#5390=CARTESIAN_POINT('Origin',(-0.991413685216378,2.6924,-0.32899215095604));
#5391=CARTESIAN_POINT('',(-1.05989351490382,3.0099,-0.288856087982966));
#5392=CARTESIAN_POINT('',(-1.05989351490382,2.6924,-0.288856087982965));
#5393=CARTESIAN_POINT('',(-1.066749071631,3.06832,-0.353991554524129));
#5394=CARTESIAN_POINT('',(-1.066749071631,2.6924,-0.353991554524128));
#5395=CARTESIAN_POINT('Origin',(-0.991413685216378,3.06832,-0.32899215095604));
#5396=CARTESIAN_POINT('Origin',(-0.991413685216378,3.0099,-0.32899215095604));
#5397=CARTESIAN_POINT('Origin',(-4.44703230832241E-17,2.6924,-1.24195947834693E-16));
#5398=CARTESIAN_POINT('Origin',(-1.68651602636378E-16,3.06832,-4.71007273863647E-16));
#5399=CARTESIAN_POINT('Origin',(-0.271908114559253,2.82702,-1.09056388154791));
#5400=CARTESIAN_POINT('',(-0.125273648103246,3.0099,-0.502445159286966));
#5401=CARTESIAN_POINT('',(-0.104178718206091,3.0099,-0.417838016661185));
#5402=CARTESIAN_POINT('',(-0.125273648103246,3.06832,-0.502445159286966));
#5403=CARTESIAN_POINT('',(-0.125273648103246,3.06832,-0.502445159286966));
#5404=CARTESIAN_POINT('',(-0.271908114559253,3.06832,-1.09056388154791));
#5405=CARTESIAN_POINT('Origin',(-0.483242608823744,3.06832,-0.202290871376398));
#5406=CARTESIAN_POINT('',(-0.410024031729237,3.0099,-0.171640739349671));
#5407=CARTESIAN_POINT('Origin',(-0.483242608823744,3.0099,-0.202290871376398));
#5408=CARTESIAN_POINT('',(-0.410024031729237,3.06832,-0.171640739349672));
#5409=CARTESIAN_POINT('Origin',(-0.483242608823744,3.06832,-0.202290871376398));
#5410=CARTESIAN_POINT('',(-0.410024031729237,3.06832,-0.171640739349672));
#5411=CARTESIAN_POINT('Origin',(-1.68651602636378E-16,3.06832,-4.71007273863647E-16));
#5412=CARTESIAN_POINT('',(-0.171640739349675,3.0099,-0.410024031729235));
#5413=CARTESIAN_POINT('Origin',(-1.49353160543658E-16,3.0099,-4.1711091914293E-16));
#5414=CARTESIAN_POINT('',(-0.171640739349675,3.06832,-0.410024031729236));
#5415=CARTESIAN_POINT('Origin',(-1.68651602636378E-16,3.06832,-4.71007273863647E-16));
#5416=CARTESIAN_POINT('',(-0.171640739349675,3.06832,-0.410024031729236));
#5417=CARTESIAN_POINT('Origin',(-0.202290871376403,3.06832,-0.483242608823742));
#5418=CARTESIAN_POINT('Origin',(-0.202290871376403,3.0099,-0.483242608823742));
#5419=CARTESIAN_POINT('Origin',(-0.202290871376403,3.06832,-0.483242608823742));
#5420=CARTESIAN_POINT('Origin',(-1.60678476869625E-16,3.06832,-5.08419633230721E-16));
#5421=CARTESIAN_POINT('Origin',(1.08585,3.0099,0.));
#5422=CARTESIAN_POINT('',(-0.321184936223163,3.0099,-1.05054858966319));
#5423=CARTESIAN_POINT('Origin',(0.,3.0099,0.));
#5424=CARTESIAN_POINT('',(-0.324898056873142,3.0099,-1.06269366006392));
#5425=CARTESIAN_POINT('',(-0.116039140476286,3.0099,-0.379546926473531));
#5426=CARTESIAN_POINT('',(-1.06269366006392,3.0099,-0.324898056873141));
#5427=CARTESIAN_POINT('Origin',(0.,3.0099,0.));
#5428=CARTESIAN_POINT('',(-1.05054858966319,3.0099,-0.321184936223163));
#5429=CARTESIAN_POINT('',(-0.00446904199041104,3.0099,-0.00136632325319858));
#5430=CARTESIAN_POINT('Origin',(0.,3.0099,0.));
#5431=CARTESIAN_POINT('Origin',(0.,2.76733,0.));
#5432=CARTESIAN_POINT('',(-1.06269366006392,2.76733,-0.324898056873142));
#5433=CARTESIAN_POINT('',(-0.324898056873142,2.76733,-1.06269366006392));
#5434=CARTESIAN_POINT('Origin',(0.,2.52476,0.));
#5435=CARTESIAN_POINT('',(-1.05054858966319,2.52476,-0.321184936223163));
#5436=CARTESIAN_POINT('Origin',(0.,2.52476,0.));
#5437=CARTESIAN_POINT('',(-0.321184936223163,2.52476,-1.05054858966319));
#5438=CARTESIAN_POINT('Origin',(-1.00196830806027,3.0099,-0.306332453623248));
#5439=CARTESIAN_POINT('Origin',(-0.324898056873142,3.0099,-1.06269366006392));
#5440=CARTESIAN_POINT('Origin',(0.738544199125573,1.55448409489058,0.427411713308835));
#5441=CARTESIAN_POINT('',(1.66149202656451,1.61798132807262,0.959591416188655));
#5442=CARTESIAN_POINT('Origin',(1.66119564074097,1.55448409489058,0.960104771493679));
#5443=CARTESIAN_POINT('',(0.928565789049872,1.55448409489058,0.610444213590552));
#5444=CARTESIAN_POINT('Ctrl Pts',(0.928565789049872,1.55448409489058,0.610444213590552));
#5445=CARTESIAN_POINT('Ctrl Pts',(0.928565789049872,1.56245922321519,0.610444213590552));
#5446=CARTESIAN_POINT('Ctrl Pts',(0.929446120786439,1.57096471250447,0.609111649903755));
#5447=CARTESIAN_POINT('Ctrl Pts',(0.932987776788375,1.58660927751828,0.603672843386082));
#5448=CARTESIAN_POINT('Ctrl Pts',(0.935644773678549,1.59374850328275,0.59956421535267));
#5449=CARTESIAN_POINT('Ctrl Pts',(0.94168420578036,1.60502226896673,0.590033259797547));
#5450=CARTESIAN_POINT('Ctrl Pts',(0.945468859251721,1.60990892766761,0.583974672418113));
#5451=CARTESIAN_POINT('Ctrl Pts',(0.953598209827813,1.61638988998537,0.570603396461453));
#5452=CARTESIAN_POINT('Ctrl Pts',(0.957938748425629,1.61798409489058,0.563288132234515));
#5453=CARTESIAN_POINT('Ctrl Pts',(0.965924716793809,1.61798409489058,0.549481213674102));
#5454=CARTESIAN_POINT('Ctrl Pts',(0.970101268372018,1.61638995258729,0.542071311991876));
#5455=CARTESIAN_POINT('Ctrl Pts',(0.977637903007367,1.6099090174865,0.528357746972027));
#5456=CARTESIAN_POINT('Ctrl Pts',(0.981002291712301,1.60502231816189,0.522056406173278));
#5457=CARTESIAN_POINT('Ctrl Pts',(0.986252145520683,1.59374840954623,0.512069422334615));
#5458=CARTESIAN_POINT('Ctrl Pts',(0.988488531494257,1.58660910561243,0.50771794794189));
#5459=CARTESIAN_POINT('Ctrl Pts',(0.991436724600978,1.57096452360049,0.501936562411142));
#5460=CARTESIAN_POINT('Ctrl Pts',(0.99215276157219,1.56245910080748,0.500509200919101));
#5461=CARTESIAN_POINT('Ctrl Pts',(0.99215276157219,1.54650904251569,0.500509200919101));
#5462=CARTESIAN_POINT('Ctrl Pts',(0.991436716355814,1.53800357336556,0.501936578921694));
#5463=CARTESIAN_POINT('Ctrl Pts',(0.988488491418403,1.52235892056926,0.507718026188501));
#5464=CARTESIAN_POINT('Ctrl Pts',(0.98625208176928,1.51521959220486,0.512069545753845));
#5465=CARTESIAN_POINT('Ctrl Pts',(0.98100220328882,1.50394573285917,0.522056572241707));
#5466=CARTESIAN_POINT('Ctrl Pts',(0.977637824976475,1.49905908449308,0.528357890830659));
#5467=CARTESIAN_POINT('Ctrl Pts',(0.970101222876868,1.49257821877275,0.542071392899636));
#5468=CARTESIAN_POINT('Ctrl Pts',(0.965924693533021,1.49098409489058,0.549481253889615));
#5469=CARTESIAN_POINT('Ctrl Pts',(0.957938724511329,1.49098409489058,0.563288173579881));
#5470=CARTESIAN_POINT('Ctrl Pts',(0.953598161048273,1.49257831873466,0.570603478481649));
#5471=CARTESIAN_POINT('Ctrl Pts',(0.945468771050538,1.49905935238017,0.583974815705805));
#5472=CARTESIAN_POINT('Ctrl Pts',(0.941684103113023,1.50394606346908,0.590033423734147));
#5473=CARTESIAN_POINT('Ctrl Pts',(0.935644696368962,1.51521987980642,0.599564335441422));
#5474=CARTESIAN_POINT('Ctrl Pts',(0.932987727598873,1.52235908045534,0.603672919217435));
#5475=CARTESIAN_POINT('Ctrl Pts',(0.929446110298435,1.53800357269863,0.609111665717213));
#5476=CARTESIAN_POINT('Ctrl Pts',(0.928565789049872,1.54650901432938,0.610444213590552));
#5477=CARTESIAN_POINT('Ctrl Pts',(0.928565789049872,1.55448409489058,0.610444213590552));
#5478=CARTESIAN_POINT('Origin',(2.97127336552119,0.71809530659952,1.725494421507));
#5479=CARTESIAN_POINT('',(3.19111340832008,0.690156523999423,1.85272029784121));
#5480=CARTESIAN_POINT('Origin',(3.19124381808244,0.71809530659952,1.852494421507));
#5481=CARTESIAN_POINT('',(2.97114295575883,0.690156523999423,1.72572029784121));
#5482=CARTESIAN_POINT('Origin',(2.97127336552119,0.71809530659952,1.725494421507));
#5483=CARTESIAN_POINT('Origin',(3.19124381808244,0.71809530659952,1.852494421507));
#5484=CARTESIAN_POINT('Origin',(2.97127336552119,0.71809530659952,1.725494421507));
#5485=CARTESIAN_POINT('',(2.97097697969765,0.65459807341748,1.72600777681203));
#5486=CARTESIAN_POINT('Origin',(2.97127336552119,0.71809530659952,1.725494421507));
#5487=CARTESIAN_POINT('Origin',(2.42067929753352,0.71809530659952,1.40760878814011));
#5488=CARTESIAN_POINT('',(2.42097568335707,0.78159253978156,1.40709543283508));
#5489=CARTESIAN_POINT('Origin',(2.42067929753352,0.71809530659952,1.40760878814011));
#5490=CARTESIAN_POINT('Origin',(2.4225998776701,1.12955737761914,1.40428224576355));
#5491=CARTESIAN_POINT('',(2.16761567932044,0.94250003657639,1.25908345047242));
#5492=CARTESIAN_POINT('Origin',(2.12108571611794,0.908365485291216,1.23258731994484));
#5493=CARTESIAN_POINT('Origin',(1.82393783311486,1.45112745461361,1.05517816162444));
#5494=CARTESIAN_POINT('',(1.87046779631735,1.48526200589878,1.08167429215202));
#5495=CARTESIAN_POINT('Origin',(1.82393783311486,1.45112745461361,1.05517816162444));
#5496=CARTESIAN_POINT('Origin',(1.66015236264209,1.3309738340898,0.961911782167364));
#5497=CARTESIAN_POINT('Origin',(0.739421501163268,1.74243590510942,0.425892181605963));
#5498=CARTESIAN_POINT('',(1.66236932860221,1.80593313829146,0.958071884485784));
#5499=CARTESIAN_POINT('Origin',(1.66207294277866,1.74243590510942,0.958585239790808));
#5500=CARTESIAN_POINT('',(0.929530063609885,1.74243590510942,0.608974895496853));
#5501=CARTESIAN_POINT('Ctrl Pts',(0.929530063609885,1.74243590510942,0.608974895496853));
#5502=CARTESIAN_POINT('Ctrl Pts',(0.929530063609885,1.75041091102632,0.608974895496853));
#5503=CARTESIAN_POINT('Ctrl Pts',(0.930408176436771,1.75891633381933,0.607641108543713));
#5504=CARTESIAN_POINT('Ctrl Pts',(0.933940906622109,1.77456091583127,0.602197205652657));
#5505=CARTESIAN_POINT('Ctrl Pts',(0.936591201003339,1.78170021976507,0.598084701390513));
#5506=CARTESIAN_POINT('Ctrl Pts',(0.942615255810616,1.79297412838073,0.588544702706968));
#5507=CARTESIAN_POINT('Ctrl Pts',(0.946390182667769,1.79786082770534,0.582480386220915));
#5508=CARTESIAN_POINT('Ctrl Pts',(0.954498161033732,1.80434176280613,0.569096686657736));
#5509=CARTESIAN_POINT('Ctrl Pts',(0.958827048340981,1.80593590510942,0.561774736049679));
#5510=CARTESIAN_POINT('Ctrl Pts',(0.966791206378191,1.80593590510942,0.547955225288809));
#5511=CARTESIAN_POINT('Ctrl Pts',(0.970956141735207,1.80434170020421,0.540538576483525));
#5512=CARTESIAN_POINT('Ctrl Pts',(0.978471331106641,1.79786073788645,0.52681271439003));
#5513=CARTESIAN_POINT('Ctrl Pts',(0.981825894952598,1.79297407918557,0.520505814649593));
#5514=CARTESIAN_POINT('Ctrl Pts',(0.98706022853477,1.78170031350159,0.510510035247432));
#5515=CARTESIAN_POINT('Ctrl Pts',(0.989289906341318,1.77456108773712,0.506154694426059));
#5516=CARTESIAN_POINT('Ctrl Pts',(0.992229222950924,1.75891652272331,0.500368127098081));
#5517=CARTESIAN_POINT('Ctrl Pts',(0.992943091087568,1.75041103343403,0.498939455607057));
#5518=CARTESIAN_POINT('Ctrl Pts',(0.992943091087568,1.73446082454822,0.498939455607057));
#5519=CARTESIAN_POINT('Ctrl Pts',(0.992229231401778,1.72595538291747,0.500368110108474));
#5520=CARTESIAN_POINT('Ctrl Pts',(0.989289947418445,1.71031089067418,0.506154613911024));
#5521=CARTESIAN_POINT('Ctrl Pts',(0.987060293879886,1.70317169002526,0.51050990825099));
#5522=CARTESIAN_POINT('Ctrl Pts',(0.98182598559219,1.69189787368792,0.520505643768771));
#5523=CARTESIAN_POINT('Ctrl Pts',(0.978471411096831,1.68701116259901,0.526812566361718));
#5524=CARTESIAN_POINT('Ctrl Pts',(0.970956188377011,1.6805301289535,0.540538493229106));
#5525=CARTESIAN_POINT('Ctrl Pts',(0.966791230227179,1.67893590510942,0.547955183905735));
#5526=CARTESIAN_POINT('Ctrl Pts',(0.958827071538243,1.67893590510942,0.561774695797489));
#5527=CARTESIAN_POINT('Ctrl Pts',(0.954498208354334,1.68053002899159,0.569096606803902));
#5528=CARTESIAN_POINT('Ctrl Pts',(0.946390268237553,1.68701089471192,0.582480246714864));
#5529=CARTESIAN_POINT('Ctrl Pts',(0.942615355418354,1.69189754307801,0.588544543095773));
#5530=CARTESIAN_POINT('Ctrl Pts',(0.936591276011826,1.7031714024237,0.598084584470563));
#5531=CARTESIAN_POINT('Ctrl Pts',(0.933940954347736,1.7103107307881,0.602197131822644));
#5532=CARTESIAN_POINT('Ctrl Pts',(0.930408186612745,1.7259553835844,0.607641093147917));
#5533=CARTESIAN_POINT('Ctrl Pts',(0.929530063609885,1.73446085273453,0.608974895496853));
#5534=CARTESIAN_POINT('Ctrl Pts',(0.929530063609885,1.74243590510942,0.608974895496853));
#5535=CARTESIAN_POINT('Origin',(2.53220976243639,0.906047116818359,1.46997488980413));
#5536=CARTESIAN_POINT('',(2.75204980523528,0.878108334218262,1.59720076613834));
#5537=CARTESIAN_POINT('Origin',(2.75218021499764,0.906047116818359,1.59697488980413));
#5538=CARTESIAN_POINT('',(2.53207935267403,0.878108334218262,1.47020076613834));
#5539=CARTESIAN_POINT('Origin',(2.53220976243639,0.906047116818359,1.46997488980413));
#5540=CARTESIAN_POINT('Origin',(2.75218021499764,0.906047116818359,1.59697488980413));
#5541=CARTESIAN_POINT('Origin',(2.42155659957122,0.906047116818359,1.40608925643724));
#5542=CARTESIAN_POINT('',(2.53250614825994,0.969544350000399,1.46946153449911));
#5543=CARTESIAN_POINT('Origin',(2.5322097624364,0.906047116818359,1.46997488980413));
#5544=CARTESIAN_POINT('',(2.42185298539476,0.969544350000399,1.40557590113221));
#5545=CARTESIAN_POINT('Origin',(2.42155659957122,0.906047116818359,1.40608925643724));
#5546=CARTESIAN_POINT('Origin',(2.4225998776701,1.12955737761914,1.40428224576355));
#5547=CARTESIAN_POINT('',(2.30534437039981,1.0435383083805,1.33751199683405));
#5548=CARTESIAN_POINT('Origin',(2.25881440719732,1.00940375709533,1.31101586630647));
#5549=CARTESIAN_POINT('Origin',(1.96166652419424,1.55216572641772,1.13360670798608));
#5550=CARTESIAN_POINT('',(2.00819648739673,1.5863002777029,1.16010283851366));
#5551=CARTESIAN_POINT('Origin',(1.96166652419424,1.55216572641772,1.13360670798608));
#5552=CARTESIAN_POINT('Origin',(1.66015236264209,1.3309738340898,0.961911782167364));
#5553=CARTESIAN_POINT('Origin',(2.53177111141755,0.81207121170894,1.47073465565557));
#5554=CARTESIAN_POINT('Origin',(0.69199489758971,1.6493373020377,0.508037468625792));
#5555=CARTESIAN_POINT('',(1.61494272502865,1.71283453521974,1.04021717150561));
#5556=CARTESIAN_POINT('Origin',(1.61464633920511,1.6493373020377,1.04073052681064));
#5557=CARTESIAN_POINT('',(0.873920656999351,1.6493373020377,0.686395838980558));
#5558=CARTESIAN_POINT('Ctrl Pts',(0.873920656999351,1.6493373020377,0.686395838980558));
#5559=CARTESIAN_POINT('Ctrl Pts',(0.873920656999351,1.65732509637147,0.686395838980558));
#5560=CARTESIAN_POINT('Ctrl Pts',(0.874921881491384,1.66583801812759,0.685126984749007));
#5561=CARTESIAN_POINT('Ctrl Pts',(0.878944181910594,1.68148152606655,0.679959123028392));
#5562=CARTESIAN_POINT('Ctrl Pts',(0.881960498514815,1.68861263073544,0.676057982042185));
#5563=CARTESIAN_POINT('Ctrl Pts',(0.888822473396012,1.69987865500941,0.667010860792467));
#5564=CARTESIAN_POINT('Ctrl Pts',(0.893129201839458,1.70476282709665,0.661255359272963));
#5565=CARTESIAN_POINT('Ctrl Pts',(0.902399527139093,1.7112422617863,0.648547234025993));
#5566=CARTESIAN_POINT('Ctrl Pts',(0.907359252430131,1.7128373020377,0.641591673164984));
#5567=CARTESIAN_POINT('Ctrl Pts',(0.916499880270739,1.7128373020377,0.628465063546957));
#5568=CARTESIAN_POINT('Ctrl Pts',(0.921291913917353,1.71124902839467,0.62141711686777));
#5569=CARTESIAN_POINT('Ctrl Pts',(0.92996780903332,1.70477256374362,0.608356719323501));
#5570=CARTESIAN_POINT('Ctrl Pts',(0.933855689424603,1.6998840169755,0.602347115072246));
#5571=CARTESIAN_POINT('Ctrl Pts',(0.93992832645468,1.68860251038698,0.592826391964757));
#5572=CARTESIAN_POINT('Ctrl Pts',(0.942519903897304,1.68146292940973,0.5886792893969));
#5573=CARTESIAN_POINT('Ctrl Pts',(0.945939011759626,1.66581754397683,0.583169324493074));
#5574=CARTESIAN_POINT('Ctrl Pts',(0.946770798071198,1.65731180467561,0.581808919164726));
#5575=CARTESIAN_POINT('Ctrl Pts',(0.946770798071198,1.64136522448767,0.581808919164726));
#5576=CARTESIAN_POINT('Ctrl Pts',(0.945939512010122,1.63286190591578,0.583168502980921));
#5577=CARTESIAN_POINT('Ctrl Pts',(0.94252232882438,1.61722021626174,0.588675396910171));
#5578=CARTESIAN_POINT('Ctrl Pts',(0.939932180545845,1.61008191021149,0.592820252683654));
#5579=CARTESIAN_POINT('Ctrl Pts',(0.933861016475939,1.59879782574245,0.602338860137193));
#5580=CARTESIAN_POINT('Ctrl Pts',(0.929972499238673,1.59390661701224,0.608349573395607));
#5581=CARTESIAN_POINT('Ctrl Pts',(0.921294635813722,1.58742653297465,0.621413104796775));
#5582=CARTESIAN_POINT('Ctrl Pts',(0.916501266140508,1.5858373020377,0.628463073336683));
#5583=CARTESIAN_POINT('Ctrl Pts',(0.907352033753609,1.5858373020377,0.641602039712044));
#5584=CARTESIAN_POINT('Ctrl Pts',(0.90238484840331,1.58743733469364,0.648567775010705));
#5585=CARTESIAN_POINT('Ctrl Pts',(0.893102735876828,1.59393556579528,0.661291219192821));
#5586=CARTESIAN_POINT('Ctrl Pts',(0.888791702526409,1.59883354167128,0.667051881934795));
#5587=CARTESIAN_POINT('Ctrl Pts',(0.88193734130275,1.61011296901022,0.676088060279848));
#5588=CARTESIAN_POINT('Ctrl Pts',(0.878929444068351,1.61723747370479,0.679978127729423));
#5589=CARTESIAN_POINT('Ctrl Pts',(0.874918735046357,1.6328618034269,0.685130957514693));
#5590=CARTESIAN_POINT('Ctrl Pts',(0.873920656999351,1.64136214427482,0.686395838980558));
#5591=CARTESIAN_POINT('Ctrl Pts',(0.873920656999351,1.6493373020377,0.686395838980558));
#5592=CARTESIAN_POINT('Origin',(2.70475361142408,0.812948513746635,1.67912017682396));
#5593=CARTESIAN_POINT('',(2.92459365422297,0.785009731146537,1.80634605315817));
#5594=CARTESIAN_POINT('Origin',(2.92472406398533,0.812948513746635,1.80612017682396));
#5595=CARTESIAN_POINT('',(2.70462320166172,0.785009731146537,1.67934605315817));
#5596=CARTESIAN_POINT('Origin',(2.70475361142408,0.812948513746635,1.67912017682396));
#5597=CARTESIAN_POINT('Origin',(2.92472406398533,0.812948513746635,1.80612017682396));
#5598=CARTESIAN_POINT('Origin',(2.70475361142408,0.812948513746635,1.67912017682396));
#5599=CARTESIAN_POINT('',(2.70445722560054,0.749451280564594,1.67963353212898));
#5600=CARTESIAN_POINT('Origin',(2.70475361142408,0.812948513746635,1.67912017682396));
#5601=CARTESIAN_POINT('Origin',(2.37412999599766,0.812948513746635,1.48823454345707));
#5602=CARTESIAN_POINT('',(2.37442638182121,0.876445746928675,1.48772118815204));
#5603=CARTESIAN_POINT('Origin',(2.37412999599766,0.812948513746635,1.48823454345707));
#5604=CARTESIAN_POINT('Origin',(2.37561192511539,1.13043467965684,1.48566776693195));
#5605=CARTESIAN_POINT('',(2.18949207230542,0.993896474516142,1.37968324482163));
#5606=CARTESIAN_POINT('Origin',(2.14296210910292,0.959761923230968,1.35318711429405));
#5607=CARTESIAN_POINT('Origin',(1.84581422609984,1.50252389255336,1.17577795597366));
#5608=CARTESIAN_POINT('',(1.89234418930233,1.53665844383854,1.20227408650123));
#5609=CARTESIAN_POINT('Origin',(1.84581422609984,1.50252389255336,1.17577795597366));
#5610=CARTESIAN_POINT('Origin',(1.61316441008738,1.3318511361275,1.04329730333576));
#5611=CARTESIAN_POINT('Origin',(0.78597080269913,1.64758269796231,0.345266426289006));
#5612=CARTESIAN_POINT('',(1.70891863013807,1.71107993114435,0.877446129168826));
#5613=CARTESIAN_POINT('Origin',(1.70862224431453,1.64758269796231,0.87795948447385));
#5614=CARTESIAN_POINT('',(0.977246703180618,1.64758269796231,0.529023103108563));
#5615=CARTESIAN_POINT('Ctrl Pts',(0.977246703180618,1.64758269796231,0.529023103108563));
#5616=CARTESIAN_POINT('Ctrl Pts',(0.977246703180618,1.65555720060022,0.529023103108563));
#5617=CARTESIAN_POINT('Ctrl Pts',(0.978008955598625,1.66406293990144,0.527622552368047));
#5618=CARTESIAN_POINT('Ctrl Pts',(0.981071171248138,1.67970832533434,0.521906535649085));
#5619=CARTESIAN_POINT('Ctrl Pts',(0.98336687870269,1.68684790631159,0.517588612463969));
#5620=CARTESIAN_POINT('Ctrl Pts',(0.988575748261134,1.69812941290011,0.507569192974215));
#5621=CARTESIAN_POINT('Ctrl Pts',(0.991836278013771,1.70301795966823,0.501197387662862));
#5622=CARTESIAN_POINT('Ctrl Pts',(0.998808966512648,1.70949442431928,0.487153643319731));
#5623=CARTESIAN_POINT('Ctrl Pts',(1.00251665055804,1.71108269796231,0.47947964710638));
#5624=CARTESIAN_POINT('Ctrl Pts',(1.0093143140325,1.71108269796231,0.465000326380861));
#5625=CARTESIAN_POINT('Ctrl Pts',(1.01285814379019,1.70948765771091,0.457227297852525));
#5626=CARTESIAN_POINT('Ctrl Pts',(1.01922854043872,1.70300822302126,0.44284489801821));
#5627=CARTESIAN_POINT('Ctrl Pts',(1.02205958674441,1.69812405093402,0.436237411019233));
#5628=CARTESIAN_POINT('Ctrl Pts',(1.02646363613718,1.68685802666005,0.425771205827127));
#5629=CARTESIAN_POINT('Ctrl Pts',(1.02833396503287,1.67972692199116,0.421208428528911));
#5630=CARTESIAN_POINT('Ctrl Pts',(1.03079831435657,1.6640834140522,0.415141083323915));
#5631=CARTESIAN_POINT('Ctrl Pts',(1.03139656210877,1.65557049229608,0.413639570363148));
#5632=CARTESIAN_POINT('Ctrl Pts',(1.03139656210877,1.63960754019943,0.413639570363148));
#5633=CARTESIAN_POINT('Ctrl Pts',(1.03080018165006,1.63110719935151,0.415136372039746));
#5634=CARTESIAN_POINT('Ctrl Pts',(1.02834305466563,1.6154828696294,0.421186162832616));
#5635=CARTESIAN_POINT('Ctrl Pts',(1.02647810604907,1.60835836493483,0.425736111974367));
#5636=CARTESIAN_POINT('Ctrl Pts',(1.02207972666095,1.59707893759589,0.436190252093297));
#5637=CARTESIAN_POINT('Ctrl Pts',(1.01924636305898,1.59218096171989,0.442804047862309));
#5638=CARTESIAN_POINT('Ctrl Pts',(1.01286859343688,1.58568273061825,0.457204315202085));
#5639=CARTESIAN_POINT('Ctrl Pts',(1.00931968238735,1.58408269796231,0.46498889155008));
#5640=CARTESIAN_POINT('Ctrl Pts',(1.00251561992026,1.58408269796231,0.479481842409943));
#5641=CARTESIAN_POINT('Ctrl Pts',(0.998806852905429,1.58567192889926,0.48715800658663));
#5642=CARTESIAN_POINT('Ctrl Pts',(0.991832434561357,1.59215201293685,0.501205022463793));
#5643=CARTESIAN_POINT('Ctrl Pts',(0.98857126280334,1.59704322166706,0.507577933803526));
#5644=CARTESIAN_POINT('Ctrl Pts',(0.983363488974876,1.6083273061361,0.517595019845378));
#5645=CARTESIAN_POINT('Ctrl Pts',(0.981069012719285,1.61546561218635,0.5219105819409));
#5646=CARTESIAN_POINT('Ctrl Pts',(0.978008494273479,1.63110730184039,0.527623396353762));
#5647=CARTESIAN_POINT('Ctrl Pts',(0.977246703180618,1.63961062041228,0.529023103108563));
#5648=CARTESIAN_POINT('Ctrl Pts',(0.977246703180618,1.64758269796231,0.529023103108563));
#5649=CARTESIAN_POINT('Origin',(3.238670421656,0.811193909671245,1.77034913448717));
#5650=CARTESIAN_POINT('',(3.45851046445489,0.783255127071147,1.89757501082138));
#5651=CARTESIAN_POINT('Origin',(3.45864087421725,0.811193909671245,1.89734913448717));
#5652=CARTESIAN_POINT('',(3.23854001189364,0.783255127071147,1.77057501082138));
#5653=CARTESIAN_POINT('Origin',(3.238670421656,0.811193909671245,1.77034913448717));
#5654=CARTESIAN_POINT('Origin',(3.45864087421725,0.811193909671245,1.89734913448717));
#5655=CARTESIAN_POINT('Origin',(3.238670421656,0.811193909671245,1.77034913448717));
#5656=CARTESIAN_POINT('',(3.23837403583245,0.747696676489204,1.7708624897922));
#5657=CARTESIAN_POINT('Origin',(3.238670421656,0.811193909671245,1.77034913448717));
#5658=CARTESIAN_POINT('Origin',(2.46810590110708,0.811193909671245,1.32546350112028));
#5659=CARTESIAN_POINT('',(2.46840228693063,0.874691142853285,1.32495014581526));
#5660=CARTESIAN_POINT('Origin',(2.46810590110708,0.811193909671245,1.32546350112028));
#5661=CARTESIAN_POINT('Origin',(2.46958783022481,1.12868007558145,1.32289672459516));
#5662=CARTESIAN_POINT('',(2.28346797741484,0.992141870440752,1.21691220248484));
#5663=CARTESIAN_POINT('Origin',(2.23693801421234,0.958007319155578,1.19041607195726));
#5664=CARTESIAN_POINT('Origin',(1.93979013120926,1.50076928847797,1.01300691363687));
#5665=CARTESIAN_POINT('',(1.98632009441175,1.53490383976315,1.03950304416445));
#5666=CARTESIAN_POINT('Origin',(1.93979013120926,1.50076928847797,1.01300691363687));
#5667=CARTESIAN_POINT('Origin',(1.7071403151968,1.33009653205211,0.880526260998971));
#5668=CARTESIAN_POINT('Origin',(1.02147857859779,3.08356,-0.0545854124812612));
#5669=CARTESIAN_POINT('',(1.02147857859779,2.97434,-0.0545854124812612));
#5670=CARTESIAN_POINT('',(0.923841935414065,2.97434,-0.114526214193428));
#5671=CARTESIAN_POINT('',(0.923841935414065,2.97434,-0.114526214193428));
#5672=CARTESIAN_POINT('',(1.02147857859779,3.08356,-0.0545854124812612));
#5673=CARTESIAN_POINT('',(1.02147857859779,3.08356,-0.0545854124812612));
#5674=CARTESIAN_POINT('',(0.923841935414065,3.08356,-0.114526214193428));
#5675=CARTESIAN_POINT('',(1.01465702697603,3.08356,-0.0587732794520669));
#5676=CARTESIAN_POINT('',(0.923841935414065,3.08356,-0.114526214193428));
#5677=CARTESIAN_POINT('Origin',(0.923841935414065,3.08356,-0.114526214193428));
#5678=CARTESIAN_POINT('',(0.823113356816261,2.97434,-0.0599408017121685));
#5679=CARTESIAN_POINT('',(0.823113356816261,2.97434,-0.0599408017121685));
#5680=CARTESIAN_POINT('',(0.823113356816261,3.08356,-0.0599408017121685));
#5681=CARTESIAN_POINT('',(0.934948930072977,3.08356,-0.120545160289199));
#5682=CARTESIAN_POINT('',(0.823113356816261,3.08356,-0.0599408017121685));
#5683=CARTESIAN_POINT('Origin',(0.823113356816261,3.08356,-0.0599408017121685));
#5684=CARTESIAN_POINT('',(0.820021421402181,2.97434,0.0545854124812574));
#5685=CARTESIAN_POINT('',(0.820021421402181,2.97434,0.0545854124812574));
#5686=CARTESIAN_POINT('',(0.820021421402181,3.08356,0.0545854124812574));
#5687=CARTESIAN_POINT('',(0.822897333442755,3.08356,-0.0519392312290911));
#5688=CARTESIAN_POINT('',(0.820021421402181,3.08356,0.0545854124812574));
#5689=CARTESIAN_POINT('Origin',(0.820021421402181,3.08356,0.0545854124812574));
#5690=CARTESIAN_POINT('',(0.917658064585906,2.97434,0.114526214193424));
#5691=CARTESIAN_POINT('',(0.917658064585906,2.97434,0.114526214193424));
#5692=CARTESIAN_POINT('',(0.917658064585906,3.08356,0.114526214193424));
#5693=CARTESIAN_POINT('',(0.862018191372279,3.08356,0.0803679463665351));
#5694=CARTESIAN_POINT('',(0.917658064585906,3.08356,0.114526214193424));
#5695=CARTESIAN_POINT('Origin',(0.917658064585906,3.08356,0.114526214193424));
#5696=CARTESIAN_POINT('',(1.01838664318371,2.97434,0.0599408017121648));
#5697=CARTESIAN_POINT('',(1.01838664318371,2.97434,0.0599408017121648));
#5698=CARTESIAN_POINT('',(1.01838664318371,3.08356,0.0599408017121648));
#5699=CARTESIAN_POINT('',(0.97912934854372,3.08356,0.081214561857023));
#5700=CARTESIAN_POINT('',(1.01838664318371,3.08356,0.0599408017121648));
#5701=CARTESIAN_POINT('Origin',(1.01838664318371,3.08356,0.0599408017121648));
#5702=CARTESIAN_POINT('',(1.02147857859779,2.97434,-0.0545854124812612));
#5703=CARTESIAN_POINT('',(1.01971658751724,3.08356,0.0106792650985293));
#5704=CARTESIAN_POINT('Origin',(0.920749999999986,2.97434,-1.87219352366929E-15));
#5705=CARTESIAN_POINT('Origin',(0.993328278616712,3.08356,-0.0393305984321744));
#5706=CARTESIAN_POINT('',(1.06590655723344,3.08356,-0.0786611968643469));
#5707=CARTESIAN_POINT('Origin',(0.920749999999986,3.08356,-1.8634854886189E-15));
#5708=CARTESIAN_POINT('Origin',(0.920749999999986,3.07721,-1.8634854886189E-15));
#5709=CARTESIAN_POINT('',(1.0770724462514,3.07086,-0.0847120581616042));
#5710=CARTESIAN_POINT('Origin',(0.920749999999986,3.07086,-1.8634854886189E-15));
#5711=CARTESIAN_POINT('Origin',(0.920749999999986,2.97434,-1.8634854886189E-15));
#5712=CARTESIAN_POINT('',(1.0770724462514,2.87782,-0.0847120581616042));
#5713=CARTESIAN_POINT('Origin',(0.920749999999986,2.87782,-1.8634854886189E-15));
#5714=CARTESIAN_POINT('Origin',(0.920749999999986,2.87147,-1.8634854886189E-15));
#5715=CARTESIAN_POINT('',(1.06590655723344,2.86512,-0.0786611968643469));
#5716=CARTESIAN_POINT('Origin',(0.920749999999986,2.86512,-1.8634854886189E-15));
#5717=CARTESIAN_POINT('Origin',(0.114567944042317,3.08356,-0.920749999999977));
#5718=CARTESIAN_POINT('',(0.114567944042317,2.97434,-0.920749999999977));
#5719=CARTESIAN_POINT('',(0.0572839720211584,2.97434,-1.01996874999998));
#5720=CARTESIAN_POINT('',(0.0572839720211584,2.97434,-1.01996874999998));
#5721=CARTESIAN_POINT('',(0.114567944042317,3.08356,-0.920749999999977));
#5722=CARTESIAN_POINT('',(0.114567944042317,3.08356,-0.920749999999977));
#5723=CARTESIAN_POINT('',(0.0572839720211584,3.08356,-1.01996874999998));
#5724=CARTESIAN_POINT('',(0.110565701037027,3.08356,-0.927682088229376));
#5725=CARTESIAN_POINT('',(0.0572839720211584,3.08356,-1.01996874999998));
#5726=CARTESIAN_POINT('Origin',(0.0572839720211584,3.08356,-1.01996874999998));
#5727=CARTESIAN_POINT('',(-0.057283972021158,2.97434,-1.01996874999998));
#5728=CARTESIAN_POINT('',(-0.057283972021158,2.97434,-1.01996874999998));
#5729=CARTESIAN_POINT('',(-0.057283972021158,3.08356,-1.01996874999998));
#5730=CARTESIAN_POINT('',(0.0699169860105793,3.08356,-1.01996874999998));
#5731=CARTESIAN_POINT('',(-0.057283972021158,3.08356,-1.01996874999998));
#5732=CARTESIAN_POINT('Origin',(-0.057283972021158,3.08356,-1.01996874999998));
#5733=CARTESIAN_POINT('',(-0.114567944042316,2.97434,-0.920749999999977));
#5734=CARTESIAN_POINT('',(-0.114567944042316,2.97434,-0.920749999999977));
#5735=CARTESIAN_POINT('',(-0.114567944042316,3.08356,-0.920749999999977));
#5736=CARTESIAN_POINT('',(-0.0612862150264475,3.08356,-1.01303666177058));
#5737=CARTESIAN_POINT('',(-0.114567944042316,3.08356,-0.920749999999977));
#5738=CARTESIAN_POINT('Origin',(-0.114567944042316,3.08356,-0.920749999999977));
#5739=CARTESIAN_POINT('',(-0.0572839720211579,2.97434,-0.821531249999977));
#5740=CARTESIAN_POINT('',(-0.0572839720211579,2.97434,-0.821531249999977));
#5741=CARTESIAN_POINT('',(-0.0572839720211579,3.08356,-0.821531249999977));
#5742=CARTESIAN_POINT('',(-0.0899282010370265,3.08356,-0.878072713229376));
#5743=CARTESIAN_POINT('',(-0.0572839720211579,3.08356,-0.821531249999977));
#5744=CARTESIAN_POINT('Origin',(-0.0572839720211579,3.08356,-0.821531249999977));
#5745=CARTESIAN_POINT('',(0.0572839720211584,2.97434,-0.821531249999977));
#5746=CARTESIAN_POINT('',(0.0572839720211584,2.97434,-0.821531249999977));
#5747=CARTESIAN_POINT('',(0.0572839720211584,3.08356,-0.821531249999977));
#5748=CARTESIAN_POINT('',(0.0126330139894212,3.08356,-0.821531249999977));
#5749=CARTESIAN_POINT('',(0.0572839720211584,3.08356,-0.821531249999977));
#5750=CARTESIAN_POINT('Origin',(0.0572839720211584,3.08356,-0.821531249999977));
#5751=CARTESIAN_POINT('',(0.114567944042317,2.97434,-0.920749999999977));
#5752=CARTESIAN_POINT('',(0.081923715026448,3.08356,-0.864208536770579));
#5753=CARTESIAN_POINT('Origin',(2.58434775290054E-16,2.97434,-0.920749999999977));
#5754=CARTESIAN_POINT('Origin',(0.0825500000000002,3.08356,-0.920749999999977));
#5755=CARTESIAN_POINT('',(0.1651,3.08356,-0.920749999999977));
#5756=CARTESIAN_POINT('Origin',(2.4976115791017E-16,3.08356,-0.920749999999977));
#5757=CARTESIAN_POINT('Origin',(2.4976115791017E-16,3.07721,-0.920749999999977));
#5758=CARTESIAN_POINT('',(0.1778,3.07086,-0.920749999999977));
#5759=CARTESIAN_POINT('Origin',(2.4976115791017E-16,3.07086,-0.920749999999977));
#5760=CARTESIAN_POINT('Origin',(2.4976115791017E-16,2.97434,-0.920749999999977));
#5761=CARTESIAN_POINT('',(0.1778,2.87782,-0.920749999999977));
#5762=CARTESIAN_POINT('Origin',(2.4976115791017E-16,2.87782,-0.920749999999977));
#5763=CARTESIAN_POINT('Origin',(2.4976115791017E-16,2.87147,-0.920749999999977));
#5764=CARTESIAN_POINT('',(0.1651,2.86512,-0.920749999999977));
#5765=CARTESIAN_POINT('Origin',(2.4976115791017E-16,2.86512,-0.920749999999977));
#5766=CARTESIAN_POINT('Origin',(0.114567944042316,3.08356,0.920749999999977));
#5767=CARTESIAN_POINT('',(0.114567944042316,2.97434,0.920749999999977));
#5768=CARTESIAN_POINT('',(0.0572839720211581,2.97434,0.821531249999977));
#5769=CARTESIAN_POINT('',(0.0572839720211581,2.97434,0.821531249999977));
#5770=CARTESIAN_POINT('',(0.114567944042316,3.08356,0.920749999999977));
#5771=CARTESIAN_POINT('',(0.114567944042316,3.08356,0.920749999999977));
#5772=CARTESIAN_POINT('',(0.0572839720211581,3.08356,0.821531249999977));
#5773=CARTESIAN_POINT('',(0.110565701037027,3.08356,0.913817911770579));
#5774=CARTESIAN_POINT('',(0.0572839720211581,3.08356,0.821531249999977));
#5775=CARTESIAN_POINT('Origin',(0.0572839720211581,3.08356,0.821531249999977));
#5776=CARTESIAN_POINT('',(-0.0572839720211582,2.97434,0.821531249999977));
#5777=CARTESIAN_POINT('',(-0.0572839720211582,2.97434,0.821531249999977));
#5778=CARTESIAN_POINT('',(-0.0572839720211582,3.08356,0.821531249999977));
#5779=CARTESIAN_POINT('',(0.069916986010579,3.08356,0.821531249999977));
#5780=CARTESIAN_POINT('',(-0.0572839720211582,3.08356,0.821531249999977));
#5781=CARTESIAN_POINT('Origin',(-0.0572839720211582,3.08356,0.821531249999977));
#5782=CARTESIAN_POINT('',(-0.114567944042316,2.97434,0.920749999999977));
#5783=CARTESIAN_POINT('',(-0.114567944042316,2.97434,0.920749999999977));
#5784=CARTESIAN_POINT('',(-0.114567944042316,3.08356,0.920749999999977));
#5785=CARTESIAN_POINT('',(-0.0612862150264478,3.08356,0.828463338229376));
#5786=CARTESIAN_POINT('',(-0.114567944042316,3.08356,0.920749999999977));
#5787=CARTESIAN_POINT('Origin',(-0.114567944042316,3.08356,0.920749999999977));
#5788=CARTESIAN_POINT('',(-0.0572839720211581,2.97434,1.01996874999998));
#5789=CARTESIAN_POINT('',(-0.0572839720211581,2.97434,1.01996874999998));
#5790=CARTESIAN_POINT('',(-0.0572839720211581,3.08356,1.01996874999998));
#5791=CARTESIAN_POINT('',(-0.0899282010370268,3.08356,0.963427286770579));
#5792=CARTESIAN_POINT('',(-0.0572839720211581,3.08356,1.01996874999998));
#5793=CARTESIAN_POINT('Origin',(-0.0572839720211581,3.08356,1.01996874999998));
#5794=CARTESIAN_POINT('',(0.0572839720211582,2.97434,1.01996874999998));
#5795=CARTESIAN_POINT('',(0.0572839720211582,2.97434,1.01996874999998));
#5796=CARTESIAN_POINT('',(0.0572839720211582,3.08356,1.01996874999998));
#5797=CARTESIAN_POINT('',(0.0126330139894209,3.08356,1.01996874999998));
#5798=CARTESIAN_POINT('',(0.0572839720211582,3.08356,1.01996874999998));
#5799=CARTESIAN_POINT('Origin',(0.0572839720211582,3.08356,1.01996874999998));
#5800=CARTESIAN_POINT('',(0.114567944042316,2.97434,0.920749999999977));
#5801=CARTESIAN_POINT('',(0.0819237150264477,3.08356,0.977291463229376));
#5802=CARTESIAN_POINT('Origin',(2.44622654305073E-17,2.97434,0.920749999999977));
#5803=CARTESIAN_POINT('Origin',(0.08255,3.08356,0.920749999999977));
#5804=CARTESIAN_POINT('',(0.1651,3.08356,0.920749999999977));
#5805=CARTESIAN_POINT('Origin',(1.57886480506233E-17,3.08356,0.920749999999977));
#5806=CARTESIAN_POINT('Origin',(1.57886480506233E-17,3.07721,0.920749999999977));
#5807=CARTESIAN_POINT('',(0.1778,3.07086,0.920749999999977));
#5808=CARTESIAN_POINT('Origin',(1.57886480506233E-17,3.07086,0.920749999999977));
#5809=CARTESIAN_POINT('Origin',(1.57886480506233E-17,2.97434,0.920749999999977));
#5810=CARTESIAN_POINT('',(0.1778,2.87782,0.920749999999977));
#5811=CARTESIAN_POINT('Origin',(1.57886480506233E-17,2.87782,0.920749999999977));
#5812=CARTESIAN_POINT('Origin',(1.57886480506233E-17,2.87147,0.920749999999977));
#5813=CARTESIAN_POINT('',(0.1651,2.86512,0.920749999999977));
#5814=CARTESIAN_POINT('Origin',(1.57886480506233E-17,2.86512,0.920749999999977));
#5815=CARTESIAN_POINT('Origin',(-0.978033972021144,3.08356,-0.0992187499999983));
#5816=CARTESIAN_POINT('',(-1.03526519958711,2.97434,-9.13560762055982E-5));
#5817=CARTESIAN_POINT('',(-1.03526519958711,3.08356,-9.13560762056398E-5));
#5818=CARTESIAN_POINT('',(-1.03526519958711,3.08356,-9.13560762055773E-5));
#5819=CARTESIAN_POINT('',(-1.00663638146601,2.97434,-0.0496779236225948));
#5820=CARTESIAN_POINT('',(-0.992354965026435,2.97434,-0.0744140624999958));
#5821=CARTESIAN_POINT('',(-1.006636381466,3.08356,-0.0496779236226257));
#5822=CARTESIAN_POINT('',(-1.00663638146604,3.08356,-0.0496779236225495));
#5823=CARTESIAN_POINT('',(-0.982036215026433,3.08356,-0.0922866617705997));
#5824=CARTESIAN_POINT('Origin',(-0.863466027978827,3.08356,-0.0992187499999984));
#5825=CARTESIAN_POINT('',(-0.977928483110765,2.97434,-0.0992187499999983));
#5826=CARTESIAN_POINT('',(-0.977928483110765,3.08356,-0.0992187499999983));
#5827=CARTESIAN_POINT('',(-0.977928483110765,3.08356,-0.0992187499999983));
#5828=CARTESIAN_POINT('',(-0.920670846875949,2.97434,-0.0992187499999984));
#5829=CARTESIAN_POINT('',(-0.892108013989414,2.97434,-0.0992187499999984));
#5830=CARTESIAN_POINT('',(-0.920670846875964,3.08356,-0.0992187499999984));
#5831=CARTESIAN_POINT('',(-0.920670846875959,3.08355999999999,-0.0992187499999984));
#5832=CARTESIAN_POINT('',(-0.850833013989406,3.08356,-0.0992187499999984));
#5833=CARTESIAN_POINT('Origin',(-0.806182055957669,3.08356,1.62913004285522E-15));
#5834=CARTESIAN_POINT('',(-0.863413283523631,2.97434,-0.0991273939237809));
#5835=CARTESIAN_POINT('',(-0.863413283523631,3.08356,-0.0991273939237809));
#5836=CARTESIAN_POINT('',(-0.863413283523631,3.08356,-0.0991273939237809));
#5837=CARTESIAN_POINT('',(-0.834784465410377,2.97434,-0.0495408263909769));
#5838=CARTESIAN_POINT('',(-0.820503048962961,2.97434,-0.0248046875000021));
#5839=CARTESIAN_POINT('',(-0.834784465410372,3.08356,-0.0495408263909672));
#5840=CARTESIAN_POINT('',(-0.834784465410365,3.08355999999999,-0.0495408263909558));
#5841=CARTESIAN_POINT('',(-0.810184298962959,3.08356,-0.00693208822939702));
#5842=CARTESIAN_POINT('Origin',(-0.863466027978827,3.08356,0.0992187500000016));
#5843=CARTESIAN_POINT('',(-0.806234800412873,2.97434,9.13560762324239E-5));
#5844=CARTESIAN_POINT('',(-0.806234800412873,3.08356,9.13560762324179E-5));
#5845=CARTESIAN_POINT('',(-0.806234800412873,3.08356,9.13560762323198E-5));
#5846=CARTESIAN_POINT('',(-0.834863618525629,2.97434,0.0496779236081735));
#5847=CARTESIAN_POINT('',(-0.849145034973539,2.97434,0.0744140625000042));
#5848=CARTESIAN_POINT('',(-0.834863618525618,3.08356,0.0496779236081545));
#5849=CARTESIAN_POINT('',(-0.834863618525652,3.08356,0.0496779236082137));
#5850=CARTESIAN_POINT('',(-0.838826284973538,3.08356,0.0565414632294003));
#5851=CARTESIAN_POINT('Origin',(-1.0353179440423,3.08356,1.65313983023082E-15));
#5852=CARTESIAN_POINT('',(-1.00671553459695,3.08356,0.0495408263782441));
#5853=CARTESIAN_POINT('',(-1.00671553459696,2.97434,0.0495408263782192));
#5854=CARTESIAN_POINT('',(-1.00671553459695,3.08356,0.0495408263782361));
#5855=CARTESIAN_POINT('',(-0.978086716476342,3.08356,0.0991273939237811));
#5856=CARTESIAN_POINT('',(-1.01067820103701,3.08356,0.042677286770603));
#5857=CARTESIAN_POINT('',(-0.978086716476342,2.97434,0.0991273939237811));
#5858=CARTESIAN_POINT('',(-0.978086716476342,3.08356,0.0991273939237811));
#5859=CARTESIAN_POINT('',(-1.02099695103701,2.97434,0.0248046874999979));
#5860=CARTESIAN_POINT('Origin',(-0.978033972021144,3.08356,0.0992187500000016));
#5861=CARTESIAN_POINT('',(-0.9208291531221,3.08356,0.0992187500000016));
#5862=CARTESIAN_POINT('',(-0.920829153122097,2.97434,0.0992187500000016));
#5863=CARTESIAN_POINT('',(-0.920829153122098,3.08356,0.0992187500000016));
#5864=CARTESIAN_POINT('',(-0.863571516889237,3.08356,0.0992187500000016));
#5865=CARTESIAN_POINT('',(-0.908116986010564,3.08356,0.0992187500000016));
#5866=CARTESIAN_POINT('',(-0.863571516889237,2.97434,0.0992187500000016));
#5867=CARTESIAN_POINT('',(-0.863571516889237,3.08356,0.0992187500000016));
#5868=CARTESIAN_POINT('',(-0.949391986010572,2.97434,0.0992187500000016));
#5869=CARTESIAN_POINT('Origin',(-0.977875592961661,3.08356,-0.0993100218047598));
#5870=CARTESIAN_POINT('',(-1.03531779821414,2.97434,-0.000182796191331332));
#5871=CARTESIAN_POINT('',(-1.01293065041797,3.08356,-0.038815990036836));
#5872=CARTESIAN_POINT('Origin',(-0.863307794747522,3.08356,-0.0991272256134284));
#5873=CARTESIAN_POINT('',(-0.977875592961661,2.97434,-0.0993100218047598));
#5874=CARTESIAN_POINT('',(-0.912587218032549,3.08356,-0.0992058523395061));
#5875=CARTESIAN_POINT('Origin',(-0.962139012286374,3.08356,0.0714244507291333));
#5876=CARTESIAN_POINT('',(-0.755649999999986,3.08356,1.63593076611509E-15));
#5877=CARTESIAN_POINT('Origin',(-0.92075,3.08356,8.7315063460259E-17));
#5878=CARTESIAN_POINT('',(-0.810173379366378,3.08356,-0.00675566889933035));
#5879=CARTESIAN_POINT('',(-0.869958361868406,3.08356,0.110240440765969));
#5880=CARTESIAN_POINT('',(-0.970187729430434,3.08356,0.0991399969830165));
#5881=CARTESIAN_POINT('',(-1.01074617931383,3.08356,0.0425337496203868));
#5882=CARTESIAN_POINT('Origin',(-0.80618220178586,3.08356,0.000182796191331457));
#5883=CARTESIAN_POINT('',(-0.863307794747522,2.97434,-0.0991272256134284));
#5884=CARTESIAN_POINT('Origin',(1.05519037570121,1.64846,0.609214447457399));
#5885=CARTESIAN_POINT('',(0.987436330613274,2.02795748273908,0.819277895968025));
#5886=CARTESIAN_POINT('Origin',(1.09533498329364,1.64846,0.632391947457399));
#5887=CARTESIAN_POINT('',(1.05467008942555,1.21915070701068,0.517405609721325));
#5888=CARTESIAN_POINT('',(0.97542144679202,1.21915070701068,0.654668285193473));
#5889=CARTESIAN_POINT('Ctrl Pts',(1.05467008942555,1.21915070701068,0.517405609721325));
#5890=CARTESIAN_POINT('Ctrl Pts',(1.04294094424646,1.21424601473119,0.541314083774358));
#5891=CARTESIAN_POINT('Ctrl Pts',(1.03034352940668,1.2118975,0.5648926578178));
#5892=CARTESIAN_POINT('Ctrl Pts',(1.00438315678486,1.2118975,0.609857342182201));
#5893=CARTESIAN_POINT('Ctrl Pts',(0.990262220098123,1.21424601473119,0.632556310477189));
#5894=CARTESIAN_POINT('Ctrl Pts',(0.97542144679202,1.21915070701068,0.654668285193473));
#5895=CARTESIAN_POINT('',(1.05467008942555,2.07776929298932,0.51740560972133));
#5896=CARTESIAN_POINT('Origin',(1.01504576810879,1.64846,0.586036947457399));
#5897=CARTESIAN_POINT('',(0.975421446792023,2.07776929298932,0.654668285193469));
#5898=CARTESIAN_POINT('Ctrl Pts',(0.975421446792023,2.07776929298932,0.654668285193469));
#5899=CARTESIAN_POINT('Ctrl Pts',(0.990262220098125,2.08267398526881,0.632556310477186));
#5900=CARTESIAN_POINT('Ctrl Pts',(1.00438315678486,2.0850225,0.6098573421822));
#5901=CARTESIAN_POINT('Ctrl Pts',(1.03034352940668,2.0850225,0.564892657817802));
#5902=CARTESIAN_POINT('Ctrl Pts',(1.04294094424646,2.08267398526881,0.541314083774361));
#5903=CARTESIAN_POINT('Ctrl Pts',(1.05467008942555,2.07776929298932,0.51740560972133));
#5904=CARTESIAN_POINT('Origin',(1.01504576810879,1.64846,0.586036947457399));
#5905=CARTESIAN_POINT('Origin',(0.920291133118573,1.98172778938723,0.750156789513094));
#5906=CARTESIAN_POINT('',(1.05467008942555,1.32791095127151,0.51740560972133));
#5907=CARTESIAN_POINT('',(1.05467008942555,1.66243,0.51740560972133));
#5908=CARTESIAN_POINT('',(1.05467008942555,1.9690090487285,0.517405609721333));
#5909=CARTESIAN_POINT('Origin',(1.01504576810879,1.64846,0.586036947457399));
#5910=CARTESIAN_POINT('',(1.05467008942555,1.66243,0.51740560972133));
#5911=CARTESIAN_POINT('Origin',(1.00404724548072,1.64846,0.579686947457399));
#5912=CARTESIAN_POINT('',(1.09877017603359,1.39367280308872,0.415622019098017));
#5913=CARTESIAN_POINT('Ctrl Pts',(1.09877017603359,1.39367280308872,0.415622019098017));
#5914=CARTESIAN_POINT('Ctrl Pts',(1.09469302853833,1.38521633697401,0.426400678228752));
#5915=CARTESIAN_POINT('Ctrl Pts',(1.08991326593067,1.37628468973882,0.438569560136083));
#5916=CARTESIAN_POINT('Ctrl Pts',(1.07753090806327,1.35685145429091,0.468262001093937));
#5917=CARTESIAN_POINT('Ctrl Pts',(1.07085506160009,1.34842363040891,0.483333925335857));
#5918=CARTESIAN_POINT('Ctrl Pts',(1.05963943542916,1.33562389906163,0.507229515262174));
#5919=CARTESIAN_POINT('Ctrl Pts',(1.05669853111709,1.33238313156044,0.513258730160287));
#5920=CARTESIAN_POINT('Ctrl Pts',(1.0551061594597,1.32954614379652,0.516516215984548));
#5921=CARTESIAN_POINT('Ctrl Pts',(1.05488963531155,1.32905913153395,0.516957920537221));
#5922=CARTESIAN_POINT('Ctrl Pts',(1.0547290992359,1.32845607973587,0.517285316894481));
#5923=CARTESIAN_POINT('Ctrl Pts',(1.05469339227631,1.32827919045383,0.517358108074335));
#5924=CARTESIAN_POINT('Ctrl Pts',(1.05467288919276,1.32803532213598,0.517399902825051));
#5925=CARTESIAN_POINT('Ctrl Pts',(1.05467008942555,1.32797300884358,0.517405609721328));
#5926=CARTESIAN_POINT('Ctrl Pts',(1.05467008942555,1.32791095127151,0.517405609721328));
#5927=CARTESIAN_POINT('',(1.09877017603359,1.90324719691128,0.415622019098018));
#5928=CARTESIAN_POINT('Origin',(1.00404724548072,1.64846,0.579686947457399));
#5929=CARTESIAN_POINT('Ctrl Pts',(1.05467008942555,1.9690090487285,0.517405609721332));
#5930=CARTESIAN_POINT('Ctrl Pts',(1.05467008942555,1.96899130591902,0.517405609721332));
#5931=CARTESIAN_POINT('Ctrl Pts',(1.05467031820593,1.96897341868427,0.517405143380389));
#5932=CARTESIAN_POINT('Ctrl Pts',(1.05467409131588,1.96882511969614,0.517397452316554));
#5933=CARTESIAN_POINT('Ctrl Pts',(1.05468937876494,1.96869379229135,0.517366291506934));
#5934=CARTESIAN_POINT('Ctrl Pts',(1.05475117172469,1.96835417798964,0.517240307729182));
#5935=CARTESIAN_POINT('Ctrl Pts',(1.05481355355719,1.96814394570874,0.517113095084101));
#5936=CARTESIAN_POINT('Ctrl Pts',(1.05503575900151,1.96752466259767,0.516659688440209));
#5937=CARTESIAN_POINT('Ctrl Pts',(1.05526459656025,1.96707673862664,0.516192319434815));
#5938=CARTESIAN_POINT('Ctrl Pts',(1.05623981463473,1.96541587055873,0.514196234497171));
#5939=CARTESIAN_POINT('Ctrl Pts',(1.05741403178275,1.96391927618105,0.511785823749861));
#5940=CARTESIAN_POINT('Ctrl Pts',(1.07670663677064,1.94115297559002,0.471628365981403));
#5941=CARTESIAN_POINT('Ctrl Pts',(1.08720863721038,1.92722713911497,0.446186987902037));
#5942=CARTESIAN_POINT('Ctrl Pts',(1.09877017603359,1.90324719691128,0.415622019098018));
#5943=CARTESIAN_POINT('Origin',(1.00404724548072,1.64846,0.579686947457399));
#5944=CARTESIAN_POINT('',(0.909324314927859,1.90324719691128,0.743751875816781));
#5945=CARTESIAN_POINT('',(0.975421446792025,1.9690090487285,0.654668285193466));
#5946=CARTESIAN_POINT('Ctrl Pts',(0.909324314927859,1.90324719691128,0.743751875816781));
#5947=CARTESIAN_POINT('Ctrl Pts',(0.916620333806102,1.9117036630259,0.734831632945631));
#5948=CARTESIAN_POINT('Ctrl Pts',(0.924769013369656,1.92063531026109,0.724607796149708));
#5949=CARTESIAN_POINT('Ctrl Pts',(0.944292242605596,1.94006854570876,0.69903813919917));
#5950=CARTESIAN_POINT('Ctrl Pts',(0.954006988651434,1.94849636959083,0.685720724449345));
#5951=CARTESIAN_POINT('Ctrl Pts',(0.969093363480735,1.96129610093824,0.664059912302592));
#5952=CARTESIAN_POINT('Ctrl Pts',(0.972844364591444,1.96453686843949,0.658498407009027));
#5953=CARTESIAN_POINT('Ctrl Pts',(0.974869244239169,1.96737385620361,0.655490629789119));
#5954=CARTESIAN_POINT('Ctrl Pts',(0.975143509528617,1.96786086846614,0.655082262100044));
#5955=CARTESIAN_POINT('Ctrl Pts',(0.975346775053257,1.96846392026415,0.654779535601715));
#5956=CARTESIAN_POINT('Ctrl Pts',(0.975391960584386,1.96864080954617,0.654712216877704));
#5957=CARTESIAN_POINT('Ctrl Pts',(0.975417904358475,1.96888467786402,0.654673563311135));
#5958=CARTESIAN_POINT('Ctrl Pts',(0.975421446792023,1.96894699115641,0.654668285193469));
#5959=CARTESIAN_POINT('Ctrl Pts',(0.975421446792023,1.9690090487285,0.654668285193469));
#5960=CARTESIAN_POINT('',(0.909324314927858,1.39367280308872,0.743751875816783));
#5961=CARTESIAN_POINT('Origin',(1.00404724548072,1.64846,0.579686947457399));
#5962=CARTESIAN_POINT('',(0.975421446792023,1.3279109512715,0.654668285193468));
#5963=CARTESIAN_POINT('Ctrl Pts',(0.975421446792023,1.3279109512715,0.65466828519347));
#5964=CARTESIAN_POINT('Ctrl Pts',(0.975421446792023,1.32792869408098,0.65466828519347));
#5965=CARTESIAN_POINT('Ctrl Pts',(0.975421157319111,1.32794658131573,0.654668716493565));
#5966=CARTESIAN_POINT('Ctrl Pts',(0.975416383217418,1.32809488030387,0.654675829634544));
#5967=CARTESIAN_POINT('Ctrl Pts',(0.975397040889212,1.32822620770868,0.65470464935862));
#5968=CARTESIAN_POINT('Ctrl Pts',(0.975318832217095,1.32856582201036,0.654821155520401));
#5969=CARTESIAN_POINT('Ctrl Pts',(0.975239853751028,1.32877605429124,0.654938786094607));
#5970=CARTESIAN_POINT('Ctrl Pts',(0.974958294801332,1.32939533740232,0.655357924976197));
#5971=CARTESIAN_POINT('Ctrl Pts',(0.974667960149092,1.32984326137335,0.655789788618095));
#5972=CARTESIAN_POINT('Ctrl Pts',(0.973426908922247,1.33150412944123,0.657632394713605));
#5973=CARTESIAN_POINT('Ctrl Pts',(0.971926540555583,1.33300072381888,0.659854501966941));
#5974=CARTESIAN_POINT('Ctrl Pts',(0.946795464471173,1.35576702440942,0.69664111687507));
#5975=CARTESIAN_POINT('Ctrl Pts',(0.930013584967189,1.36969286088413,0.718456805086089));
#5976=CARTESIAN_POINT('Ctrl Pts',(0.909324314927858,1.39367280308872,0.743751875816783));
#5977=CARTESIAN_POINT('Origin',(1.01504576810879,1.64846,0.586036947457399));
#5978=CARTESIAN_POINT('Origin',(0.945755075551994,1.64846,0.546031947457399));
#5979=CARTESIAN_POINT('',(1.11329142725761,1.78645908463239,0.733370474188536));
#5980=CARTESIAN_POINT('Origin',(1.15252730095957,1.64846,0.6654119474574));
#5981=CARTESIAN_POINT('',(0.873125,1.64846,0.687407664253899));
#5982=CARTESIAN_POINT('Ctrl Pts',(0.873125,1.64846,0.687407664253899));
#5983=CARTESIAN_POINT('Ctrl Pts',(0.873125,1.62849749412225,0.687407664253899));
#5984=CARTESIAN_POINT('Ctrl Pts',(0.875641838572581,1.60722332890603,0.684247604389558));
#5985=CARTESIAN_POINT('Ctrl Pts',(0.88561545431652,1.56811885779698,0.671288820146854));
#5986=CARTESIAN_POINT('Ctrl Pts',(0.893043771004233,1.55028618133463,0.661475364764311));
#5987=CARTESIAN_POINT('Ctrl Pts',(0.909599079464453,1.52212761720301,0.638518867397576));
#5988=CARTESIAN_POINT('Ctrl Pts',(0.919831437374482,1.50991459911601,0.623835020238153));
#5989=CARTESIAN_POINT('Ctrl Pts',(0.941239161115807,1.49370503965514,0.591040478500297));
#5990=CARTESIAN_POINT('Ctrl Pts',(0.952389619910981,1.48971,0.57291278971297));
#5991=CARTESIAN_POINT('Ctrl Pts',(0.972351839999934,1.48971,0.538337210287031));
#5992=CARTESIAN_POINT('Ctrl Pts',(0.982475649604071,1.49370503965514,0.519616785312895));
#5993=CARTESIAN_POINT('Ctrl Pts',(1.00017269398386,1.50991459911601,0.484679881846781));
#5994=CARTESIAN_POINT('Ctrl Pts',(1.00777309969419,1.52212761720301,0.46847647637637));
#5995=CARTESIAN_POINT('Ctrl Pts',(1.01937635536559,1.55028618133463,0.442660909998965));
#5996=CARTESIAN_POINT('Ctrl Pts',(1.02416089868192,1.56811885779698,0.431321071348777));
#5997=CARTESIAN_POINT('Ctrl Pts',(1.03039672716629,1.60722332890603,0.416204274625589));
#5998=CARTESIAN_POINT('Ctrl Pts',(1.031875,1.62849749412225,0.412444598552339));
#5999=CARTESIAN_POINT('Ctrl Pts',(1.031875,1.66842250587775,0.412444598552339));
#6000=CARTESIAN_POINT('Ctrl Pts',(1.03039672716629,1.68969667109397,0.41620427462559));
#6001=CARTESIAN_POINT('Ctrl Pts',(1.02416089868192,1.72880114220302,0.431321071348777));
#6002=CARTESIAN_POINT('Ctrl Pts',(1.01937635536559,1.74663381866538,0.442660909998964));
#6003=CARTESIAN_POINT('Ctrl Pts',(1.00777309969419,1.77479238279699,0.468476476376369));
#6004=CARTESIAN_POINT('Ctrl Pts',(1.00017269398386,1.78700540088399,0.484679881846781));
#6005=CARTESIAN_POINT('Ctrl Pts',(0.982475649604071,1.80321496034486,0.519616785312896));
#6006=CARTESIAN_POINT('Ctrl Pts',(0.972351839999934,1.80721,0.538337210287031));
#6007=CARTESIAN_POINT('Ctrl Pts',(0.952389619910981,1.80721,0.57291278971297));
#6008=CARTESIAN_POINT('Ctrl Pts',(0.941239161115807,1.80321496034486,0.591040478500297));
#6009=CARTESIAN_POINT('Ctrl Pts',(0.919831437374482,1.78700540088399,0.623835020238153));
#6010=CARTESIAN_POINT('Ctrl Pts',(0.909599079464453,1.77479238279699,0.638518867397576));
#6011=CARTESIAN_POINT('Ctrl Pts',(0.893043771004233,1.74663381866538,0.661475364764311));
#6012=CARTESIAN_POINT('Ctrl Pts',(0.88561545431652,1.72880114220302,0.671288820146854));
#6013=CARTESIAN_POINT('Ctrl Pts',(0.875641838572581,1.68969667109397,0.684247604389558));
#6014=CARTESIAN_POINT('Ctrl Pts',(0.873125,1.66842250587775,0.687407664253899));
#6015=CARTESIAN_POINT('Ctrl Pts',(0.873125,1.64846,0.687407664253899));
#6016=CARTESIAN_POINT('Origin',(0.945755075551994,1.64846,0.546031947457399));
#6017=CARTESIAN_POINT('Ctrl Pts',(1.09877017603359,1.90324719691128,0.415622019098018));
#6018=CARTESIAN_POINT('Ctrl Pts',(1.10329798355488,1.8938560108131,0.403651960634766));
#6019=CARTESIAN_POINT('Ctrl Pts',(1.10732306863633,1.88365509222746,0.392417842487167));
#6020=CARTESIAN_POINT('Ctrl Pts',(1.1201704660433,1.84488643133114,0.355069097229249));
#6021=CARTESIAN_POINT('Ctrl Pts',(1.12727912186218,1.8093192386474,0.330998919062805));
#6022=CARTESIAN_POINT('Ctrl Pts',(1.13626374969439,1.73115811654283,0.298702532917048));
#6023=CARTESIAN_POINT('Ctrl Pts',(1.1382516510323,1.68854564722297,0.290552476193622));
#6024=CARTESIAN_POINT('Ctrl Pts',(1.1382516510323,1.60837435277703,0.290552476193622));
#6025=CARTESIAN_POINT('Ctrl Pts',(1.13626374969439,1.56576188345717,0.298702532917048));
#6026=CARTESIAN_POINT('Ctrl Pts',(1.12727912186218,1.4876007613526,0.330998919062806));
#6027=CARTESIAN_POINT('Ctrl Pts',(1.1201704660433,1.45203356866886,0.355069097229249));
#6028=CARTESIAN_POINT('Ctrl Pts',(1.10732306863633,1.41326490777254,0.392417842487166));
#6029=CARTESIAN_POINT('Ctrl Pts',(1.10329798355488,1.4030639891869,0.403651960634765));
#6030=CARTESIAN_POINT('Ctrl Pts',(1.09877017603359,1.39367280308872,0.415622019098017));
#6031=CARTESIAN_POINT('Origin',(0.945755075551994,1.64846,0.546031947457399));
#6032=CARTESIAN_POINT('',(0.820751651032299,1.64846,0.840478607596741));
#6033=CARTESIAN_POINT('Ctrl Pts',(0.820751651032299,1.64846,0.840478607596741));
#6034=CARTESIAN_POINT('Ctrl Pts',(0.820751651032299,1.68854564722297,0.840478607596741));
#6035=CARTESIAN_POINT('Ctrl Pts',(0.826815856528114,1.73115811654283,0.83468200617618));
#6036=CARTESIAN_POINT('Ctrl Pts',(0.850293033464667,1.80931923864741,0.810752897157058));
#6037=CARTESIAN_POINT('Ctrl Pts',(0.867584091320986,1.84488643133114,0.792561531547929));
#6038=CARTESIAN_POINT('Ctrl Pts',(0.893505354810329,1.88365509222746,0.762760986392016));
#6039=CARTESIAN_POINT('Ctrl Pts',(0.901221843974545,1.8938560108131,0.753658101385294));
#6040=CARTESIAN_POINT('Ctrl Pts',(0.909324314927859,1.90324719691128,0.743751875816781));
#6041=CARTESIAN_POINT('Ctrl Pts',(0.909324314927858,1.39367280308872,0.743751875816783));
#6042=CARTESIAN_POINT('Ctrl Pts',(0.901221843974544,1.4030639891869,0.753658101385295));
#6043=CARTESIAN_POINT('Ctrl Pts',(0.893505354810328,1.41326490777254,0.762760986392016));
#6044=CARTESIAN_POINT('Ctrl Pts',(0.867584091320986,1.45203356866886,0.792561531547929));
#6045=CARTESIAN_POINT('Ctrl Pts',(0.850293033464667,1.4876007613526,0.810752897157058));
#6046=CARTESIAN_POINT('Ctrl Pts',(0.826815856528114,1.56576188345717,0.83468200617618));
#6047=CARTESIAN_POINT('Ctrl Pts',(0.820751651032299,1.60837435277703,0.840478607596741));
#6048=CARTESIAN_POINT('Ctrl Pts',(0.820751651032299,1.64846,0.840478607596741));
#6049=CARTESIAN_POINT('Origin',(1.09533498329364,1.64846,0.632391947457399));
#6050=CARTESIAN_POINT('',(1.06095077173921,1.970549863532,0.824027148847872));
#6051=CARTESIAN_POINT('Origin',(1.15252730095957,1.64846,0.6654119474574));
#6052=CARTESIAN_POINT('Origin',(1.08712109949841,1.8785044740822,0.778698811518204));
#6053=CARTESIAN_POINT('Origin',(0.920291133118573,1.98172778938723,0.750156789513094));
#6054=CARTESIAN_POINT('',(0.975421446792023,1.66243,0.654668285193469));
#6055=CARTESIAN_POINT('',(0.975421446792023,1.66243,0.654668285193469));
#6056=CARTESIAN_POINT('Origin',(0.,1.66243,0.));
#6057=CARTESIAN_POINT('',(-4.54127340622424E-16,2.38506,1.17475));
#6058=CARTESIAN_POINT('Origin',(0.,2.38506,0.));
#6059=CARTESIAN_POINT('',(-4.54127340622424E-16,0.939800000000002,1.17475));
#6060=CARTESIAN_POINT('Origin',(0.,0.939800000000002,0.));
#6061=CARTESIAN_POINT('Origin',(0.,2.32156,0.));
#6062=CARTESIAN_POINT('',(-1.09855,2.38506,1.34533574120332E-16));
#6063=CARTESIAN_POINT('Origin',(0.,2.38506,0.));
#6064=CARTESIAN_POINT('',(1.09855,2.39776,0.));
#6065=CARTESIAN_POINT('Origin',(0.,2.39776,0.));
#6066=CARTESIAN_POINT('Origin',(1.13665,2.39776,0.));
#6067=CARTESIAN_POINT('',(1.17475,2.39776,0.));
#6068=CARTESIAN_POINT('Origin',(0.,2.39776,0.));
#6069=CARTESIAN_POINT('Origin',(0.,2.46126,0.));
#6070=CARTESIAN_POINT('',(1.17475,2.52476,0.));
#6071=CARTESIAN_POINT('Origin',(0.,2.52476,0.));
#6072=CARTESIAN_POINT('Origin',(1.143,2.52476,0.));
#6073=CARTESIAN_POINT('',(1.11125,2.52476,0.));
#6074=CARTESIAN_POINT('Origin',(0.,2.52476,0.));
#6075=CARTESIAN_POINT('Origin',(1.08585,3.0099,0.));
#6076=CARTESIAN_POINT('',(0.0862104587622639,3.0099,-0.0862104587622639));
#6077=CARTESIAN_POINT('Origin',(4.24111683931783E-17,3.0099,2.70831599596968E-31));
#6078=CARTESIAN_POINT('Origin',(1.08585,3.0099,0.));
#6079=CARTESIAN_POINT('',(-0.127519636919184,3.0099,-0.127519636919183));
#6080=CARTESIAN_POINT('Origin',(-1.49353160543658E-16,3.0099,-4.1711091914293E-16));
#6081=CARTESIAN_POINT('',(0.112253201513365,3.0099,-0.112253201513364));
#6082=CARTESIAN_POINT('Origin',(4.24111683931783E-17,3.0099,2.70831599596968E-31));
#6083=CARTESIAN_POINT('Origin',(-0.0431052293811319,3.563874,0.0431052293811319));
#6084=CARTESIAN_POINT('',(-0.0862104587622638,3.563874,0.0862104587622639));
#6085=CARTESIAN_POINT('Origin',(5.70493640357675E-17,3.563874,3.6519740126883E-31));
#6086=CARTESIAN_POINT('',(0.0601677160111634,3.563874,-0.0601677160111634));
#6087=CARTESIAN_POINT('Origin',(5.70493640357675E-17,3.563874,3.6519740126883E-31));
#6088=CARTESIAN_POINT('Origin',(-1.04942745278286E-17,1.00772428433662,
-7.02257722228471E-32));
#6089=CARTESIAN_POINT('',(-0.0601677160111633,4.045839,0.0601677160111633));
#6090=CARTESIAN_POINT('Origin',(6.97847955955168E-17,4.045839,4.4729694673988E-31));
#6091=CARTESIAN_POINT('Origin',(7.01287697022031E-17,4.0588565,4.49514391643907E-31));
#6092=CARTESIAN_POINT('',(-0.078577241059355,4.071874,0.0785772410593551));
#6093=CARTESIAN_POINT('Origin',(7.04727438088893E-17,4.071874,4.51731836547934E-31));
#6094=CARTESIAN_POINT('Origin',(-0.0561266007566821,4.071874,0.0561266007566822));
#6095=CARTESIAN_POINT('',(-0.103272945392295,4.071874,0.103272945392295));
#6096=CARTESIAN_POINT('Origin',(7.04727438088893E-17,4.071874,4.51731836547934E-31));
#6097=CARTESIAN_POINT('Origin',(7.03049515617253E-17,4.065524,4.50650156106945E-31));
#6098=CARTESIAN_POINT('',(-0.112253201513364,4.059174,0.112253201513364));
#6099=CARTESIAN_POINT('Origin',(7.01371593145613E-17,4.059174,4.49568475665956E-31));
#6100=CARTESIAN_POINT('Origin',(5.59754936539178E-17,3.523234,3.58274646446502E-31));
#6101=CARTESIAN_POINT('Origin',(4.44649454984659E-17,3.087624,2.84071368194671E-31));
#6102=CARTESIAN_POINT('Origin',(-0.92075,2.87147,6.13415294971428E-17));
#6103=CARTESIAN_POINT('',(-0.755649999999985,2.86512,1.63593076611509E-15));
#6104=CARTESIAN_POINT('Origin',(-0.92075,2.86512,6.05638787796843E-17));
#6105=CARTESIAN_POINT('',(-1.0098955649245,2.87782,0.153837278493518));
#6106=CARTESIAN_POINT('',(-0.742949999999985,2.87782,1.63593076611509E-15));
#6107=CARTESIAN_POINT('Origin',(-0.92075,2.87782,6.21191802146014E-17));
#6108=CARTESIAN_POINT('Origin',(-0.92075,2.87782,6.21191802146014E-17));
#6109=CARTESIAN_POINT('Origin',(-0.92075,2.97434,7.39394711199716E-17));
#6110=CARTESIAN_POINT('',(-1.0098955649245,3.07086,0.153837278493518));
#6111=CARTESIAN_POINT('',(-0.742949999999985,3.07086,1.63593076611509E-15));
#6112=CARTESIAN_POINT('Origin',(-0.92075,3.07086,8.57597620253419E-17));
#6113=CARTESIAN_POINT('Origin',(-0.92075,3.07086,8.57597620253419E-17));
#6114=CARTESIAN_POINT('Origin',(-0.92075,3.07721,8.65374127428005E-17));
#6115=CARTESIAN_POINT('Origin',(-0.92075,2.97434,8.40533879094917E-17));
#6116=CARTESIAN_POINT('',(-0.978192205252478,2.97434,0.0991272256134285));
#6117=CARTESIAN_POINT('',(-0.863624407038338,2.97434,0.0993100218047599));
#6118=CARTESIAN_POINT('',(-0.80618220178586,2.97434,0.000182796191331443));
#6119=CARTESIAN_POINT('Origin',(-1.03531779821414,3.08356,-0.000182796191331318));
#6120=CARTESIAN_POINT('Origin',(-0.863624407038338,3.08356,0.0993100218047599));
#6121=CARTESIAN_POINT('Origin',(-0.978192205252478,3.08356,0.0991272256134285));
#6122=CARTESIAN_POINT('Origin',(-1.62012997195027E-16,-0.0507999999999995,
0.4191));
#6123=CARTESIAN_POINT('',(-3.24025994390054E-16,-0.0507999999999995,0.8382));
#6124=CARTESIAN_POINT('Origin',(0.,-0.0507999999999995,0.));
#6125=CARTESIAN_POINT('',(0.138054078657684,-0.0507999999999995,0.586344835742589));
#6126=CARTESIAN_POINT('Origin',(0.138054078657684,-0.0507999999999995,0.515224835742589));
#6127=CARTESIAN_POINT('',(-0.138054078657684,-0.0507999999999995,-0.444104835742589));
#6128=CARTESIAN_POINT('Origin',(-0.138054078657684,-0.0507999999999995,
-0.515224835742589));
#6129=CARTESIAN_POINT('Origin',(0.,0.276225000000001,0.));
#6130=CARTESIAN_POINT('',(-3.24025994390054E-16,0.603250000000001,0.8382));
#6131=CARTESIAN_POINT('Origin',(0.,0.603250000000001,0.));
#6132=CARTESIAN_POINT('Origin',(0.,0.771525000000001,0.));
#6133=CARTESIAN_POINT('Origin',(-0.138054078657684,-0.0380999999999995,
-0.515224835742589));
#6134=CARTESIAN_POINT('',(-0.138054078657684,-0.0253999999999995,-0.469504835742589));
#6135=CARTESIAN_POINT('Origin',(-0.138054078657684,-0.0253999999999992,
-0.515224835742589));
#6136=CARTESIAN_POINT('Origin',(0.138054078657684,-0.0380999999999995,0.515224835742589));
#6137=CARTESIAN_POINT('',(0.138054078657684,-0.0253999999999995,0.560944835742589));
#6138=CARTESIAN_POINT('Origin',(0.138054078657684,-0.0253999999999992,0.515224835742589));
#6139=CARTESIAN_POINT('Origin',(-0.138054078657684,4.06911680008226,-0.515224835742589));
#6140=CARTESIAN_POINT('',(-0.181039405273997,-0.00257262900475453,-0.49964985273493));
#6141=CARTESIAN_POINT('Ctrl Pts',(-0.181039405273997,-0.00257262900475453,
-0.49964985273493));
#6142=CARTESIAN_POINT('Ctrl Pts',(-0.183107296043229,-0.00260201440713993,
-0.50535701530959));
#6143=CARTESIAN_POINT('Ctrl Pts',(-0.184099800210371,-0.00263321818340578,
-0.511858064136438));
#6144=CARTESIAN_POINT('Ctrl Pts',(-0.183246037213122,-0.00269030085365857,
-0.524671025782074));
#6145=CARTESIAN_POINT('Ctrl Pts',(-0.181399769591291,-0.00271620951998784,
-0.530982938437725));
#6146=CARTESIAN_POINT('Ctrl Pts',(-0.175786110979035,-0.00275706653405296,
-0.541747655362301));
#6147=CARTESIAN_POINT('Ctrl Pts',(-0.171667267481745,-0.00277457796889147,
-0.546874435959374));
#6148=CARTESIAN_POINT('Ctrl Pts',(-0.16164957256217,-0.00279776169565626,
-0.554908539251795));
#6149=CARTESIAN_POINT('Ctrl Pts',(-0.155750720987861,-0.00280345746273644,
-0.557815861689825));
#6150=CARTESIAN_POINT('Ctrl Pts',(-0.144023849811682,-0.00280345746273644,
-0.560958067351226));
#6151=CARTESIAN_POINT('Ctrl Pts',(-0.137461633276161,-0.00279776169565626,
-0.561389678050054));
#6152=CARTESIAN_POINT('Ctrl Pts',(-0.124769003342237,-0.00277457796889148,
-0.559440787961977));
#6153=CARTESIAN_POINT('Ctrl Pts',(-0.118638589940835,-0.00275706653405296,
-0.557060287473927));
#6154=CARTESIAN_POINT('Ctrl Pts',(-0.10839466051216,-0.00271620951998784,
-0.550544598458824));
#6155=CARTESIAN_POINT('Ctrl Pts',(-0.103639789521644,-0.00269030085365857,
-0.546001455563477));
#6156=CARTESIAN_POINT('Ctrl Pts',(-0.0964939282543972,-0.00263321818340578,
-0.535331986779266));
#6157=CARTESIAN_POINT('Ctrl Pts',(-0.09410293766308,-0.00260201440713971,
-0.529205661260401));
#6158=CARTESIAN_POINT('Ctrl Pts',(-0.0920924185306561,-0.00254642209643918,
-0.517899126805966));
#6159=CARTESIAN_POINT('Ctrl Pts',(-0.0920832733719714,-0.00251835323319696,
-0.512014907441633));
#6160=CARTESIAN_POINT('Ctrl Pts',(-0.0943225848969851,-0.00246641285837597,
-0.500692973102716));
#6161=CARTESIAN_POINT('Ctrl Pts',(-0.0965710419595568,-0.00244256296048686,
-0.495255258103924));
#6162=CARTESIAN_POINT('Ctrl Pts',(-0.10238195632724,-0.00240480814875409,
-0.486119419389598));
#6163=CARTESIAN_POINT('Ctrl Pts',(-0.106353656012803,-0.00238824745717724,
-0.481777841953383));
#6164=CARTESIAN_POINT('Ctrl Pts',(-0.115658524902483,-0.00236623247519445,
-0.47495006247944));
#6165=CARTESIAN_POINT('Ctrl Pts',(-0.120991694465033,-0.00236080628440959,
-0.472463860839611));
#6166=CARTESIAN_POINT('Ctrl Pts',(-0.131450049366161,-0.00236080628440959,
-0.469661553089695));
#6167=CARTESIAN_POINT('Ctrl Pts',(-0.137311810509934,-0.00236623247519445,
-0.469148082087443));
#6168=CARTESIAN_POINT('Ctrl Pts',(-0.148783953084252,-0.00238824745717724,
-0.470408678118476));
#6169=CARTESIAN_POINT('Ctrl Pts',(-0.154394334626259,-0.00240480814875409,
-0.472182744627953));
#6170=CARTESIAN_POINT('Ctrl Pts',(-0.163994653445052,-0.00244256296048686,
-0.477189155855595));
#6171=CARTESIAN_POINT('Ctrl Pts',(-0.168660731879954,-0.00246641285837597,
-0.480774126651803));
#6172=CARTESIAN_POINT('Ctrl Pts',(-0.176260999717061,-0.00251835323319696,
-0.489459553646778));
#6173=CARTESIAN_POINT('Ctrl Pts',(-0.179195189459486,-0.00254642209643941,
-0.494560009677074));
#6174=CARTESIAN_POINT('Ctrl Pts',(-0.181039405273997,-0.00257262900475453,
-0.49964985273493));
#6175=CARTESIAN_POINT('Origin',(0.138054078657684,4.06911680008226,0.515224835742589));
#6176=CARTESIAN_POINT('',(0.181039405273998,-0.00257262900475453,0.49964985273493));
#6177=CARTESIAN_POINT('Ctrl Pts',(0.181039405273998,-0.00257262900475453,
0.49964985273493));
#6178=CARTESIAN_POINT('Ctrl Pts',(0.183107296043229,-0.00260201440713993,
0.50535701530959));
#6179=CARTESIAN_POINT('Ctrl Pts',(0.184099800210371,-0.00263321818340578,
0.511858064136438));
#6180=CARTESIAN_POINT('Ctrl Pts',(0.183246037213122,-0.00269030085365857,
0.524671025782074));
#6181=CARTESIAN_POINT('Ctrl Pts',(0.181399769591291,-0.00271620951998784,
0.530982938437725));
#6182=CARTESIAN_POINT('Ctrl Pts',(0.175786110979035,-0.00275706653405296,
0.541747655362301));
#6183=CARTESIAN_POINT('Ctrl Pts',(0.171667267481745,-0.00277457796889148,
0.546874435959374));
#6184=CARTESIAN_POINT('Ctrl Pts',(0.16164957256217,-0.00279776169565626,
0.554908539251795));
#6185=CARTESIAN_POINT('Ctrl Pts',(0.155750720987861,-0.00280345746273644,
0.557815861689825));
#6186=CARTESIAN_POINT('Ctrl Pts',(0.144023849811682,-0.00280345746273644,
0.560958067351226));
#6187=CARTESIAN_POINT('Ctrl Pts',(0.137461633276162,-0.00279776169565626,
0.561389678050054));
#6188=CARTESIAN_POINT('Ctrl Pts',(0.124769003342237,-0.00277457796889148,
0.559440787961977));
#6189=CARTESIAN_POINT('Ctrl Pts',(0.118638589940835,-0.00275706653405296,
0.557060287473927));
#6190=CARTESIAN_POINT('Ctrl Pts',(0.10839466051216,-0.00271620951998784,
0.550544598458824));
#6191=CARTESIAN_POINT('Ctrl Pts',(0.103639789521644,-0.00269030085365857,
0.546001455563477));
#6192=CARTESIAN_POINT('Ctrl Pts',(0.0964939282543974,-0.00263321818340578,
0.535331986779266));
#6193=CARTESIAN_POINT('Ctrl Pts',(0.0941029376630802,-0.00260201440713971,
0.529205661260401));
#6194=CARTESIAN_POINT('Ctrl Pts',(0.0920924185306563,-0.00254642209643918,
0.517899126805966));
#6195=CARTESIAN_POINT('Ctrl Pts',(0.0920832733719716,-0.00251835323319696,
0.512014907441633));
#6196=CARTESIAN_POINT('Ctrl Pts',(0.0943225848969853,-0.00246641285837597,
0.500692973102716));
#6197=CARTESIAN_POINT('Ctrl Pts',(0.0965710419595569,-0.00244256296048686,
0.495255258103924));
#6198=CARTESIAN_POINT('Ctrl Pts',(0.10238195632724,-0.00240480814875409,
0.486119419389598));
#6199=CARTESIAN_POINT('Ctrl Pts',(0.106353656012803,-0.00238824745717724,
0.481777841953383));
#6200=CARTESIAN_POINT('Ctrl Pts',(0.115658524902483,-0.00236623247519445,
0.47495006247944));
#6201=CARTESIAN_POINT('Ctrl Pts',(0.120991694465033,-0.00236080628440959,
0.472463860839611));
#6202=CARTESIAN_POINT('Ctrl Pts',(0.131450049366161,-0.00236080628440959,
0.469661553089695));
#6203=CARTESIAN_POINT('Ctrl Pts',(0.137311810509934,-0.00236623247519445,
0.469148082087443));
#6204=CARTESIAN_POINT('Ctrl Pts',(0.148783953084252,-0.00238824745717724,
0.470408678118476));
#6205=CARTESIAN_POINT('Ctrl Pts',(0.15439433462626,-0.00240480814875409,
0.472182744627953));
#6206=CARTESIAN_POINT('Ctrl Pts',(0.163994653445052,-0.00244256296048686,
0.477189155855595));
#6207=CARTESIAN_POINT('Ctrl Pts',(0.168660731879954,-0.00246641285837597,
0.480774126651803));
#6208=CARTESIAN_POINT('Ctrl Pts',(0.176260999717062,-0.00251835323319696,
0.489459553646778));
#6209=CARTESIAN_POINT('Ctrl Pts',(0.179195189459486,-0.00254642209643941,
0.494560009677074));
#6210=CARTESIAN_POINT('Ctrl Pts',(0.181039405273998,-0.00257262900475453,
0.49964985273493));
#6211=CARTESIAN_POINT('Origin',(0.,-0.00187511957485669,0.));
#6212=CARTESIAN_POINT('Origin',(0.,-0.00187511957485669,0.));
#6213=CARTESIAN_POINT('Origin',(0.,1.68456153672642,0.));
#6214=CARTESIAN_POINT('Origin',(-4.41853628713709E-16,2.38506,1.143));
#6215=CARTESIAN_POINT('Origin',(0.,2.76733,0.));
#6216=CARTESIAN_POINT('',(-1.11125,2.55778,-1.3608887555525E-16));
#6217=CARTESIAN_POINT('Origin',(0.,2.55778,0.));
#6218=CARTESIAN_POINT('Origin',(-0.976602853166276,2.92862,-0.976602853166266));
#6219=CARTESIAN_POINT('',(1.21639048048489,2.92862,0.896693362574818));
#6220=CARTESIAN_POINT('',(1.27094106779487,2.92862,0.951243949884797));
#6221=CARTESIAN_POINT('',(0.227093386791813,2.92862,-0.09260373111825));
#6222=CARTESIAN_POINT('',(0.951243949884811,2.92862,1.27094106779486));
#6223=CARTESIAN_POINT('Origin',(-1.22503154153787E-16,2.92862,-3.42124686488022E-16));
#6224=CARTESIAN_POINT('',(0.896693362574831,2.92862,1.21639048048488));
#6225=CARTESIAN_POINT('',(-0.240575691865834,2.92862,0.0791214260442283));
#6226=CARTESIAN_POINT('',(0.398414404755488,2.92862,1.105126022037));
#6227=CARTESIAN_POINT('Origin',(0.55993375803474,2.92862,1.55315008502498));
#6228=CARTESIAN_POINT('',(1.10512602203701,2.92862,0.398414404755476));
#6229=CARTESIAN_POINT('Origin',(-1.22503154153787E-16,2.92862,-3.42124686488022E-16));
#6230=CARTESIAN_POINT('Origin',(1.55315008502498,2.92862,0.559933758034723));
#6231=CARTESIAN_POINT('',(1.06101726070433,2.92862,1.06101726070431));
#6232=CARTESIAN_POINT('Origin',(0.977051865972329,2.92862,0.977051865972319));
#6233=CARTESIAN_POINT('Origin',(-1.53968005391917E-16,3.02387,-4.29999177880494E-16));
#6234=CARTESIAN_POINT('',(1.27094106779487,3.11912,0.951243949884797));
#6235=CARTESIAN_POINT('',(1.27094106779487,3.02387,0.951243949884797));
#6236=CARTESIAN_POINT('',(0.951243949884811,3.11912,1.27094106779486));
#6237=CARTESIAN_POINT('Origin',(-1.85432856630047E-16,3.11912,-5.17873669272965E-16));
#6238=CARTESIAN_POINT('',(0.951243949884811,3.02387,1.27094106779486));
#6239=CARTESIAN_POINT('Origin',(-1.53968005391917E-16,3.02387,-4.29999177880494E-16));
#6240=CARTESIAN_POINT('',(0.625045276480865,3.11912,-1.45927195969393));
#6241=CARTESIAN_POINT('',(0.625045276480865,2.92862,-1.45927195969393));
#6242=CARTESIAN_POINT('',(0.625045276480865,3.02387,-1.45927195969393));
#6243=CARTESIAN_POINT('',(0.188330891899051,2.92862,-1.57628922636568));
#6244=CARTESIAN_POINT('Origin',(-1.22503154153787E-16,2.92862,-3.42124686488022E-16));
#6245=CARTESIAN_POINT('',(0.188330891899051,3.11912,-1.57628922636568));
#6246=CARTESIAN_POINT('',(0.188330891899051,3.02387,-1.57628922636568));
#6247=CARTESIAN_POINT('Origin',(-1.85432856630047E-16,3.11912,-5.17873669272965E-16));
#6248=CARTESIAN_POINT('Origin',(-1.53968005391917E-16,3.02387,-4.29999177880494E-16));
#6249=CARTESIAN_POINT('',(-1.45927195969392,2.92862,0.62504527648088));
#6250=CARTESIAN_POINT('',(-1.45927195969392,3.11912,0.62504527648088));
#6251=CARTESIAN_POINT('',(-1.45927195969392,3.02387,0.62504527648088));
#6252=CARTESIAN_POINT('',(-1.57628922636568,3.11912,0.188330891899067));
#6253=CARTESIAN_POINT('Origin',(-1.85432856630047E-16,3.11912,-5.17873669272965E-16));
#6254=CARTESIAN_POINT('',(-1.57628922636568,2.92862,0.188330891899067));
#6255=CARTESIAN_POINT('',(-1.57628922636568,3.02387,0.188330891899067));
#6256=CARTESIAN_POINT('Origin',(-1.22503154153787E-16,2.92862,-3.42124686488022E-16));
#6257=CARTESIAN_POINT('Origin',(-0.976602853166276,2.92862,-0.976602853166266));
#6258=CARTESIAN_POINT('',(0.605078375734052,2.92862,-1.38475447163714));
#6259=CARTESIAN_POINT('',(0.45690510112128,2.92862,-0.831764282458403));
#6260=CARTESIAN_POINT('',(0.757860007089542,2.92862,-0.89760000677041));
#6261=CARTESIAN_POINT('Origin',(1.06510055050422,2.92862,-1.26149190140706));
#6262=CARTESIAN_POINT('',(-0.207526015266605,2.92862,-1.15627441184503));
#6263=CARTESIAN_POINT('Origin',(-1.22503154153787E-16,2.92862,-3.42124686488022E-16));
#6264=CARTESIAN_POINT('',(0.168363991152238,2.92862,-1.50177173830888));
#6265=CARTESIAN_POINT('Origin',(-0.291658183617932,2.92862,-1.62503430853896));
#6266=CARTESIAN_POINT('',(0.0743522132208746,2.92862,-1.15091500655915));
#6267=CARTESIAN_POINT('',(0.38835927127155,2.92862,-1.44937653197588));
#6268=CARTESIAN_POINT('Origin',(0.357625803760852,2.92862,-1.33467766973319));
#6269=CARTESIAN_POINT('Origin',(-0.976602853166276,2.92862,-0.976602853166266));
#6270=CARTESIAN_POINT('',(-1.38475447163713,2.92862,0.605078375734066));
#6271=CARTESIAN_POINT('',(-0.831764282458398,2.92862,0.456905101121288));
#6272=CARTESIAN_POINT('',(-1.50177173830888,2.92862,0.168363991152253));
#6273=CARTESIAN_POINT('',(-1.15091500655915,2.92862,0.0743522132208868));
#6274=CARTESIAN_POINT('',(-1.15627441184503,2.92862,-0.207526015266594));
#6275=CARTESIAN_POINT('Origin',(-1.62503430853896,2.92862,-0.291658183617915));
#6276=CARTESIAN_POINT('',(-0.897600006770402,2.92862,0.757860007089551));
#6277=CARTESIAN_POINT('Origin',(-1.22503154153787E-16,2.92862,-3.42124686488022E-16));
#6278=CARTESIAN_POINT('Origin',(-1.26149190140705,2.92862,1.06510055050423));
#6279=CARTESIAN_POINT('',(-1.44937653197588,2.92862,0.388359271271565));
#6280=CARTESIAN_POINT('Origin',(-1.33467766973318,2.92862,0.357625803760865));
#6281=CARTESIAN_POINT('Origin',(0.188330891899051,2.92862,-1.57628922636568));
#6282=CARTESIAN_POINT('',(0.168363991152238,3.11912,-1.50177173830889));
#6283=CARTESIAN_POINT('',(0.168363991152238,2.7432,-1.50177173830888));
#6284=CARTESIAN_POINT('',(0.0445637587486069,3.11912,-1.03974298098969));
#6285=CARTESIAN_POINT('Origin',(-1.05500504483593,2.92862,0.516722283118057));
#6286=CARTESIAN_POINT('',(-1.38475447163713,3.11912,0.605078375734066));
#6287=CARTESIAN_POINT('',(-1.38475447163713,2.7432,0.605078375734066));
#6288=CARTESIAN_POINT('',(-0.720592256888941,3.11912,0.427116646649019));
#6289=CARTESIAN_POINT('Origin',(1.27094106779487,2.92862,0.951243949884797));
#6290=CARTESIAN_POINT('',(1.21639048048489,3.11912,0.896693362574818));
#6291=CARTESIAN_POINT('',(1.21639048048489,2.7432,0.896693362574818));
#6292=CARTESIAN_POINT('',(0.389860528986192,3.11912,0.0701634110761274));
#6293=CARTESIAN_POINT('Origin',(1.55315008502498,2.7432,0.559933758034723));
#6294=CARTESIAN_POINT('',(1.10512602203701,3.11912,0.398414404755476));
#6295=CARTESIAN_POINT('',(1.10512602203701,2.7432,0.398414404755476));
#6296=CARTESIAN_POINT('Origin',(1.55315008502498,3.11912,0.559933758034723));
#6297=CARTESIAN_POINT('Origin',(-1.26149190140705,2.7432,1.06510055050423));
#6298=CARTESIAN_POINT('',(-0.897600006770402,3.11912,0.757860007089551));
#6299=CARTESIAN_POINT('',(-0.897600006770402,2.7432,0.757860007089551));
#6300=CARTESIAN_POINT('Origin',(-1.26149190140705,3.11912,1.06510055050423));
#6301=CARTESIAN_POINT('Origin',(-1.57628922636568,2.92862,0.188330891899067));
#6302=CARTESIAN_POINT('',(-1.50177173830888,3.11912,0.168363991152253));
#6303=CARTESIAN_POINT('',(-1.50177173830888,2.7432,0.168363991152253));
#6304=CARTESIAN_POINT('',(-1.03974298098969,3.11912,0.0445637587486178));
#6305=CARTESIAN_POINT('Origin',(-1.62503430853896,2.7432,-0.291658183617915));
#6306=CARTESIAN_POINT('',(-1.15627441184503,3.11912,-0.207526015266594));
#6307=CARTESIAN_POINT('Origin',(-1.62503430853896,3.11912,-0.291658183617915));
#6308=CARTESIAN_POINT('',(-1.15627441184503,2.7432,-0.207526015266593));
#6309=CARTESIAN_POINT('Origin',(-6.12515770768934E-17,2.7432,-1.71062343244011E-16));
#6310=CARTESIAN_POINT('',(0.398414404755488,3.11912,1.105126022037));
#6311=CARTESIAN_POINT('',(0.398414404755488,2.7432,1.105126022037));
#6312=CARTESIAN_POINT('Origin',(-1.85432856630047E-16,3.11912,-5.17873669272965E-16));
#6313=CARTESIAN_POINT('',(-0.207526015266605,3.11912,-1.15627441184503));
#6314=CARTESIAN_POINT('Origin',(-1.85432856630047E-16,3.11912,-5.17873669272965E-16));
#6315=CARTESIAN_POINT('',(-0.207526015266605,2.7432,-1.15627441184503));
#6316=CARTESIAN_POINT('',(0.757860007089542,3.11912,-0.89760000677041));
#6317=CARTESIAN_POINT('',(0.757860007089542,2.7432,-0.89760000677041));
#6318=CARTESIAN_POINT('Origin',(-1.85432856630047E-16,3.11912,-5.17873669272965E-16));
#6319=CARTESIAN_POINT('',(-0.830673691198901,2.55778,-0.830673691198892));
#6320=CARTESIAN_POINT('Origin',(7.33501360860421E-32,2.55778,2.04850989230755E-31));
#6321=CARTESIAN_POINT('Origin',(-0.291658183617932,2.7432,-1.62503430853896));
#6322=CARTESIAN_POINT('Origin',(-0.291658183617932,3.11912,-1.62503430853896));
#6323=CARTESIAN_POINT('Origin',(0.516722283118046,2.92862,-1.05500504483594));
#6324=CARTESIAN_POINT('',(0.605078375734052,3.11912,-1.38475447163714));
#6325=CARTESIAN_POINT('',(0.605078375734052,2.7432,-1.38475447163714));
#6326=CARTESIAN_POINT('',(0.427116646649012,3.11912,-0.720592256888946));
#6327=CARTESIAN_POINT('Origin',(1.06510055050422,2.7432,-1.26149190140706));
#6328=CARTESIAN_POINT('Origin',(1.06510055050422,3.11912,-1.26149190140706));
#6329=CARTESIAN_POINT('Origin',(0.655300028389638,2.92862,0.97499714629969));
#6330=CARTESIAN_POINT('',(0.896693362574831,3.11912,1.21639048048488));
#6331=CARTESIAN_POINT('',(0.896693362574831,2.7432,1.21639048048488));
#6332=CARTESIAN_POINT('',(-0.077808549671455,3.11912,0.241888568238606));
#6333=CARTESIAN_POINT('Origin',(0.55993375803474,2.7432,1.55315008502498));
#6334=CARTESIAN_POINT('Origin',(0.55993375803474,3.11912,1.55315008502498));
#6335=CARTESIAN_POINT('Origin',(0.977051865972331,-1.01502338045147,0.977051865972322));
#6336=CARTESIAN_POINT('',(0.893086471240332,3.11912,0.893086471240322));
#6337=CARTESIAN_POINT('Origin',(0.977051865972329,3.11912,0.977051865972318));
#6338=CARTESIAN_POINT('Origin',(0.357625803760854,-1.01502338045147,-1.33467766973318));
#6339=CARTESIAN_POINT('',(0.326892336250154,3.11912,-1.21997880749049));
#6340=CARTESIAN_POINT('Origin',(0.357625803760852,3.11912,-1.33467766973319));
#6341=CARTESIAN_POINT('Origin',(-1.33467766973318,-1.01502338045147,0.357625803760869));
#6342=CARTESIAN_POINT('',(-1.21997880749049,3.11912,0.326892336250165));
#6343=CARTESIAN_POINT('Origin',(-1.33467766973318,3.11912,0.357625803760865));
#6344=CARTESIAN_POINT('Origin',(4.82947015711943E-15,2.99212,0.92075));
#6345=CARTESIAN_POINT('',(-0.13425482900998,3.11912,0.786495170990016));
#6346=CARTESIAN_POINT('Origin',(4.82947015711943E-15,3.11912,0.92075));
#6347=CARTESIAN_POINT('',(-0.13425482900998,2.86512,0.786495170990017));
#6348=CARTESIAN_POINT('Origin',(4.88498130835069E-15,2.86512,0.92075));
#6349=CARTESIAN_POINT('Origin',(0.92075,2.99212,-5.38458166943201E-15));
#6350=CARTESIAN_POINT('',(0.786495170990017,3.11912,0.134254829009979));
#6351=CARTESIAN_POINT('Origin',(0.92075,3.11912,-5.49560397189452E-15));
#6352=CARTESIAN_POINT('',(0.786495170990017,2.86512,0.134254829009979));
#6353=CARTESIAN_POINT('Origin',(0.92075,2.86512,-5.27355936696949E-15));
#6354=CARTESIAN_POINT('Origin',(-5.16253706450698E-15,2.99212,-0.92075));
#6355=CARTESIAN_POINT('',(0.134254829009979,3.11912,-0.786495170990017));
#6356=CARTESIAN_POINT('Origin',(-5.16253706450698E-15,3.11912,-0.920750000000001));
#6357=CARTESIAN_POINT('',(0.13425482900998,2.86512,-0.786495170990017));
#6358=CARTESIAN_POINT('Origin',(-5.10702591327572E-15,2.86512,-0.92075));
#6359=CARTESIAN_POINT('Origin',(-0.92075,2.99212,4.44089209850063E-15));
#6360=CARTESIAN_POINT('',(-0.786495170990017,3.11912,-0.13425482900998));
#6361=CARTESIAN_POINT('Origin',(-0.92075,3.11912,4.32986979603811E-15));
#6362=CARTESIAN_POINT('',(-0.786495170990017,2.86512,-0.13425482900998));
#6363=CARTESIAN_POINT('Origin',(-0.92075,2.86512,4.55191440096314E-15));
#6364=CARTESIAN_POINT('Origin',(-0.651068568777517,3.11912,-0.651068568777511));
#6365=CARTESIAN_POINT('',(-0.206545890784592,3.11912,-0.20654589078459));
#6366=CARTESIAN_POINT('Origin',(-1.85432856630047E-16,3.11912,-5.17873669272965E-16));
#6367=CARTESIAN_POINT('Origin',(-1.98018797125299E-16,3.15722,-5.53023465829954E-16));
#6368=CARTESIAN_POINT('',(-0.179605122421384,3.15722,-0.179605122421383));
#6369=CARTESIAN_POINT('Origin',(-1.98018797125299E-16,3.15722,-5.53023465829954E-16));
#6370=CARTESIAN_POINT('Origin',(-2.37874275360264E-16,3.27787,-6.64331154927084E-16));
#6371=CARTESIAN_POINT('',(-0.179605122421384,3.42392,-0.179605122421383));
#6372=CARTESIAN_POINT('Origin',(-2.86120380592064E-16,3.42392,-7.99072041728873E-16));
#6373=CARTESIAN_POINT('Origin',(-2.88218037341273E-16,3.43027,-8.04930341155038E-16));
#6374=CARTESIAN_POINT('',(-0.170624866300315,3.43662,-0.170624866300314));
#6375=CARTESIAN_POINT('Origin',(-2.90315694090481E-16,3.43662,-8.10788640581203E-16));
#6376=CARTESIAN_POINT('Origin',(0.92075,2.86512,-5.27355936696949E-15));
#6377=CARTESIAN_POINT('Origin',(-5.10702591327572E-15,2.86512,-0.92075));
#6378=CARTESIAN_POINT('Origin',(4.88498130835069E-15,2.86512,0.92075));
#6379=CARTESIAN_POINT('Origin',(-0.0898025612106922,3.43662,-0.0898025612106918));
#6380=CARTESIAN_POINT('',(-0.131111739367611,3.43662,-0.13111173936761));
#6381=CARTESIAN_POINT('Origin',(-2.90315694090481E-16,3.43662,-8.10788640581203E-16));
#6382=CARTESIAN_POINT('Origin',(1.22109593779066E-15,-1.13870619007651,
3.41025557892145E-15));
#6383=CARTESIAN_POINT('',(-0.113151227125472,3.03022,-0.113151227125471));
#6384=CARTESIAN_POINT('Origin',(-1.56065662141126E-16,3.03022,-4.35857477306658E-16));
#6385=CARTESIAN_POINT('',(-0.113151227125472,3.41122,-0.113151227125472));
#6386=CARTESIAN_POINT('Origin',(-2.81925067093646E-16,3.41122,-7.87355442876544E-16));
#6387=CARTESIAN_POINT('Origin',(-2.86120380592064E-16,3.42392,-7.99072041728873E-16));
#6388=CARTESIAN_POINT('Origin',(-0.812713178956763,2.55778,-0.812713178956754));
#6389=CARTESIAN_POINT('Origin',(-0.92075,2.86512,4.55191440096314E-15));
#6390=CARTESIAN_POINT('Origin',(-1.51870348642708E-16,3.01752,-4.24140878454329E-16));
#6391=UNCERTAINTY_MEASURE_WITH_UNIT(LENGTH_MEASURE(0.001),#6395,
'DISTANCE_ACCURACY_VALUE',
'Maximum model space distance between geometric entities at asserted c
onnectivities');
#6392=UNCERTAINTY_MEASURE_WITH_UNIT(LENGTH_MEASURE(1.E-6),#6396,
'DISTANCE_ACCURACY_VALUE',
'Maximum model space distance between geometric entities at asserted c
onnectivities');
#6393=(
GEOMETRIC_REPRESENTATION_CONTEXT(3)
GLOBAL_UNCERTAINTY_ASSIGNED_CONTEXT((#6391))
GLOBAL_UNIT_ASSIGNED_CONTEXT((#6395,#6399,#6397))
REPRESENTATION_CONTEXT('','3D')
);
#6394=(
GEOMETRIC_REPRESENTATION_CONTEXT(3)
GLOBAL_UNCERTAINTY_ASSIGNED_CONTEXT((#6392))
GLOBAL_UNIT_ASSIGNED_CONTEXT((#6396,#6399,#6397))
REPRESENTATION_CONTEXT('','3D')
);
#6395=(
LENGTH_UNIT()
NAMED_UNIT(*)
SI_UNIT(.CENTI.,.METRE.)
);
#6396=(
LENGTH_UNIT()
NAMED_UNIT(*)
SI_UNIT(.MILLI.,.METRE.)
);
#6397=(
NAMED_UNIT(*)
SI_UNIT($,.STERADIAN.)
SOLID_ANGLE_UNIT()
);
#6398=DIMENSIONAL_EXPONENTS(0.,0.,0.,0.,0.,0.,0.);
#6399=(
CONVERSION_BASED_UNIT('degree',#6401)
NAMED_UNIT(#6398)
PLANE_ANGLE_UNIT()
);
#6400=(
NAMED_UNIT(*)
PLANE_ANGLE_UNIT()
SI_UNIT($,.RADIAN.)
);
#6401=PLANE_ANGLE_MEASURE_WITH_UNIT(PLANE_ANGLE_MEASURE(0.01745329252),
#6400);
#6402=SHAPE_DEFINITION_REPRESENTATION(#6403,#6404);
#6403=PRODUCT_DEFINITION_SHAPE('',$,#6406);
#6404=SHAPE_REPRESENTATION('',(#3605),#6393);
#6405=PRODUCT_DEFINITION_CONTEXT('part definition',#6410,'design');
#6406=PRODUCT_DEFINITION('P5 Simplified','P5 Simplified',#6407,#6405);
#6407=PRODUCT_DEFINITION_FORMATION('',$,#6412);
#6408=PRODUCT_RELATED_PRODUCT_CATEGORY('P5 Simplified','P5 Simplified',
(#6412));
#6409=APPLICATION_PROTOCOL_DEFINITION('international standard',
'automotive_design',2009,#6410);
#6410=APPLICATION_CONTEXT(
'Core Data for Automotive Mechanical Design Process');
#6411=PRODUCT_CONTEXT('part definition',#6410,'mechanical');
#6412=PRODUCT('P5 Simplified','P5 Simplified',$,(#6411));
#6413=PRESENTATION_STYLE_ASSIGNMENT((#6426));
#6414=PRESENTATION_STYLE_ASSIGNMENT((#6427));
#6415=PRESENTATION_STYLE_ASSIGNMENT((#6428));
#6416=PRESENTATION_STYLE_ASSIGNMENT((#6429));
#6417=PRESENTATION_STYLE_ASSIGNMENT((#6430));
#6418=PRESENTATION_STYLE_ASSIGNMENT((#6431));
#6419=PRESENTATION_STYLE_ASSIGNMENT((#6432));
#6420=PRESENTATION_STYLE_ASSIGNMENT((#6433));
#6421=PRESENTATION_STYLE_ASSIGNMENT((#6434));
#6422=PRESENTATION_STYLE_ASSIGNMENT((#6435));
#6423=PRESENTATION_STYLE_ASSIGNMENT((#6436));
#6424=PRESENTATION_STYLE_ASSIGNMENT((#6437));
#6425=PRESENTATION_STYLE_ASSIGNMENT((#6438));
#6426=SURFACE_STYLE_USAGE(.BOTH.,#6439);
#6427=SURFACE_STYLE_USAGE(.BOTH.,#6440);
#6428=SURFACE_STYLE_USAGE(.BOTH.,#6441);
#6429=SURFACE_STYLE_USAGE(.BOTH.,#6442);
#6430=SURFACE_STYLE_USAGE(.BOTH.,#6443);
#6431=SURFACE_STYLE_USAGE(.BOTH.,#6444);
#6432=SURFACE_STYLE_USAGE(.BOTH.,#6445);
#6433=SURFACE_STYLE_USAGE(.BOTH.,#6446);
#6434=SURFACE_STYLE_USAGE(.BOTH.,#6447);
#6435=SURFACE_STYLE_USAGE(.BOTH.,#6448);
#6436=SURFACE_STYLE_USAGE(.BOTH.,#6449);
#6437=SURFACE_STYLE_USAGE(.BOTH.,#6450);
#6438=SURFACE_STYLE_USAGE(.BOTH.,#6451);
#6439=SURFACE_SIDE_STYLE('',(#6452));
#6440=SURFACE_SIDE_STYLE('',(#6453));
#6441=SURFACE_SIDE_STYLE('',(#6454));
#6442=SURFACE_SIDE_STYLE('',(#6455));
#6443=SURFACE_SIDE_STYLE('',(#6456));
#6444=SURFACE_SIDE_STYLE('',(#6457));
#6445=SURFACE_SIDE_STYLE('',(#6458));
#6446=SURFACE_SIDE_STYLE('',(#6459));
#6447=SURFACE_SIDE_STYLE('',(#6460));
#6448=SURFACE_SIDE_STYLE('',(#6461));
#6449=SURFACE_SIDE_STYLE('',(#6462));
#6450=SURFACE_SIDE_STYLE('',(#6463));
#6451=SURFACE_SIDE_STYLE('',(#6464));
#6452=SURFACE_STYLE_FILL_AREA(#6465);
#6453=SURFACE_STYLE_FILL_AREA(#6466);
#6454=SURFACE_STYLE_FILL_AREA(#6467);
#6455=SURFACE_STYLE_FILL_AREA(#6468);
#6456=SURFACE_STYLE_FILL_AREA(#6469);
#6457=SURFACE_STYLE_FILL_AREA(#6470);
#6458=SURFACE_STYLE_FILL_AREA(#6471);
#6459=SURFACE_STYLE_FILL_AREA(#6472);
#6460=SURFACE_STYLE_FILL_AREA(#6473);
#6461=SURFACE_STYLE_FILL_AREA(#6474);
#6462=SURFACE_STYLE_FILL_AREA(#6475);
#6463=SURFACE_STYLE_FILL_AREA(#6476);
#6464=SURFACE_STYLE_FILL_AREA(#6477);
#6465=FILL_AREA_STYLE('',(#6478));
#6466=FILL_AREA_STYLE('',(#6479));
#6467=FILL_AREA_STYLE('',(#6480));
#6468=FILL_AREA_STYLE('',(#6481));
#6469=FILL_AREA_STYLE('',(#6482));
#6470=FILL_AREA_STYLE('',(#6483));
#6471=FILL_AREA_STYLE('',(#6484));
#6472=FILL_AREA_STYLE('',(#6485));
#6473=FILL_AREA_STYLE('',(#6486));
#6474=FILL_AREA_STYLE('',(#6487));
#6475=FILL_AREA_STYLE('',(#6488));
#6476=FILL_AREA_STYLE('',(#6489));
#6477=FILL_AREA_STYLE('',(#6490));
#6478=FILL_AREA_STYLE_COLOUR('',#6491);
#6479=FILL_AREA_STYLE_COLOUR('',#6492);
#6480=FILL_AREA_STYLE_COLOUR('',#6493);
#6481=FILL_AREA_STYLE_COLOUR('',#6494);
#6482=FILL_AREA_STYLE_COLOUR('',#6495);
#6483=FILL_AREA_STYLE_COLOUR('',#6496);
#6484=FILL_AREA_STYLE_COLOUR('',#6497);
#6485=FILL_AREA_STYLE_COLOUR('',#6498);
#6486=FILL_AREA_STYLE_COLOUR('',#6499);
#6487=FILL_AREA_STYLE_COLOUR('',#6500);
#6488=FILL_AREA_STYLE_COLOUR('',#6501);
#6489=FILL_AREA_STYLE_COLOUR('',#6502);
#6490=FILL_AREA_STYLE_COLOUR('',#6503);
#6491=COLOUR_RGB('',0.749019607843137,0.749019607843137,0.749019607843137);
#6492=COLOUR_RGB('',0.501960784313725,0.501960784313725,0.250980392156863);
#6493=COLOUR_RGB('',0.886274509803922,0.862745098039216,0.164705882352941);
#6494=COLOUR_RGB('',0.63921568627451,0.63921568627451,0.686274509803922);
#6495=COLOUR_RGB('',0.231372549019608,0.231372549019608,0.231372549019608);
#6496=COLOUR_RGB('',1.,0.945098039215686,0.694117647058824);
#6497=COLOUR_RGB('',0.63921568627451,0.63921568627451,0.686274509803922);
#6498=COLOUR_RGB('',0.180392156862745,0.541176470588235,0.341176470588235);
#6499=COLOUR_RGB('',0.505882352941176,0.505882352941176,0.505882352941176);
#6500=COLOUR_RGB('',0.0941176470588235,0.145098039215686,0.972549019607843);
#6501=COLOUR_RGB('',0.949019607843137,0.949019607843137,1.);
#6502=COLOUR_RGB('',1.,1.,1.);
#6503=COLOUR_RGB('',0.,0.,0.);
ENDSEC;
END-ISO-10303-21;
